cpu-bind=MASK - n2cn0549, task  0  0 [281521]: mask 0x|BBBBBBBB|BBBBBBBB||BBBBBBBB|BBBBBBBB||BBBBBBBB|BBBBBBBB||BBBBBBBB|BBBBBBBB||||BBBBBBBB|BBBBBBBB||BBBBBBBB|BBBBBBBB||BBBBBBBB|BBBBBBBB||BBBBBBBB|BBBBBBBB| set

Currently Loaded Modules:
  1) pc2fs
  2) slurm/25.11.2-1
  3) DefaultModules                            (S)
  4) compiler/GCCcore/14.2.0
  5) devel/ncurses/6.5-GCCcore-14.2.0
  6) lib/zlib/1.3.1-GCCcore-14.2.0
  7) tools/bzip2/1.0.8-GCCcore-14.2.0
  8) lib/libidn2/2.3.7-GCCcore-14.2.0
  9) lib/libiconv/1.18-GCCcore-14.2.0
 10) lib/libunistring/1.3-GCCcore-14.2.0
 11) lib/libpsl/0.21.5-GCCcore-14.2.0
 12) system/OpenSSL/3
 13) tools/cURL/8.11.1-GCCcore-14.2.0
 14) tools/XZ/5.6.3-GCCcore-14.2.0
 15) tools/libarchive/3.7.7-GCCcore-14.2.0
 16) devel/CMake/3.31.3-GCCcore-14.2.0
 17) tools/binutils/2.42-GCCcore-14.2.0
 18) compiler/GCC/14.2.0
 19) tools/numactl/2.0.19-GCCcore-14.2.0
 20) lib/libxml2/2.13.4-GCCcore-14.2.0
 21) system/libpciaccess/0.18.1-GCCcore-14.2.0
 22) system/hwloc/2.11.2-GCCcore-14.2.0
 23) lib/libevent/2.1.12-GCCcore-14.2.0
 24) lib/UCX/1.18.0-GCCcore-14.2.0
 25) lib/libfabric/2.0.0-GCCcore-14.2.0
 26) lib/PMIx/5.0.6-GCCcore-14.2.0
 27) lib/PRRTE/3.0.8-GCCcore-14.2.0
 28) lib/UCC/1.3.0-GCCcore-14.2.0
 29) mpi/OpenMPI/5.0.7-GCC-14.2.0
 30) toolchain/gompi/2025a
 31) numlib/FFTW/3.3.10-GCC-14.2.0
 32) numlib/FFTW.MPI/3.3.10-gompi-2025a
 33) tools/Szip/2.1.1-GCCcore-14.2.0
 34) data/HDF5/1.14.6-gompi-2025a

  Where:
   S:  Module is Sticky, requires --force to unload or purge
=== strong_cpu_hybrid: N=4096 nodes=128 ranks=512 threads=32 iters=20 ===
cpu-bind=MASK - n2cn0560, task 32  0 [247318]: mask 0x|BBBBBBBB|BBBBBBBB||BBBBBBBB|BBBBBBBB||--------|--------||--------|--------||||--------|--------||--------|--------||--------|--------||--------|--------| set
cpu-bind=MASK - n2cn0564, task 36  0 [278207]: mask 0x|BBBBBBBB|BBBBBBBB||BBBBBBBB|BBBBBBBB||--------|--------||--------|--------||||--------|--------||--------|--------||--------|--------||--------|--------| set
cpu-bind=MASK - n2cn0560, task 33  1 [247319]: mask 0x|--------|--------||--------|--------||BBBBBBBB|BBBBBBBB||BBBBBBBB|BBBBBBBB||||--------|--------||--------|--------||--------|--------||--------|--------| set
cpu-bind=MASK - n2cn0566, task 44  0 [328073]: mask 0x|BBBBBBBB|BBBBBBBB||BBBBBBBB|BBBBBBBB||--------|--------||--------|--------||||--------|--------||--------|--------||--------|--------||--------|--------| set
cpu-bind=MASK - n2cn0570, task 56  0 [316104]: mask 0x|BBBBBBBB|BBBBBBBB||BBBBBBBB|BBBBBBBB||--------|--------||--------|--------||||--------|--------||--------|--------||--------|--------||--------|--------| set
cpu-bind=MASK - n2cn0564, task 37  1 [278208]: mask 0x|--------|--------||--------|--------||BBBBBBBB|BBBBBBBB||BBBBBBBB|BBBBBBBB||||--------|--------||--------|--------||--------|--------||--------|--------| set
cpu-bind=MASK - n2cn0560, task 34  2 [247320]: mask 0x|--------|--------||--------|--------||--------|--------||--------|--------||||BBBBBBBB|BBBBBBBB||BBBBBBBB|BBBBBBBB||--------|--------||--------|--------| set
cpu-bind=MASK - n2cn0566, task 45  1 [328074]: mask 0x|--------|--------||--------|--------||BBBBBBBB|BBBBBBBB||BBBBBBBB|BBBBBBBB||||--------|--------||--------|--------||--------|--------||--------|--------| set
cpu-bind=MASK - n2cn0570, task 57  1 [316105]: mask 0x|--------|--------||--------|--------||BBBBBBBB|BBBBBBBB||BBBBBBBB|BBBBBBBB||||--------|--------||--------|--------||--------|--------||--------|--------| set
cpu-bind=MASK - n2cn0584, task 96  0 [253835]: mask 0x|BBBBBBBB|BBBBBBBB||BBBBBBBB|BBBBBBBB||--------|--------||--------|--------||||--------|--------||--------|--------||--------|--------||--------|--------| set
cpu-bind=MASK - n2cn0564, task 38  2 [278209]: mask 0x|--------|--------||--------|--------||--------|--------||--------|--------||||BBBBBBBB|BBBBBBBB||BBBBBBBB|BBBBBBBB||--------|--------||--------|--------| set
cpu-bind=MASK - n2cn0569, task 52  0 [261108]: mask 0x|BBBBBBBB|BBBBBBBB||BBBBBBBB|BBBBBBBB||--------|--------||--------|--------||||--------|--------||--------|--------||--------|--------||--------|--------| set
cpu-bind=MASK - n2cn0566, task 46  2 [328075]: mask 0x|--------|--------||--------|--------||--------|--------||--------|--------||||BBBBBBBB|BBBBBBBB||BBBBBBBB|BBBBBBBB||--------|--------||--------|--------| set
cpu-bind=MASK - n2cn0570, task 58  2 [316106]: mask 0x|--------|--------||--------|--------||--------|--------||--------|--------||||BBBBBBBB|BBBBBBBB||BBBBBBBB|BBBBBBBB||--------|--------||--------|--------| set
cpu-bind=MASK - n2cn0584, task 97  1 [253836]: mask 0x|--------|--------||--------|--------||BBBBBBBB|BBBBBBBB||BBBBBBBB|BBBBBBBB||||--------|--------||--------|--------||--------|--------||--------|--------| set
cpu-bind=MASK - n2cn1043, task 352  0 [236909]: mask 0x|BBBBBBBB|BBBBBBBB||BBBBBBBB|BBBBBBBB||--------|--------||--------|--------||||--------|--------||--------|--------||--------|--------||--------|--------| set
cpu-bind=MASK - n2cn0565, task 40  0 [254584]: mask 0x|BBBBBBBB|BBBBBBBB||BBBBBBBB|BBBBBBBB||--------|--------||--------|--------||||--------|--------||--------|--------||--------|--------||--------|--------| set
cpu-bind=MASK - n2cn0569, task 53  1 [261109]: mask 0x|--------|--------||--------|--------||BBBBBBBB|BBBBBBBB||BBBBBBBB|BBBBBBBB||||--------|--------||--------|--------||--------|--------||--------|--------| set
cpu-bind=MASK - n2cn0584, task 98  2 [253837]: mask 0x|--------|--------||--------|--------||--------|--------||--------|--------||||BBBBBBBB|BBBBBBBB||BBBBBBBB|BBBBBBBB||--------|--------||--------|--------| set
cpu-bind=MASK - n2cn1043, task 353  1 [236910]: mask 0x|--------|--------||--------|--------||BBBBBBBB|BBBBBBBB||BBBBBBBB|BBBBBBBB||||--------|--------||--------|--------||--------|--------||--------|--------| set
cpu-bind=MASK - n2cn0565, task 41  1 [254585]: mask 0x|--------|--------||--------|--------||BBBBBBBB|BBBBBBBB||BBBBBBBB|BBBBBBBB||||--------|--------||--------|--------||--------|--------||--------|--------| set
cpu-bind=MASK - n2cn0569, task 54  2 [261110]: mask 0x|--------|--------||--------|--------||--------|--------||--------|--------||||BBBBBBBB|BBBBBBBB||BBBBBBBB|BBBBBBBB||--------|--------||--------|--------| set
cpu-bind=MASK - n2cn0571, task 60  0 [242759]: mask 0x|BBBBBBBB|BBBBBBBB||BBBBBBBB|BBBBBBBB||--------|--------||--------|--------||||--------|--------||--------|--------||--------|--------||--------|--------| set
cpu-bind=MASK - n2cn0565, task 42  2 [254586]: mask 0x|--------|--------||--------|--------||--------|--------||--------|--------||||BBBBBBBB|BBBBBBBB||BBBBBBBB|BBBBBBBB||--------|--------||--------|--------| set
cpu-bind=MASK - n2cn1043, task 354  2 [236911]: mask 0x|--------|--------||--------|--------||--------|--------||--------|--------||||BBBBBBBB|BBBBBBBB||BBBBBBBB|BBBBBBBB||--------|--------||--------|--------| set
cpu-bind=MASK - n2cn0571, task 61  1 [242760]: mask 0x|--------|--------||--------|--------||BBBBBBBB|BBBBBBBB||BBBBBBBB|BBBBBBBB||||--------|--------||--------|--------||--------|--------||--------|--------| set
cpu-bind=MASK - n2cn0587, task 108  0 [262276]: mask 0x|BBBBBBBB|BBBBBBBB||BBBBBBBB|BBBBBBBB||--------|--------||--------|--------||||--------|--------||--------|--------||--------|--------||--------|--------| set
cpu-bind=MASK - n2cn0552, task  8  0 [252907]: mask 0x|BBBBBBBB|BBBBBBBB||BBBBBBBB|BBBBBBBB||--------|--------||--------|--------||||--------|--------||--------|--------||--------|--------||--------|--------| set
cpu-bind=MASK - n2cn0589, task 116  0 [297145]: mask 0x|BBBBBBBB|BBBBBBBB||BBBBBBBB|BBBBBBBB||--------|--------||--------|--------||||--------|--------||--------|--------||--------|--------||--------|--------| set
cpu-bind=MASK - n2cn0571, task 62  2 [242761]: mask 0x|--------|--------||--------|--------||--------|--------||--------|--------||||BBBBBBBB|BBBBBBBB||BBBBBBBB|BBBBBBBB||--------|--------||--------|--------| set
cpu-bind=MASK - n2cn0568, task 48  0 [275806]: mask 0x|BBBBBBBB|BBBBBBBB||BBBBBBBB|BBBBBBBB||--------|--------||--------|--------||||--------|--------||--------|--------||--------|--------||--------|--------| set
cpu-bind=MASK - n2cn0587, task 109  1 [262277]: mask 0x|--------|--------||--------|--------||BBBBBBBB|BBBBBBBB||BBBBBBBB|BBBBBBBB||||--------|--------||--------|--------||--------|--------||--------|--------| set
cpu-bind=MASK - n2cn0552, task  9  1 [252908]: mask 0x|--------|--------||--------|--------||BBBBBBBB|BBBBBBBB||BBBBBBBB|BBBBBBBB||||--------|--------||--------|--------||--------|--------||--------|--------| set
cpu-bind=MASK - n2cn0589, task 117  1 [297146]: mask 0x|--------|--------||--------|--------||BBBBBBBB|BBBBBBBB||BBBBBBBB|BBBBBBBB||||--------|--------||--------|--------||--------|--------||--------|--------| set
cpu-bind=MASK - n2cn0593, task 128  0 [716852]: mask 0x|BBBBBBBB|BBBBBBBB||BBBBBBBB|BBBBBBBB||--------|--------||--------|--------||||--------|--------||--------|--------||--------|--------||--------|--------| set
cpu-bind=MASK - n2cn0568, task 49  1 [275807]: mask 0x|--------|--------||--------|--------||BBBBBBBB|BBBBBBBB||BBBBBBBB|BBBBBBBB||||--------|--------||--------|--------||--------|--------||--------|--------| set
cpu-bind=MASK - n2cn0560, task 35  3 [247321]: mask 0x|--------|--------||--------|--------||--------|--------||--------|--------||||--------|--------||--------|--------||BBBBBBBB|BBBBBBBB||BBBBBBBB|BBBBBBBB| set
cpu-bind=MASK - n2cn0587, task 110  2 [262278]: mask 0x|--------|--------||--------|--------||--------|--------||--------|--------||||BBBBBBBB|BBBBBBBB||BBBBBBBB|BBBBBBBB||--------|--------||--------|--------| set
cpu-bind=MASK - n2cn0552, task 10  2 [252909]: mask 0x|--------|--------||--------|--------||--------|--------||--------|--------||||BBBBBBBB|BBBBBBBB||BBBBBBBB|BBBBBBBB||--------|--------||--------|--------| set
cpu-bind=MASK - n2cn0589, task 118  2 [297147]: mask 0x|--------|--------||--------|--------||--------|--------||--------|--------||||BBBBBBBB|BBBBBBBB||BBBBBBBB|BBBBBBBB||--------|--------||--------|--------| set
cpu-bind=MASK - n2cn0593, task 129  1 [716853]: mask 0x|--------|--------||--------|--------||BBBBBBBB|BBBBBBBB||BBBBBBBB|BBBBBBBB||||--------|--------||--------|--------||--------|--------||--------|--------| set
cpu-bind=MASK - n2cn0568, task 50  2 [275808]: mask 0x|--------|--------||--------|--------||--------|--------||--------|--------||||BBBBBBBB|BBBBBBBB||BBBBBBBB|BBBBBBBB||--------|--------||--------|--------| set
cpu-bind=MASK - n2cn0564, task 39  3 [278210]: mask 0x|--------|--------||--------|--------||--------|--------||--------|--------||||--------|--------||--------|--------||BBBBBBBB|BBBBBBBB||BBBBBBBB|BBBBBBBB| set
cpu-bind=MASK - n2cn0768, task 204  0 [302918]: mask 0x|BBBBBBBB|BBBBBBBB||BBBBBBBB|BBBBBBBB||--------|--------||--------|--------||||--------|--------||--------|--------||--------|--------||--------|--------| set
cpu-bind=MASK - n2cn0566, task 47  3 [328076]: mask 0x|--------|--------||--------|--------||--------|--------||--------|--------||||--------|--------||--------|--------||BBBBBBBB|BBBBBBBB||BBBBBBBB|BBBBBBBB| set
cpu-bind=MASK - n2cn0570, task 59  3 [316107]: mask 0x|--------|--------||--------|--------||--------|--------||--------|--------||||--------|--------||--------|--------||BBBBBBBB|BBBBBBBB||BBBBBBBB|BBBBBBBB| set
cpu-bind=MASK - n2cn0593, task 130  2 [716854]: mask 0x|--------|--------||--------|--------||--------|--------||--------|--------||||BBBBBBBB|BBBBBBBB||BBBBBBBB|BBBBBBBB||--------|--------||--------|--------| set
cpu-bind=MASK - n2cn0768, task 205  1 [302919]: mask 0x|--------|--------||--------|--------||BBBBBBBB|BBBBBBBB||BBBBBBBB|BBBBBBBB||||--------|--------||--------|--------||--------|--------||--------|--------| set
cpu-bind=MASK - n2cn0766, task 200  0 [264448]: mask 0x|BBBBBBBB|BBBBBBBB||BBBBBBBB|BBBBBBBB||--------|--------||--------|--------||||--------|--------||--------|--------||--------|--------||--------|--------| set
cpu-bind=MASK - n2cn0584, task 99  3 [253838]: mask 0x|--------|--------||--------|--------||--------|--------||--------|--------||||--------|--------||--------|--------||BBBBBBBB|BBBBBBBB||BBBBBBBB|BBBBBBBB| set
cpu-bind=MASK - n2cn0569, task 55  3 [261111]: mask 0x|--------|--------||--------|--------||--------|--------||--------|--------||||--------|--------||--------|--------||BBBBBBBB|BBBBBBBB||BBBBBBBB|BBBBBBBB| set
cpu-bind=MASK - n2cn0578, task 76  0 [252932]: mask 0x|BBBBBBBB|BBBBBBBB||BBBBBBBB|BBBBBBBB||--------|--------||--------|--------||||--------|--------||--------|--------||--------|--------||--------|--------| set
cpu-bind=MASK - n2cn0766, task 201  1 [264449]: mask 0x|--------|--------||--------|--------||BBBBBBBB|BBBBBBBB||BBBBBBBB|BBBBBBBB||||--------|--------||--------|--------||--------|--------||--------|--------| set
cpu-bind=MASK - n2cn0768, task 206  2 [302920]: mask 0x|--------|--------||--------|--------||--------|--------||--------|--------||||BBBBBBBB|BBBBBBBB||BBBBBBBB|BBBBBBBB||--------|--------||--------|--------| set
cpu-bind=MASK - n2cn0565, task 43  3 [254587]: mask 0x|--------|--------||--------|--------||--------|--------||--------|--------||||--------|--------||--------|--------||BBBBBBBB|BBBBBBBB||BBBBBBBB|BBBBBBBB| set
cpu-bind=MASK - n2cn1043, task 355  3 [236912]: mask 0x|--------|--------||--------|--------||--------|--------||--------|--------||||--------|--------||--------|--------||BBBBBBBB|BBBBBBBB||BBBBBBBB|BBBBBBBB| set
cpu-bind=MASK - n2cn0576, task 68  0 [270948]: mask 0x|BBBBBBBB|BBBBBBBB||BBBBBBBB|BBBBBBBB||--------|--------||--------|--------||||--------|--------||--------|--------||--------|--------||--------|--------| set
cpu-bind=MASK - n2cn0579, task 80  0 [284875]: mask 0x|BBBBBBBB|BBBBBBBB||BBBBBBBB|BBBBBBBB||--------|--------||--------|--------||||--------|--------||--------|--------||--------|--------||--------|--------| set
cpu-bind=MASK - n2cn0578, task 77  1 [252933]: mask 0x|--------|--------||--------|--------||BBBBBBBB|BBBBBBBB||BBBBBBBB|BBBBBBBB||||--------|--------||--------|--------||--------|--------||--------|--------| set
cpu-bind=MASK - n2cn0766, task 202  2 [264450]: mask 0x|--------|--------||--------|--------||--------|--------||--------|--------||||BBBBBBBB|BBBBBBBB||BBBBBBBB|BBBBBBBB||--------|--------||--------|--------| set
cpu-bind=MASK - n2cn0576, task 69  1 [270949]: mask 0x|--------|--------||--------|--------||BBBBBBBB|BBBBBBBB||BBBBBBBB|BBBBBBBB||||--------|--------||--------|--------||--------|--------||--------|--------| set
cpu-bind=MASK - n2cn0580, task 84  0 [249096]: mask 0x|BBBBBBBB|BBBBBBBB||BBBBBBBB|BBBBBBBB||--------|--------||--------|--------||||--------|--------||--------|--------||--------|--------||--------|--------| set
cpu-bind=MASK - n2cn0579, task 81  1 [284876]: mask 0x|--------|--------||--------|--------||BBBBBBBB|BBBBBBBB||BBBBBBBB|BBBBBBBB||||--------|--------||--------|--------||--------|--------||--------|--------| set
cpu-bind=MASK - n2cn0582, task 88  0 [234195]: mask 0x|BBBBBBBB|BBBBBBBB||BBBBBBBB|BBBBBBBB||--------|--------||--------|--------||||--------|--------||--------|--------||--------|--------||--------|--------| set
cpu-bind=MASK - n2cn0594, task 132  0 [245870]: mask 0x|BBBBBBBB|BBBBBBBB||BBBBBBBB|BBBBBBBB||--------|--------||--------|--------||||--------|--------||--------|--------||--------|--------||--------|--------| set
cpu-bind=MASK - n2cn0571, task 63  3 [242762]: mask 0x|--------|--------||--------|--------||--------|--------||--------|--------||||--------|--------||--------|--------||BBBBBBBB|BBBBBBBB||BBBBBBBB|BBBBBBBB| set
cpu-bind=MASK - n2cn0578, task 78  2 [252934]: mask 0x|--------|--------||--------|--------||--------|--------||--------|--------||||BBBBBBBB|BBBBBBBB||BBBBBBBB|BBBBBBBB||--------|--------||--------|--------| set
cpu-bind=MASK - n2cn0757, task 176  0 [260155]: mask 0x|BBBBBBBB|BBBBBBBB||BBBBBBBB|BBBBBBBB||--------|--------||--------|--------||||--------|--------||--------|--------||--------|--------||--------|--------| set
cpu-bind=MASK - n2cn0595, task 136  0 [285091]: mask 0x|BBBBBBBB|BBBBBBBB||BBBBBBBB|BBBBBBBB||--------|--------||--------|--------||||--------|--------||--------|--------||--------|--------||--------|--------| set
cpu-bind=MASK - n2cn0549, task  0  0 [281642]: mask 0x|BBBBBBBB|BBBBBBBB||BBBBBBBB|BBBBBBBB||--------|--------||--------|--------||||--------|--------||--------|--------||--------|--------||--------|--------| set
cpu-bind=MASK - n2cn0592, task 124  0 [291233]: mask 0x|BBBBBBBB|BBBBBBBB||BBBBBBBB|BBBBBBBB||--------|--------||--------|--------||||--------|--------||--------|--------||--------|--------||--------|--------| set
cpu-bind=MASK - n2cn0572, task 64  0 [274011]: mask 0x|BBBBBBBB|BBBBBBBB||BBBBBBBB|BBBBBBBB||--------|--------||--------|--------||||--------|--------||--------|--------||--------|--------||--------|--------| set
cpu-bind=MASK - n2cn0576, task 70  2 [270950]: mask 0x|--------|--------||--------|--------||--------|--------||--------|--------||||BBBBBBBB|BBBBBBBB||BBBBBBBB|BBBBBBBB||--------|--------||--------|--------| set
cpu-bind=MASK - n2cn0580, task 85  1 [249097]: mask 0x|--------|--------||--------|--------||BBBBBBBB|BBBBBBBB||BBBBBBBB|BBBBBBBB||||--------|--------||--------|--------||--------|--------||--------|--------| set
cpu-bind=MASK - n2cn0579, task 82  2 [284877]: mask 0x|--------|--------||--------|--------||--------|--------||--------|--------||||BBBBBBBB|BBBBBBBB||BBBBBBBB|BBBBBBBB||--------|--------||--------|--------| set
cpu-bind=MASK - n2cn0551, task  4  0 [392972]: mask 0x|BBBBBBBB|BBBBBBBB||BBBBBBBB|BBBBBBBB||--------|--------||--------|--------||||--------|--------||--------|--------||--------|--------||--------|--------| set
cpu-bind=MASK - n2cn0582, task 89  1 [234196]: mask 0x|--------|--------||--------|--------||BBBBBBBB|BBBBBBBB||BBBBBBBB|BBBBBBBB||||--------|--------||--------|--------||--------|--------||--------|--------| set
cpu-bind=MASK - n2cn0594, task 133  1 [245871]: mask 0x|--------|--------||--------|--------||BBBBBBBB|BBBBBBBB||BBBBBBBB|BBBBBBBB||||--------|--------||--------|--------||--------|--------||--------|--------| set
cpu-bind=MASK - n2cn0583, task 92  0 [433824]: mask 0x|BBBBBBBB|BBBBBBBB||BBBBBBBB|BBBBBBBB||--------|--------||--------|--------||||--------|--------||--------|--------||--------|--------||--------|--------| set
cpu-bind=MASK - n2cn0757, task 177  1 [260156]: mask 0x|--------|--------||--------|--------||BBBBBBBB|BBBBBBBB||BBBBBBBB|BBBBBBBB||||--------|--------||--------|--------||--------|--------||--------|--------| set
cpu-bind=MASK - n2cn1042, task 348  0 [223087]: mask 0x|BBBBBBBB|BBBBBBBB||BBBBBBBB|BBBBBBBB||--------|--------||--------|--------||||--------|--------||--------|--------||--------|--------||--------|--------| set
cpu-bind=MASK - n2cn0549, task  1  1 [281643]: mask 0x|--------|--------||--------|--------||BBBBBBBB|BBBBBBBB||BBBBBBBB|BBBBBBBB||||--------|--------||--------|--------||--------|--------||--------|--------| set
cpu-bind=MASK - n2cn0595, task 137  1 [285092]: mask 0x|--------|--------||--------|--------||BBBBBBBB|BBBBBBBB||BBBBBBBB|BBBBBBBB||||--------|--------||--------|--------||--------|--------||--------|--------| set
cpu-bind=MASK - n2cn0588, task 112  0 [915352]: mask 0x|BBBBBBBB|BBBBBBBB||BBBBBBBB|BBBBBBBB||--------|--------||--------|--------||||--------|--------||--------|--------||--------|--------||--------|--------| set
cpu-bind=MASK - n2cn0572, task 65  1 [274012]: mask 0x|--------|--------||--------|--------||BBBBBBBB|BBBBBBBB||BBBBBBBB|BBBBBBBB||||--------|--------||--------|--------||--------|--------||--------|--------| set
cpu-bind=MASK - n2cn0592, task 125  1 [291234]: mask 0x|--------|--------||--------|--------||BBBBBBBB|BBBBBBBB||BBBBBBBB|BBBBBBBB||||--------|--------||--------|--------||--------|--------||--------|--------| set
cpu-bind=MASK - n2cn0587, task 111  3 [262279]: mask 0x|--------|--------||--------|--------||--------|--------||--------|--------||||--------|--------||--------|--------||BBBBBBBB|BBBBBBBB||BBBBBBBB|BBBBBBBB| set
cpu-bind=MASK - n2cn0750, task 148  0 [251503]: mask 0x|BBBBBBBB|BBBBBBBB||BBBBBBBB|BBBBBBBB||--------|--------||--------|--------||||--------|--------||--------|--------||--------|--------||--------|--------| set
cpu-bind=MASK - n2cn0580, task 86  2 [249098]: mask 0x|--------|--------||--------|--------||--------|--------||--------|--------||||BBBBBBBB|BBBBBBBB||BBBBBBBB|BBBBBBBB||--------|--------||--------|--------| set
cpu-bind=MASK - n2cn0551, task  5  1 [392973]: mask 0x|--------|--------||--------|--------||BBBBBBBB|BBBBBBBB||BBBBBBBB|BBBBBBBB||||--------|--------||--------|--------||--------|--------||--------|--------| set
cpu-bind=MASK - n2cn0589, task 119  3 [297148]: mask 0x|--------|--------||--------|--------||--------|--------||--------|--------||||--------|--------||--------|--------||BBBBBBBB|BBBBBBBB||BBBBBBBB|BBBBBBBB| set
cpu-bind=MASK - n2cn0582, task 90  2 [234197]: mask 0x|--------|--------||--------|--------||--------|--------||--------|--------||||BBBBBBBB|BBBBBBBB||BBBBBBBB|BBBBBBBB||--------|--------||--------|--------| set
cpu-bind=MASK - n2cn0568, task 51  3 [275809]: mask 0x|--------|--------||--------|--------||--------|--------||--------|--------||||--------|--------||--------|--------||BBBBBBBB|BBBBBBBB||BBBBBBBB|BBBBBBBB| set
cpu-bind=MASK - n2cn0594, task 134  2 [245872]: mask 0x|--------|--------||--------|--------||--------|--------||--------|--------||||BBBBBBBB|BBBBBBBB||BBBBBBBB|BBBBBBBB||--------|--------||--------|--------| set
cpu-bind=MASK - n2cn1039, task 336  0 [231674]: mask 0x|BBBBBBBB|BBBBBBBB||BBBBBBBB|BBBBBBBB||--------|--------||--------|--------||||--------|--------||--------|--------||--------|--------||--------|--------| set
cpu-bind=MASK - n2cn0757, task 178  2 [260157]: mask 0x|--------|--------||--------|--------||--------|--------||--------|--------||||BBBBBBBB|BBBBBBBB||BBBBBBBB|BBBBBBBB||--------|--------||--------|--------| set
cpu-bind=MASK - n2cn0552, task 11  3 [252910]: mask 0x|--------|--------||--------|--------||--------|--------||--------|--------||||--------|--------||--------|--------||BBBBBBBB|BBBBBBBB||BBBBBBBB|BBBBBBBB| set
cpu-bind=MASK - n2cn1042, task 349  1 [223088]: mask 0x|--------|--------||--------|--------||BBBBBBBB|BBBBBBBB||BBBBBBBB|BBBBBBBB||||--------|--------||--------|--------||--------|--------||--------|--------| set
cpu-bind=MASK - n2cn0583, task 93  1 [433825]: mask 0x|--------|--------||--------|--------||BBBBBBBB|BBBBBBBB||BBBBBBBB|BBBBBBBB||||--------|--------||--------|--------||--------|--------||--------|--------| set
cpu-bind=MASK - n2cn0549, task  2  2 [281644]: mask 0x|--------|--------||--------|--------||--------|--------||--------|--------||||BBBBBBBB|BBBBBBBB||BBBBBBBB|BBBBBBBB||--------|--------||--------|--------| set
cpu-bind=MASK - n2cn0595, task 138  2 [285093]: mask 0x|--------|--------||--------|--------||--------|--------||--------|--------||||BBBBBBBB|BBBBBBBB||BBBBBBBB|BBBBBBBB||--------|--------||--------|--------| set
cpu-bind=MASK - n2cn0588, task 113  1 [915353]: mask 0x|--------|--------||--------|--------||BBBBBBBB|BBBBBBBB||BBBBBBBB|BBBBBBBB||||--------|--------||--------|--------||--------|--------||--------|--------| set
cpu-bind=MASK - n2cn0572, task 66  2 [274013]: mask 0x|--------|--------||--------|--------||--------|--------||--------|--------||||BBBBBBBB|BBBBBBBB||BBBBBBBB|BBBBBBBB||--------|--------||--------|--------| set
cpu-bind=MASK - n2cn0592, task 126  2 [291235]: mask 0x|--------|--------||--------|--------||--------|--------||--------|--------||||BBBBBBBB|BBBBBBBB||BBBBBBBB|BBBBBBBB||--------|--------||--------|--------| set
cpu-bind=MASK - n2cn0551, task  6  2 [392974]: mask 0x|--------|--------||--------|--------||--------|--------||--------|--------||||BBBBBBBB|BBBBBBBB||BBBBBBBB|BBBBBBBB||--------|--------||--------|--------| set
cpu-bind=MASK - n2cn0750, task 149  1 [251504]: mask 0x|--------|--------||--------|--------||BBBBBBBB|BBBBBBBB||BBBBBBBB|BBBBBBBB||||--------|--------||--------|--------||--------|--------||--------|--------| set
cpu-bind=MASK - n2cn1039, task 337  1 [231675]: mask 0x|--------|--------||--------|--------||BBBBBBBB|BBBBBBBB||BBBBBBBB|BBBBBBBB||||--------|--------||--------|--------||--------|--------||--------|--------| set
cpu-bind=MASK - n2cn0593, task 131  3 [716855]: mask 0x|--------|--------||--------|--------||--------|--------||--------|--------||||--------|--------||--------|--------||BBBBBBBB|BBBBBBBB||BBBBBBBB|BBBBBBBB| set
cpu-bind=MASK - n2cn0583, task 94  2 [433826]: mask 0x|--------|--------||--------|--------||--------|--------||--------|--------||||BBBBBBBB|BBBBBBBB||BBBBBBBB|BBBBBBBB||--------|--------||--------|--------| set
cpu-bind=MASK - n2cn1042, task 350  2 [223089]: mask 0x|--------|--------||--------|--------||--------|--------||--------|--------||||BBBBBBBB|BBBBBBBB||BBBBBBBB|BBBBBBBB||--------|--------||--------|--------| set
cpu-bind=MASK - n2cn0588, task 114  2 [915354]: mask 0x|--------|--------||--------|--------||--------|--------||--------|--------||||BBBBBBBB|BBBBBBBB||BBBBBBBB|BBBBBBBB||--------|--------||--------|--------| set
cpu-bind=MASK - n2cn1041, task 344  0 [313483]: mask 0x|BBBBBBBB|BBBBBBBB||BBBBBBBB|BBBBBBBB||--------|--------||--------|--------||||--------|--------||--------|--------||--------|--------||--------|--------| set
cpu-bind=MASK - n2cn0750, task 150  2 [251505]: mask 0x|--------|--------||--------|--------||--------|--------||--------|--------||||BBBBBBBB|BBBBBBBB||BBBBBBBB|BBBBBBBB||--------|--------||--------|--------| set
cpu-bind=MASK - n2cn1039, task 338  2 [231676]: mask 0x|--------|--------||--------|--------||--------|--------||--------|--------||||BBBBBBBB|BBBBBBBB||BBBBBBBB|BBBBBBBB||--------|--------||--------|--------| set
cpu-bind=MASK - n2cn1037, task 328  0 [316949]: mask 0x|BBBBBBBB|BBBBBBBB||BBBBBBBB|BBBBBBBB||--------|--------||--------|--------||||--------|--------||--------|--------||--------|--------||--------|--------| set
cpu-bind=MASK - n2cn0776, task 224  0 [232794]: mask 0x|BBBBBBBB|BBBBBBBB||BBBBBBBB|BBBBBBBB||--------|--------||--------|--------||||--------|--------||--------|--------||--------|--------||--------|--------| set
cpu-bind=MASK - n2cn1041, task 345  1 [313484]: mask 0x|--------|--------||--------|--------||BBBBBBBB|BBBBBBBB||BBBBBBBB|BBBBBBBB||||--------|--------||--------|--------||--------|--------||--------|--------| set
cpu-bind=MASK - n2cn1037, task 329  1 [316950]: mask 0x|--------|--------||--------|--------||BBBBBBBB|BBBBBBBB||BBBBBBBB|BBBBBBBB||||--------|--------||--------|--------||--------|--------||--------|--------| set
cpu-bind=MASK - n2cn0768, task 207  3 [302921]: mask 0x|--------|--------||--------|--------||--------|--------||--------|--------||||--------|--------||--------|--------||BBBBBBBB|BBBBBBBB||BBBBBBBB|BBBBBBBB| set
cpu-bind=MASK - n2cn0776, task 225  1 [232795]: mask 0x|--------|--------||--------|--------||BBBBBBBB|BBBBBBBB||BBBBBBBB|BBBBBBBB||||--------|--------||--------|--------||--------|--------||--------|--------| set
cpu-bind=MASK - n2cn0766, task 203  3 [264451]: mask 0x|--------|--------||--------|--------||--------|--------||--------|--------||||--------|--------||--------|--------||BBBBBBBB|BBBBBBBB||BBBBBBBB|BBBBBBBB| set
cpu-bind=MASK - n2cn1041, task 346  2 [313485]: mask 0x|--------|--------||--------|--------||--------|--------||--------|--------||||BBBBBBBB|BBBBBBBB||BBBBBBBB|BBBBBBBB||--------|--------||--------|--------| set
cpu-bind=MASK - n2cn1037, task 330  2 [316951]: mask 0x|--------|--------||--------|--------||--------|--------||--------|--------||||BBBBBBBB|BBBBBBBB||BBBBBBBB|BBBBBBBB||--------|--------||--------|--------| set
cpu-bind=MASK - n2cn0578, task 79  3 [252935]: mask 0x|--------|--------||--------|--------||--------|--------||--------|--------||||--------|--------||--------|--------||BBBBBBBB|BBBBBBBB||BBBBBBBB|BBBBBBBB| set
cpu-bind=MASK - n2cn0776, task 226  2 [232796]: mask 0x|--------|--------||--------|--------||--------|--------||--------|--------||||BBBBBBBB|BBBBBBBB||BBBBBBBB|BBBBBBBB||--------|--------||--------|--------| set
cpu-bind=MASK - n2cn0576, task 71  3 [270951]: mask 0x|--------|--------||--------|--------||--------|--------||--------|--------||||--------|--------||--------|--------||BBBBBBBB|BBBBBBBB||BBBBBBBB|BBBBBBBB| set
cpu-bind=MASK - n2cn0579, task 83  3 [284878]: mask 0x|--------|--------||--------|--------||--------|--------||--------|--------||||--------|--------||--------|--------||BBBBBBBB|BBBBBBBB||BBBBBBBB|BBBBBBBB| set
cpu-bind=MASK - n2cn1040, task 340  0 [261535]: mask 0x|BBBBBBBB|BBBBBBBB||BBBBBBBB|BBBBBBBB||--------|--------||--------|--------||||--------|--------||--------|--------||--------|--------||--------|--------| set
cpu-bind=MASK - n2cn0580, task 87  3 [249099]: mask 0x|--------|--------||--------|--------||--------|--------||--------|--------||||--------|--------||--------|--------||BBBBBBBB|BBBBBBBB||BBBBBBBB|BBBBBBBB| set
cpu-bind=MASK - n2cn0594, task 135  3 [245873]: mask 0x|--------|--------||--------|--------||--------|--------||--------|--------||||--------|--------||--------|--------||BBBBBBBB|BBBBBBBB||BBBBBBBB|BBBBBBBB| set
cpu-bind=MASK - n2cn0549, task  3  3 [281645]: mask 0x|--------|--------||--------|--------||--------|--------||--------|--------||||--------|--------||--------|--------||BBBBBBBB|BBBBBBBB||BBBBBBBB|BBBBBBBB| set
cpu-bind=MASK - n2cn0582, task 91  3 [234198]: mask 0x|--------|--------||--------|--------||--------|--------||--------|--------||||--------|--------||--------|--------||BBBBBBBB|BBBBBBBB||BBBBBBBB|BBBBBBBB| set
cpu-bind=MASK - n2cn0595, task 139  3 [285094]: mask 0x|--------|--------||--------|--------||--------|--------||--------|--------||||--------|--------||--------|--------||BBBBBBBB|BBBBBBBB||BBBBBBBB|BBBBBBBB| set
cpu-bind=MASK - n2cn0757, task 179  3 [260158]: mask 0x|--------|--------||--------|--------||--------|--------||--------|--------||||--------|--------||--------|--------||BBBBBBBB|BBBBBBBB||BBBBBBBB|BBBBBBBB| set
cpu-bind=MASK - n2cn0572, task 67  3 [274014]: mask 0x|--------|--------||--------|--------||--------|--------||--------|--------||||--------|--------||--------|--------||BBBBBBBB|BBBBBBBB||BBBBBBBB|BBBBBBBB| set
cpu-bind=MASK - n2cn0592, task 127  3 [291236]: mask 0x|--------|--------||--------|--------||--------|--------||--------|--------||||--------|--------||--------|--------||BBBBBBBB|BBBBBBBB||BBBBBBBB|BBBBBBBB| set
cpu-bind=MASK - n2cn1040, task 341  1 [261536]: mask 0x|--------|--------||--------|--------||BBBBBBBB|BBBBBBBB||BBBBBBBB|BBBBBBBB||||--------|--------||--------|--------||--------|--------||--------|--------| set
cpu-bind=MASK - n2cn0551, task  7  3 [392975]: mask 0x|--------|--------||--------|--------||--------|--------||--------|--------||||--------|--------||--------|--------||BBBBBBBB|BBBBBBBB||BBBBBBBB|BBBBBBBB| set
cpu-bind=MASK - n2cn0583, task 95  3 [433827]: mask 0x|--------|--------||--------|--------||--------|--------||--------|--------||||--------|--------||--------|--------||BBBBBBBB|BBBBBBBB||BBBBBBBB|BBBBBBBB| set
cpu-bind=MASK - n2cn1040, task 342  2 [261537]: mask 0x|--------|--------||--------|--------||--------|--------||--------|--------||||BBBBBBBB|BBBBBBBB||BBBBBBBB|BBBBBBBB||--------|--------||--------|--------| set
cpu-bind=MASK - n2cn1042, task 351  3 [223090]: mask 0x|--------|--------||--------|--------||--------|--------||--------|--------||||--------|--------||--------|--------||BBBBBBBB|BBBBBBBB||BBBBBBBB|BBBBBBBB| set
cpu-bind=MASK - n2cn1039, task 339  3 [231677]: mask 0x|--------|--------||--------|--------||--------|--------||--------|--------||||--------|--------||--------|--------||BBBBBBBB|BBBBBBBB||BBBBBBBB|BBBBBBBB| set
cpu-bind=MASK - n2cn0588, task 115  3 [915355]: mask 0x|--------|--------||--------|--------||--------|--------||--------|--------||||--------|--------||--------|--------||BBBBBBBB|BBBBBBBB||BBBBBBBB|BBBBBBBB| set
cpu-bind=MASK - n2cn0750, task 151  3 [251506]: mask 0x|--------|--------||--------|--------||--------|--------||--------|--------||||--------|--------||--------|--------||BBBBBBBB|BBBBBBBB||BBBBBBBB|BBBBBBBB| set
cpu-bind=MASK - n2cn1041, task 347  3 [313486]: mask 0x|--------|--------||--------|--------||--------|--------||--------|--------||||--------|--------||--------|--------||BBBBBBBB|BBBBBBBB||BBBBBBBB|BBBBBBBB| set
cpu-bind=MASK - n2cn1037, task 331  3 [316952]: mask 0x|--------|--------||--------|--------||--------|--------||--------|--------||||--------|--------||--------|--------||BBBBBBBB|BBBBBBBB||BBBBBBBB|BBBBBBBB| set
cpu-bind=MASK - n2cn0776, task 227  3 [232797]: mask 0x|--------|--------||--------|--------||--------|--------||--------|--------||||--------|--------||--------|--------||BBBBBBBB|BBBBBBBB||BBBBBBBB|BBBBBBBB| set
cpu-bind=MASK - n2cn0770, task 212  0 [347403]: mask 0x|BBBBBBBB|BBBBBBBB||BBBBBBBB|BBBBBBBB||--------|--------||--------|--------||||--------|--------||--------|--------||--------|--------||--------|--------| set
cpu-bind=MASK - n2cn1069, task 428  0 [351058]: mask 0x|BBBBBBBB|BBBBBBBB||BBBBBBBB|BBBBBBBB||--------|--------||--------|--------||||--------|--------||--------|--------||--------|--------||--------|--------| set
cpu-bind=MASK - n2cn0770, task 213  1 [347404]: mask 0x|--------|--------||--------|--------||BBBBBBBB|BBBBBBBB||BBBBBBBB|BBBBBBBB||||--------|--------||--------|--------||--------|--------||--------|--------| set
cpu-bind=MASK - n2cn1069, task 429  1 [351059]: mask 0x|--------|--------||--------|--------||BBBBBBBB|BBBBBBBB||BBBBBBBB|BBBBBBBB||||--------|--------||--------|--------||--------|--------||--------|--------| set
cpu-bind=MASK - n2cn0770, task 214  2 [347405]: mask 0x|--------|--------||--------|--------||--------|--------||--------|--------||||BBBBBBBB|BBBBBBBB||BBBBBBBB|BBBBBBBB||--------|--------||--------|--------| set
cpu-bind=MASK - n2cn1069, task 430  2 [351060]: mask 0x|--------|--------||--------|--------||--------|--------||--------|--------||||BBBBBBBB|BBBBBBBB||BBBBBBBB|BBBBBBBB||--------|--------||--------|--------| set
cpu-bind=MASK - n2cn1040, task 343  3 [261538]: mask 0x|--------|--------||--------|--------||--------|--------||--------|--------||||--------|--------||--------|--------||BBBBBBBB|BBBBBBBB||BBBBBBBB|BBBBBBBB| set
cpu-bind=MASK - n2cn1070, task 432  0 [303321]: mask 0x|BBBBBBBB|BBBBBBBB||BBBBBBBB|BBBBBBBB||--------|--------||--------|--------||||--------|--------||--------|--------||--------|--------||--------|--------| set
cpu-bind=MASK - n2cn1070, task 433  1 [303322]: mask 0x|--------|--------||--------|--------||BBBBBBBB|BBBBBBBB||BBBBBBBB|BBBBBBBB||||--------|--------||--------|--------||--------|--------||--------|--------| set
cpu-bind=MASK - n2cn0596, task 140  0 [260691]: mask 0x|BBBBBBBB|BBBBBBBB||BBBBBBBB|BBBBBBBB||--------|--------||--------|--------||||--------|--------||--------|--------||--------|--------||--------|--------| set
cpu-bind=MASK - n2cn1070, task 434  2 [303323]: mask 0x|--------|--------||--------|--------||--------|--------||--------|--------||||BBBBBBBB|BBBBBBBB||BBBBBBBB|BBBBBBBB||--------|--------||--------|--------| set
cpu-bind=MASK - n2cn0596, task 141  1 [260692]: mask 0x|--------|--------||--------|--------||BBBBBBBB|BBBBBBBB||BBBBBBBB|BBBBBBBB||||--------|--------||--------|--------||--------|--------||--------|--------| set
cpu-bind=MASK - n2cn0596, task 142  2 [260693]: mask 0x|--------|--------||--------|--------||--------|--------||--------|--------||||BBBBBBBB|BBBBBBBB||BBBBBBBB|BBBBBBBB||--------|--------||--------|--------| set
cpu-bind=MASK - n2cn0770, task 215  3 [347406]: mask 0x|--------|--------||--------|--------||--------|--------||--------|--------||||--------|--------||--------|--------||BBBBBBBB|BBBBBBBB||BBBBBBBB|BBBBBBBB| set
cpu-bind=MASK - n2cn1069, task 431  3 [351061]: mask 0x|--------|--------||--------|--------||--------|--------||--------|--------||||--------|--------||--------|--------||BBBBBBBB|BBBBBBBB||BBBBBBBB|BBBBBBBB| set
cpu-bind=MASK - n2cn0590, task 120  0 [242949]: mask 0x|BBBBBBBB|BBBBBBBB||BBBBBBBB|BBBBBBBB||--------|--------||--------|--------||||--------|--------||--------|--------||--------|--------||--------|--------| set
cpu-bind=MASK - n2cn1070, task 435  3 [303324]: mask 0x|--------|--------||--------|--------||--------|--------||--------|--------||||--------|--------||--------|--------||BBBBBBBB|BBBBBBBB||BBBBBBBB|BBBBBBBB| set
cpu-bind=MASK - n2cn0590, task 121  1 [242950]: mask 0x|--------|--------||--------|--------||BBBBBBBB|BBBBBBBB||BBBBBBBB|BBBBBBBB||||--------|--------||--------|--------||--------|--------||--------|--------| set
cpu-bind=MASK - n2cn0590, task 122  2 [242951]: mask 0x|--------|--------||--------|--------||--------|--------||--------|--------||||BBBBBBBB|BBBBBBBB||BBBBBBBB|BBBBBBBB||--------|--------||--------|--------| set
cpu-bind=MASK - n2cn0596, task 143  3 [260694]: mask 0x|--------|--------||--------|--------||--------|--------||--------|--------||||--------|--------||--------|--------||BBBBBBBB|BBBBBBBB||BBBBBBBB|BBBBBBBB| set
cpu-bind=MASK - n2cn0782, task 248  0 [246605]: mask 0x|BBBBBBBB|BBBBBBBB||BBBBBBBB|BBBBBBBB||--------|--------||--------|--------||||--------|--------||--------|--------||--------|--------||--------|--------| set
cpu-bind=MASK - n2cn0782, task 249  1 [246606]: mask 0x|--------|--------||--------|--------||BBBBBBBB|BBBBBBBB||BBBBBBBB|BBBBBBBB||||--------|--------||--------|--------||--------|--------||--------|--------| set
cpu-bind=MASK - n2cn1038, task 332  0 [226425]: mask 0x|BBBBBBBB|BBBBBBBB||BBBBBBBB|BBBBBBBB||--------|--------||--------|--------||||--------|--------||--------|--------||--------|--------||--------|--------| set
cpu-bind=MASK - n2cn0782, task 250  2 [246607]: mask 0x|--------|--------||--------|--------||--------|--------||--------|--------||||BBBBBBBB|BBBBBBBB||BBBBBBBB|BBBBBBBB||--------|--------||--------|--------| set
cpu-bind=MASK - n2cn1038, task 333  1 [226426]: mask 0x|--------|--------||--------|--------||BBBBBBBB|BBBBBBBB||BBBBBBBB|BBBBBBBB||||--------|--------||--------|--------||--------|--------||--------|--------| set
cpu-bind=MASK - n2cn1087, task 472  0 [1909046]: mask 0x|BBBBBBBB|BBBBBBBB||BBBBBBBB|BBBBBBBB||--------|--------||--------|--------||||--------|--------||--------|--------||--------|--------||--------|--------| set
cpu-bind=MASK - n2cn1038, task 334  2 [226427]: mask 0x|--------|--------||--------|--------||--------|--------||--------|--------||||BBBBBBBB|BBBBBBBB||BBBBBBBB|BBBBBBBB||--------|--------||--------|--------| set
cpu-bind=MASK - n2cn0772, task 220  0 [316657]: mask 0x|BBBBBBBB|BBBBBBBB||BBBBBBBB|BBBBBBBB||--------|--------||--------|--------||||--------|--------||--------|--------||--------|--------||--------|--------| set
cpu-bind=MASK - n2cn1087, task 473  1 [1909047]: mask 0x|--------|--------||--------|--------||BBBBBBBB|BBBBBBBB||BBBBBBBB|BBBBBBBB||||--------|--------||--------|--------||--------|--------||--------|--------| set
cpu-bind=MASK - n2cn0772, task 221  1 [316658]: mask 0x|--------|--------||--------|--------||BBBBBBBB|BBBBBBBB||BBBBBBBB|BBBBBBBB||||--------|--------||--------|--------||--------|--------||--------|--------| set
cpu-bind=MASK - n2cn1087, task 474  2 [1909048]: mask 0x|--------|--------||--------|--------||--------|--------||--------|--------||||BBBBBBBB|BBBBBBBB||BBBBBBBB|BBBBBBBB||--------|--------||--------|--------| set
cpu-bind=MASK - n2cn0772, task 222  2 [316659]: mask 0x|--------|--------||--------|--------||--------|--------||--------|--------||||BBBBBBBB|BBBBBBBB||BBBBBBBB|BBBBBBBB||--------|--------||--------|--------| set
cpu-bind=MASK - n2cn0590, task 123  3 [242952]: mask 0x|--------|--------||--------|--------||--------|--------||--------|--------||||--------|--------||--------|--------||BBBBBBBB|BBBBBBBB||BBBBBBBB|BBBBBBBB| set
cpu-bind=MASK - n2cn0577, task 72  0 [324426]: mask 0x|BBBBBBBB|BBBBBBBB||BBBBBBBB|BBBBBBBB||--------|--------||--------|--------||||--------|--------||--------|--------||--------|--------||--------|--------| set
cpu-bind=MASK - n2cn0782, task 251  3 [246608]: mask 0x|--------|--------||--------|--------||--------|--------||--------|--------||||--------|--------||--------|--------||BBBBBBBB|BBBBBBBB||BBBBBBBB|BBBBBBBB| set
cpu-bind=MASK - n2cn0577, task 73  1 [324427]: mask 0x|--------|--------||--------|--------||BBBBBBBB|BBBBBBBB||BBBBBBBB|BBBBBBBB||||--------|--------||--------|--------||--------|--------||--------|--------| set
cpu-bind=MASK - n2cn0577, task 74  2 [324428]: mask 0x|--------|--------||--------|--------||--------|--------||--------|--------||||BBBBBBBB|BBBBBBBB||BBBBBBBB|BBBBBBBB||--------|--------||--------|--------| set
cpu-bind=MASK - n2cn1038, task 335  3 [226428]: mask 0x|--------|--------||--------|--------||--------|--------||--------|--------||||--------|--------||--------|--------||BBBBBBBB|BBBBBBBB||BBBBBBBB|BBBBBBBB| set
cpu-bind=MASK - n2cn1087, task 475  3 [1909049]: mask 0x|--------|--------||--------|--------||--------|--------||--------|--------||||--------|--------||--------|--------||BBBBBBBB|BBBBBBBB||BBBBBBBB|BBBBBBBB| set
cpu-bind=MASK - n2cn0772, task 223  3 [316660]: mask 0x|--------|--------||--------|--------||--------|--------||--------|--------||||--------|--------||--------|--------||BBBBBBBB|BBBBBBBB||BBBBBBBB|BBBBBBBB| set
cpu-bind=MASK - n2cn0577, task 75  3 [324429]: mask 0x|--------|--------||--------|--------||--------|--------||--------|--------||||--------|--------||--------|--------||BBBBBBBB|BBBBBBBB||BBBBBBBB|BBBBBBBB| set
cpu-bind=MASK - n2cn0585, task 100  0 [325175]: mask 0x|BBBBBBBB|BBBBBBBB||BBBBBBBB|BBBBBBBB||--------|--------||--------|--------||||--------|--------||--------|--------||--------|--------||--------|--------| set
cpu-bind=MASK - n2cn0585, task 101  1 [325176]: mask 0x|--------|--------||--------|--------||BBBBBBBB|BBBBBBBB||BBBBBBBB|BBBBBBBB||||--------|--------||--------|--------||--------|--------||--------|--------| set
cpu-bind=MASK - n2cn0781, task 244  0 [285214]: mask 0x|BBBBBBBB|BBBBBBBB||BBBBBBBB|BBBBBBBB||--------|--------||--------|--------||||--------|--------||--------|--------||--------|--------||--------|--------| set
cpu-bind=MASK - n2cn0780, task 240  0 [232083]: mask 0x|BBBBBBBB|BBBBBBBB||BBBBBBBB|BBBBBBBB||--------|--------||--------|--------||||--------|--------||--------|--------||--------|--------||--------|--------| set
cpu-bind=MASK - n2cn0585, task 102  2 [325177]: mask 0x|--------|--------||--------|--------||--------|--------||--------|--------||||BBBBBBBB|BBBBBBBB||BBBBBBBB|BBBBBBBB||--------|--------||--------|--------| set
cpu-bind=MASK - n2cn0781, task 245  1 [285215]: mask 0x|--------|--------||--------|--------||BBBBBBBB|BBBBBBBB||BBBBBBBB|BBBBBBBB||||--------|--------||--------|--------||--------|--------||--------|--------| set
cpu-bind=MASK - n2cn0780, task 241  1 [232084]: mask 0x|--------|--------||--------|--------||BBBBBBBB|BBBBBBBB||BBBBBBBB|BBBBBBBB||||--------|--------||--------|--------||--------|--------||--------|--------| set
cpu-bind=MASK - n2cn1044, task 356  0 [281127]: mask 0x|BBBBBBBB|BBBBBBBB||BBBBBBBB|BBBBBBBB||--------|--------||--------|--------||||--------|--------||--------|--------||--------|--------||--------|--------| set
cpu-bind=MASK - n2cn0781, task 246  2 [285216]: mask 0x|--------|--------||--------|--------||--------|--------||--------|--------||||BBBBBBBB|BBBBBBBB||BBBBBBBB|BBBBBBBB||--------|--------||--------|--------| set
cpu-bind=MASK - n2cn0780, task 242  2 [232085]: mask 0x|--------|--------||--------|--------||--------|--------||--------|--------||||BBBBBBBB|BBBBBBBB||BBBBBBBB|BBBBBBBB||--------|--------||--------|--------| set
cpu-bind=MASK - n2cn1044, task 357  1 [281128]: mask 0x|--------|--------||--------|--------||BBBBBBBB|BBBBBBBB||BBBBBBBB|BBBBBBBB||||--------|--------||--------|--------||--------|--------||--------|--------| set
cpu-bind=MASK - n2cn1044, task 358  2 [281129]: mask 0x|--------|--------||--------|--------||--------|--------||--------|--------||||BBBBBBBB|BBBBBBBB||BBBBBBBB|BBBBBBBB||--------|--------||--------|--------| set
cpu-bind=MASK - n2cn0585, task 103  3 [325178]: mask 0x|--------|--------||--------|--------||--------|--------||--------|--------||||--------|--------||--------|--------||BBBBBBBB|BBBBBBBB||BBBBBBBB|BBBBBBBB| set
cpu-bind=MASK - n2cn0781, task 247  3 [285217]: mask 0x|--------|--------||--------|--------||--------|--------||--------|--------||||--------|--------||--------|--------||BBBBBBBB|BBBBBBBB||BBBBBBBB|BBBBBBBB| set
cpu-bind=MASK - n2cn0780, task 243  3 [232086]: mask 0x|--------|--------||--------|--------||--------|--------||--------|--------||||--------|--------||--------|--------||BBBBBBBB|BBBBBBBB||BBBBBBBB|BBBBBBBB| set
cpu-bind=MASK - n2cn1044, task 359  3 [281130]: mask 0x|--------|--------||--------|--------||--------|--------||--------|--------||||--------|--------||--------|--------||BBBBBBBB|BBBBBBBB||BBBBBBBB|BBBBBBBB| set
cpu-bind=MASK - n2cn0751, task 152  0 [235589]: mask 0x|BBBBBBBB|BBBBBBBB||BBBBBBBB|BBBBBBBB||--------|--------||--------|--------||||--------|--------||--------|--------||--------|--------||--------|--------| set
cpu-bind=MASK - n2cn0751, task 153  1 [235590]: mask 0x|--------|--------||--------|--------||BBBBBBBB|BBBBBBBB||BBBBBBBB|BBBBBBBB||||--------|--------||--------|--------||--------|--------||--------|--------| set
cpu-bind=MASK - n2cn0751, task 154  2 [235591]: mask 0x|--------|--------||--------|--------||--------|--------||--------|--------||||BBBBBBBB|BBBBBBBB||BBBBBBBB|BBBBBBBB||--------|--------||--------|--------| set
cpu-bind=MASK - n2cn0751, task 155  3 [235592]: mask 0x|--------|--------||--------|--------||--------|--------||--------|--------||||--------|--------||--------|--------||BBBBBBBB|BBBBBBBB||BBBBBBBB|BBBBBBBB| set
cpu-bind=MASK - n2cn0779, task 236  0 [310815]: mask 0x|BBBBBBBB|BBBBBBBB||BBBBBBBB|BBBBBBBB||--------|--------||--------|--------||||--------|--------||--------|--------||--------|--------||--------|--------| set
cpu-bind=MASK - n2cn0779, task 237  1 [310816]: mask 0x|--------|--------||--------|--------||BBBBBBBB|BBBBBBBB||BBBBBBBB|BBBBBBBB||||--------|--------||--------|--------||--------|--------||--------|--------| set
cpu-bind=MASK - n2cn0779, task 238  2 [310817]: mask 0x|--------|--------||--------|--------||--------|--------||--------|--------||||BBBBBBBB|BBBBBBBB||BBBBBBBB|BBBBBBBB||--------|--------||--------|--------| set
cpu-bind=MASK - n2cn0779, task 239  3 [310818]: mask 0x|--------|--------||--------|--------||--------|--------||--------|--------||||--------|--------||--------|--------||BBBBBBBB|BBBBBBBB||BBBBBBBB|BBBBBBBB| set
cpu-bind=MASK - n2cn0764, task 192  0 [253716]: mask 0x|BBBBBBBB|BBBBBBBB||BBBBBBBB|BBBBBBBB||--------|--------||--------|--------||||--------|--------||--------|--------||--------|--------||--------|--------| set
cpu-bind=MASK - n2cn0764, task 193  1 [253717]: mask 0x|--------|--------||--------|--------||BBBBBBBB|BBBBBBBB||BBBBBBBB|BBBBBBBB||||--------|--------||--------|--------||--------|--------||--------|--------| set
cpu-bind=MASK - n2cn0764, task 194  2 [253718]: mask 0x|--------|--------||--------|--------||--------|--------||--------|--------||||BBBBBBBB|BBBBBBBB||BBBBBBBB|BBBBBBBB||--------|--------||--------|--------| set
cpu-bind=MASK - n2cn0764, task 195  3 [253719]: mask 0x|--------|--------||--------|--------||--------|--------||--------|--------||||--------|--------||--------|--------||BBBBBBBB|BBBBBBBB||BBBBBBBB|BBBBBBBB| set
cpu-bind=MASK - n2cn1064, task 408  0 [311709]: mask 0x|BBBBBBBB|BBBBBBBB||BBBBBBBB|BBBBBBBB||--------|--------||--------|--------||||--------|--------||--------|--------||--------|--------||--------|--------| set
cpu-bind=MASK - n2cn1064, task 409  1 [311710]: mask 0x|--------|--------||--------|--------||BBBBBBBB|BBBBBBBB||BBBBBBBB|BBBBBBBB||||--------|--------||--------|--------||--------|--------||--------|--------| set
cpu-bind=MASK - n2cn1064, task 410  2 [311711]: mask 0x|--------|--------||--------|--------||--------|--------||--------|--------||||BBBBBBBB|BBBBBBBB||BBBBBBBB|BBBBBBBB||--------|--------||--------|--------| set
cpu-bind=MASK - n2cn1064, task 411  3 [311712]: mask 0x|--------|--------||--------|--------||--------|--------||--------|--------||||--------|--------||--------|--------||BBBBBBBB|BBBBBBBB||BBBBBBBB|BBBBBBBB| set
cpu-bind=MASK - n2cn0555, task 16  0 [492664]: mask 0x|BBBBBBBB|BBBBBBBB||BBBBBBBB|BBBBBBBB||--------|--------||--------|--------||||--------|--------||--------|--------||--------|--------||--------|--------| set
cpu-bind=MASK - n2cn0555, task 17  1 [492665]: mask 0x|--------|--------||--------|--------||BBBBBBBB|BBBBBBBB||BBBBBBBB|BBBBBBBB||||--------|--------||--------|--------||--------|--------||--------|--------| set
cpu-bind=MASK - n2cn0555, task 18  2 [492666]: mask 0x|--------|--------||--------|--------||--------|--------||--------|--------||||BBBBBBBB|BBBBBBBB||BBBBBBBB|BBBBBBBB||--------|--------||--------|--------| set
cpu-bind=MASK - n2cn1060, task 404  0 [437199]: mask 0x|BBBBBBBB|BBBBBBBB||BBBBBBBB|BBBBBBBB||--------|--------||--------|--------||||--------|--------||--------|--------||--------|--------||--------|--------| set
cpu-bind=MASK - n2cn1060, task 405  1 [437200]: mask 0x|--------|--------||--------|--------||BBBBBBBB|BBBBBBBB||BBBBBBBB|BBBBBBBB||||--------|--------||--------|--------||--------|--------||--------|--------| set
cpu-bind=MASK - n2cn1060, task 406  2 [437201]: mask 0x|--------|--------||--------|--------||--------|--------||--------|--------||||BBBBBBBB|BBBBBBBB||BBBBBBBB|BBBBBBBB||--------|--------||--------|--------| set
cpu-bind=MASK - n2cn0555, task 19  3 [492667]: mask 0x|--------|--------||--------|--------||--------|--------||--------|--------||||--------|--------||--------|--------||BBBBBBBB|BBBBBBBB||BBBBBBBB|BBBBBBBB| set
cpu-bind=MASK - n2cn1060, task 407  3 [437202]: mask 0x|--------|--------||--------|--------||--------|--------||--------|--------||||--------|--------||--------|--------||BBBBBBBB|BBBBBBBB||BBBBBBBB|BBBBBBBB| set
cpu-bind=MASK - n2cn0753, task 160  0 [3041918]: mask 0x|BBBBBBBB|BBBBBBBB||BBBBBBBB|BBBBBBBB||--------|--------||--------|--------||||--------|--------||--------|--------||--------|--------||--------|--------| set
cpu-bind=MASK - n2cn0753, task 161  1 [3041919]: mask 0x|--------|--------||--------|--------||BBBBBBBB|BBBBBBBB||BBBBBBBB|BBBBBBBB||||--------|--------||--------|--------||--------|--------||--------|--------| set
cpu-bind=MASK - n2cn0753, task 162  2 [3041920]: mask 0x|--------|--------||--------|--------||--------|--------||--------|--------||||BBBBBBBB|BBBBBBBB||BBBBBBBB|BBBBBBBB||--------|--------||--------|--------| set
cpu-bind=MASK - n2cn0753, task 163  3 [3041921]: mask 0x|--------|--------||--------|--------||--------|--------||--------|--------||||--------|--------||--------|--------||BBBBBBBB|BBBBBBBB||BBBBBBBB|BBBBBBBB| set
cpu-bind=MASK - n2cn1033, task 312  0 [913179]: mask 0x|BBBBBBBB|BBBBBBBB||BBBBBBBB|BBBBBBBB||--------|--------||--------|--------||||--------|--------||--------|--------||--------|--------||--------|--------| set
cpu-bind=MASK - n2cn1033, task 313  1 [913180]: mask 0x|--------|--------||--------|--------||BBBBBBBB|BBBBBBBB||BBBBBBBB|BBBBBBBB||||--------|--------||--------|--------||--------|--------||--------|--------| set
cpu-bind=MASK - n2cn1033, task 314  2 [913181]: mask 0x|--------|--------||--------|--------||--------|--------||--------|--------||||BBBBBBBB|BBBBBBBB||BBBBBBBB|BBBBBBBB||--------|--------||--------|--------| set
cpu-bind=MASK - n2cn1085, task 468  0 [245492]: mask 0x|BBBBBBBB|BBBBBBBB||BBBBBBBB|BBBBBBBB||--------|--------||--------|--------||||--------|--------||--------|--------||--------|--------||--------|--------| set
cpu-bind=MASK - n2cn1085, task 469  1 [245493]: mask 0x|--------|--------||--------|--------||BBBBBBBB|BBBBBBBB||BBBBBBBB|BBBBBBBB||||--------|--------||--------|--------||--------|--------||--------|--------| set
cpu-bind=MASK - n2cn1085, task 470  2 [245494]: mask 0x|--------|--------||--------|--------||--------|--------||--------|--------||||BBBBBBBB|BBBBBBBB||BBBBBBBB|BBBBBBBB||--------|--------||--------|--------| set
cpu-bind=MASK - n2cn1033, task 315  3 [913182]: mask 0x|--------|--------||--------|--------||--------|--------||--------|--------||||--------|--------||--------|--------||BBBBBBBB|BBBBBBBB||BBBBBBBB|BBBBBBBB| set
cpu-bind=MASK - n2cn0792, task 284  0 [242200]: mask 0x|BBBBBBBB|BBBBBBBB||BBBBBBBB|BBBBBBBB||--------|--------||--------|--------||||--------|--------||--------|--------||--------|--------||--------|--------| set
cpu-bind=MASK - n2cn0792, task 285  1 [242201]: mask 0x|--------|--------||--------|--------||BBBBBBBB|BBBBBBBB||BBBBBBBB|BBBBBBBB||||--------|--------||--------|--------||--------|--------||--------|--------| set
cpu-bind=MASK - n2cn0792, task 286  2 [242202]: mask 0x|--------|--------||--------|--------||--------|--------||--------|--------||||BBBBBBBB|BBBBBBBB||BBBBBBBB|BBBBBBBB||--------|--------||--------|--------| set
cpu-bind=MASK - n2cn1085, task 471  3 [245495]: mask 0x|--------|--------||--------|--------||--------|--------||--------|--------||||--------|--------||--------|--------||BBBBBBBB|BBBBBBBB||BBBBBBBB|BBBBBBBB| set
cpu-bind=MASK - n2cn1027, task 300  0 [225729]: mask 0x|BBBBBBBB|BBBBBBBB||BBBBBBBB|BBBBBBBB||--------|--------||--------|--------||||--------|--------||--------|--------||--------|--------||--------|--------| set
cpu-bind=MASK - n2cn1027, task 301  1 [225730]: mask 0x|--------|--------||--------|--------||BBBBBBBB|BBBBBBBB||BBBBBBBB|BBBBBBBB||||--------|--------||--------|--------||--------|--------||--------|--------| set
cpu-bind=MASK - n2cn1027, task 302  2 [225731]: mask 0x|--------|--------||--------|--------||--------|--------||--------|--------||||BBBBBBBB|BBBBBBBB||BBBBBBBB|BBBBBBBB||--------|--------||--------|--------| set
cpu-bind=MASK - n2cn0792, task 287  3 [242203]: mask 0x|--------|--------||--------|--------||--------|--------||--------|--------||||--------|--------||--------|--------||BBBBBBBB|BBBBBBBB||BBBBBBBB|BBBBBBBB| set
cpu-bind=MASK - n2cn1027, task 303  3 [225732]: mask 0x|--------|--------||--------|--------||--------|--------||--------|--------||||--------|--------||--------|--------||BBBBBBBB|BBBBBBBB||BBBBBBBB|BBBBBBBB| set
cpu-bind=MASK - n2cn1071, task 436  0 [266237]: mask 0x|BBBBBBBB|BBBBBBBB||BBBBBBBB|BBBBBBBB||--------|--------||--------|--------||||--------|--------||--------|--------||--------|--------||--------|--------| set
cpu-bind=MASK - n2cn1071, task 437  1 [266238]: mask 0x|--------|--------||--------|--------||BBBBBBBB|BBBBBBBB||BBBBBBBB|BBBBBBBB||||--------|--------||--------|--------||--------|--------||--------|--------| set
cpu-bind=MASK - n2cn1071, task 438  2 [266239]: mask 0x|--------|--------||--------|--------||--------|--------||--------|--------||||BBBBBBBB|BBBBBBBB||BBBBBBBB|BBBBBBBB||--------|--------||--------|--------| set
cpu-bind=MASK - n2cn1032, task 308  0 [268232]: mask 0x|BBBBBBBB|BBBBBBBB||BBBBBBBB|BBBBBBBB||--------|--------||--------|--------||||--------|--------||--------|--------||--------|--------||--------|--------| set
cpu-bind=MASK - n2cn1032, task 309  1 [268233]: mask 0x|--------|--------||--------|--------||BBBBBBBB|BBBBBBBB||BBBBBBBB|BBBBBBBB||||--------|--------||--------|--------||--------|--------||--------|--------| set
cpu-bind=MASK - n2cn1032, task 310  2 [268234]: mask 0x|--------|--------||--------|--------||--------|--------||--------|--------||||BBBBBBBB|BBBBBBBB||BBBBBBBB|BBBBBBBB||--------|--------||--------|--------| set
cpu-bind=MASK - n2cn1071, task 439  3 [266240]: mask 0x|--------|--------||--------|--------||--------|--------||--------|--------||||--------|--------||--------|--------||BBBBBBBB|BBBBBBBB||BBBBBBBB|BBBBBBBB| set
cpu-bind=MASK - n2cn1032, task 311  3 [268235]: mask 0x|--------|--------||--------|--------||--------|--------||--------|--------||||--------|--------||--------|--------||BBBBBBBB|BBBBBBBB||BBBBBBBB|BBBBBBBB| set
cpu-bind=MASK - n2cn0760, task 188  0 [264030]: mask 0x|BBBBBBBB|BBBBBBBB||BBBBBBBB|BBBBBBBB||--------|--------||--------|--------||||--------|--------||--------|--------||--------|--------||--------|--------| set
cpu-bind=MASK - n2cn0760, task 189  1 [264031]: mask 0x|--------|--------||--------|--------||BBBBBBBB|BBBBBBBB||BBBBBBBB|BBBBBBBB||||--------|--------||--------|--------||--------|--------||--------|--------| set
cpu-bind=MASK - n2cn0760, task 190  2 [264032]: mask 0x|--------|--------||--------|--------||--------|--------||--------|--------||||BBBBBBBB|BBBBBBBB||BBBBBBBB|BBBBBBBB||--------|--------||--------|--------| set
cpu-bind=MASK - n2cn1088, task 476  0 [982888]: mask 0x|BBBBBBBB|BBBBBBBB||BBBBBBBB|BBBBBBBB||--------|--------||--------|--------||||--------|--------||--------|--------||--------|--------||--------|--------| set
cpu-bind=MASK - n2cn0760, task 191  3 [264033]: mask 0x|--------|--------||--------|--------||--------|--------||--------|--------||||--------|--------||--------|--------||BBBBBBBB|BBBBBBBB||BBBBBBBB|BBBBBBBB| set
cpu-bind=MASK - n2cn1088, task 477  1 [982889]: mask 0x|--------|--------||--------|--------||BBBBBBBB|BBBBBBBB||BBBBBBBB|BBBBBBBB||||--------|--------||--------|--------||--------|--------||--------|--------| set
cpu-bind=MASK - n2cn1088, task 478  2 [982890]: mask 0x|--------|--------||--------|--------||--------|--------||--------|--------||||BBBBBBBB|BBBBBBBB||BBBBBBBB|BBBBBBBB||--------|--------||--------|--------| set
cpu-bind=MASK - n2cn0786, task 264  0 [246702]: mask 0x|BBBBBBBB|BBBBBBBB||BBBBBBBB|BBBBBBBB||--------|--------||--------|--------||||--------|--------||--------|--------||--------|--------||--------|--------| set
cpu-bind=MASK - n2cn0786, task 265  1 [246703]: mask 0x|--------|--------||--------|--------||BBBBBBBB|BBBBBBBB||BBBBBBBB|BBBBBBBB||||--------|--------||--------|--------||--------|--------||--------|--------| set
cpu-bind=MASK - n2cn0786, task 266  2 [246704]: mask 0x|--------|--------||--------|--------||--------|--------||--------|--------||||BBBBBBBB|BBBBBBBB||BBBBBBBB|BBBBBBBB||--------|--------||--------|--------| set
cpu-bind=MASK - n2cn1088, task 479  3 [982891]: mask 0x|--------|--------||--------|--------||--------|--------||--------|--------||||--------|--------||--------|--------||BBBBBBBB|BBBBBBBB||BBBBBBBB|BBBBBBBB| set
cpu-bind=MASK - n2cn0786, task 267  3 [246705]: mask 0x|--------|--------||--------|--------||--------|--------||--------|--------||||--------|--------||--------|--------||BBBBBBBB|BBBBBBBB||BBBBBBBB|BBBBBBBB| set
cpu-bind=MASK - n2cn1024, task 296  0 [262955]: mask 0x|BBBBBBBB|BBBBBBBB||BBBBBBBB|BBBBBBBB||--------|--------||--------|--------||||--------|--------||--------|--------||--------|--------||--------|--------| set
cpu-bind=MASK - n2cn1050, task 364  0 [408291]: mask 0x|BBBBBBBB|BBBBBBBB||BBBBBBBB|BBBBBBBB||--------|--------||--------|--------||||--------|--------||--------|--------||--------|--------||--------|--------| set
cpu-bind=MASK - n2cn1024, task 297  1 [262956]: mask 0x|--------|--------||--------|--------||BBBBBBBB|BBBBBBBB||BBBBBBBB|BBBBBBBB||||--------|--------||--------|--------||--------|--------||--------|--------| set
cpu-bind=MASK - n2cn1031, task 304  0 [222834]: mask 0x|BBBBBBBB|BBBBBBBB||BBBBBBBB|BBBBBBBB||--------|--------||--------|--------||||--------|--------||--------|--------||--------|--------||--------|--------| set
cpu-bind=MASK - n2cn1050, task 365  1 [408292]: mask 0x|--------|--------||--------|--------||BBBBBBBB|BBBBBBBB||BBBBBBBB|BBBBBBBB||||--------|--------||--------|--------||--------|--------||--------|--------| set
cpu-bind=MASK - n2cn1024, task 298  2 [262957]: mask 0x|--------|--------||--------|--------||--------|--------||--------|--------||||BBBBBBBB|BBBBBBBB||BBBBBBBB|BBBBBBBB||--------|--------||--------|--------| set
cpu-bind=MASK - n2cn1031, task 305  1 [222835]: mask 0x|--------|--------||--------|--------||BBBBBBBB|BBBBBBBB||BBBBBBBB|BBBBBBBB||||--------|--------||--------|--------||--------|--------||--------|--------| set
cpu-bind=MASK - n2cn1050, task 366  2 [408293]: mask 0x|--------|--------||--------|--------||--------|--------||--------|--------||||BBBBBBBB|BBBBBBBB||BBBBBBBB|BBBBBBBB||--------|--------||--------|--------| set
cpu-bind=MASK - n2cn1031, task 306  2 [222836]: mask 0x|--------|--------||--------|--------||--------|--------||--------|--------||||BBBBBBBB|BBBBBBBB||BBBBBBBB|BBBBBBBB||--------|--------||--------|--------| set
cpu-bind=MASK - n2cn1024, task 299  3 [262958]: mask 0x|--------|--------||--------|--------||--------|--------||--------|--------||||--------|--------||--------|--------||BBBBBBBB|BBBBBBBB||BBBBBBBB|BBBBBBBB| set
cpu-bind=MASK - n2cn1050, task 367  3 [408294]: mask 0x|--------|--------||--------|--------||--------|--------||--------|--------||||--------|--------||--------|--------||BBBBBBBB|BBBBBBBB||BBBBBBBB|BBBBBBBB| set
cpu-bind=MASK - n2cn1031, task 307  3 [222837]: mask 0x|--------|--------||--------|--------||--------|--------||--------|--------||||--------|--------||--------|--------||BBBBBBBB|BBBBBBBB||BBBBBBBB|BBBBBBBB| set
cpu-bind=MASK - n2cn1059, task 400  0 [414169]: mask 0x|BBBBBBBB|BBBBBBBB||BBBBBBBB|BBBBBBBB||--------|--------||--------|--------||||--------|--------||--------|--------||--------|--------||--------|--------| set
cpu-bind=MASK - n2cn1059, task 401  1 [414170]: mask 0x|--------|--------||--------|--------||BBBBBBBB|BBBBBBBB||BBBBBBBB|BBBBBBBB||||--------|--------||--------|--------||--------|--------||--------|--------| set
cpu-bind=MASK - n2cn1053, task 376  0 [472825]: mask 0x|BBBBBBBB|BBBBBBBB||BBBBBBBB|BBBBBBBB||--------|--------||--------|--------||||--------|--------||--------|--------||--------|--------||--------|--------| set
cpu-bind=MASK - n2cn1059, task 402  2 [414171]: mask 0x|--------|--------||--------|--------||--------|--------||--------|--------||||BBBBBBBB|BBBBBBBB||BBBBBBBB|BBBBBBBB||--------|--------||--------|--------| set
cpu-bind=MASK - n2cn0787, task 268  0 [316444]: mask 0x|BBBBBBBB|BBBBBBBB||BBBBBBBB|BBBBBBBB||--------|--------||--------|--------||||--------|--------||--------|--------||--------|--------||--------|--------| set
cpu-bind=MASK - n2cn1053, task 377  1 [472826]: mask 0x|--------|--------||--------|--------||BBBBBBBB|BBBBBBBB||BBBBBBBB|BBBBBBBB||||--------|--------||--------|--------||--------|--------||--------|--------| set
cpu-bind=MASK - n2cn0787, task 269  1 [316445]: mask 0x|--------|--------||--------|--------||BBBBBBBB|BBBBBBBB||BBBBBBBB|BBBBBBBB||||--------|--------||--------|--------||--------|--------||--------|--------| set
cpu-bind=MASK - n2cn1053, task 378  2 [472827]: mask 0x|--------|--------||--------|--------||--------|--------||--------|--------||||BBBBBBBB|BBBBBBBB||BBBBBBBB|BBBBBBBB||--------|--------||--------|--------| set
cpu-bind=MASK - n2cn0787, task 270  2 [316446]: mask 0x|--------|--------||--------|--------||--------|--------||--------|--------||||BBBBBBBB|BBBBBBBB||BBBBBBBB|BBBBBBBB||--------|--------||--------|--------| set
cpu-bind=MASK - n2cn1059, task 403  3 [414172]: mask 0x|--------|--------||--------|--------||--------|--------||--------|--------||||--------|--------||--------|--------||BBBBBBBB|BBBBBBBB||BBBBBBBB|BBBBBBBB| set
cpu-bind=MASK - n2cn1053, task 379  3 [472828]: mask 0x|--------|--------||--------|--------||--------|--------||--------|--------||||--------|--------||--------|--------||BBBBBBBB|BBBBBBBB||BBBBBBBB|BBBBBBBB| set
cpu-bind=MASK - n2cn0787, task 271  3 [316447]: mask 0x|--------|--------||--------|--------||--------|--------||--------|--------||||--------|--------||--------|--------||BBBBBBBB|BBBBBBBB||BBBBBBBB|BBBBBBBB| set
cpu-bind=MASK - n2cn1089, task 480  0 [243406]: mask 0x|BBBBBBBB|BBBBBBBB||BBBBBBBB|BBBBBBBB||--------|--------||--------|--------||||--------|--------||--------|--------||--------|--------||--------|--------| set
cpu-bind=MASK - n2cn1089, task 481  1 [243407]: mask 0x|--------|--------||--------|--------||BBBBBBBB|BBBBBBBB||BBBBBBBB|BBBBBBBB||||--------|--------||--------|--------||--------|--------||--------|--------| set
cpu-bind=MASK - n2cn1089, task 482  2 [243408]: mask 0x|--------|--------||--------|--------||--------|--------||--------|--------||||BBBBBBBB|BBBBBBBB||BBBBBBBB|BBBBBBBB||--------|--------||--------|--------| set
cpu-bind=MASK - n2cn1092, task 492  0 [329911]: mask 0x|BBBBBBBB|BBBBBBBB||BBBBBBBB|BBBBBBBB||--------|--------||--------|--------||||--------|--------||--------|--------||--------|--------||--------|--------| set
cpu-bind=MASK - n2cn1092, task 493  1 [329912]: mask 0x|--------|--------||--------|--------||BBBBBBBB|BBBBBBBB||BBBBBBBB|BBBBBBBB||||--------|--------||--------|--------||--------|--------||--------|--------| set
cpu-bind=MASK - n2cn1092, task 494  2 [329913]: mask 0x|--------|--------||--------|--------||--------|--------||--------|--------||||BBBBBBBB|BBBBBBBB||BBBBBBBB|BBBBBBBB||--------|--------||--------|--------| set
cpu-bind=MASK - n2cn1089, task 483  3 [243409]: mask 0x|--------|--------||--------|--------||--------|--------||--------|--------||||--------|--------||--------|--------||BBBBBBBB|BBBBBBBB||BBBBBBBB|BBBBBBBB| set
cpu-bind=MASK - n2cn0756, task 172  0 [296188]: mask 0x|BBBBBBBB|BBBBBBBB||BBBBBBBB|BBBBBBBB||--------|--------||--------|--------||||--------|--------||--------|--------||--------|--------||--------|--------| set
cpu-bind=MASK - n2cn0756, task 173  1 [296189]: mask 0x|--------|--------||--------|--------||BBBBBBBB|BBBBBBBB||BBBBBBBB|BBBBBBBB||||--------|--------||--------|--------||--------|--------||--------|--------| set
cpu-bind=MASK - n2cn0756, task 174  2 [296190]: mask 0x|--------|--------||--------|--------||--------|--------||--------|--------||||BBBBBBBB|BBBBBBBB||BBBBBBBB|BBBBBBBB||--------|--------||--------|--------| set
cpu-bind=MASK - n2cn1092, task 495  3 [329914]: mask 0x|--------|--------||--------|--------||--------|--------||--------|--------||||--------|--------||--------|--------||BBBBBBBB|BBBBBBBB||BBBBBBBB|BBBBBBBB| set
cpu-bind=MASK - n2cn0756, task 175  3 [296191]: mask 0x|--------|--------||--------|--------||--------|--------||--------|--------||||--------|--------||--------|--------||BBBBBBBB|BBBBBBBB||BBBBBBBB|BBBBBBBB| set
cpu-bind=MASK - n2cn0559, task 28  0 [323277]: mask 0x|BBBBBBBB|BBBBBBBB||BBBBBBBB|BBBBBBBB||--------|--------||--------|--------||||--------|--------||--------|--------||--------|--------||--------|--------| set
cpu-bind=MASK - n2cn0559, task 29  1 [323278]: mask 0x|--------|--------||--------|--------||BBBBBBBB|BBBBBBBB||BBBBBBBB|BBBBBBBB||||--------|--------||--------|--------||--------|--------||--------|--------| set
cpu-bind=MASK - n2cn0559, task 30  2 [323279]: mask 0x|--------|--------||--------|--------||--------|--------||--------|--------||||BBBBBBBB|BBBBBBBB||BBBBBBBB|BBBBBBBB||--------|--------||--------|--------| set
cpu-bind=MASK - n2cn0559, task 31  3 [323280]: mask 0x|--------|--------||--------|--------||--------|--------||--------|--------||||--------|--------||--------|--------||BBBBBBBB|BBBBBBBB||BBBBBBBB|BBBBBBBB| set
cpu-bind=MASK - n2cn1093, task 496  0 [259626]: mask 0x|BBBBBBBB|BBBBBBBB||BBBBBBBB|BBBBBBBB||--------|--------||--------|--------||||--------|--------||--------|--------||--------|--------||--------|--------| set
cpu-bind=MASK - n2cn1093, task 497  1 [259627]: mask 0x|--------|--------||--------|--------||BBBBBBBB|BBBBBBBB||BBBBBBBB|BBBBBBBB||||--------|--------||--------|--------||--------|--------||--------|--------| set
cpu-bind=MASK - n2cn1093, task 498  2 [259628]: mask 0x|--------|--------||--------|--------||--------|--------||--------|--------||||BBBBBBBB|BBBBBBBB||BBBBBBBB|BBBBBBBB||--------|--------||--------|--------| set
cpu-bind=MASK - n2cn0765, task 196  0 [295029]: mask 0x|BBBBBBBB|BBBBBBBB||BBBBBBBB|BBBBBBBB||--------|--------||--------|--------||||--------|--------||--------|--------||--------|--------||--------|--------| set
cpu-bind=MASK - n2cn0765, task 197  1 [295030]: mask 0x|--------|--------||--------|--------||BBBBBBBB|BBBBBBBB||BBBBBBBB|BBBBBBBB||||--------|--------||--------|--------||--------|--------||--------|--------| set
cpu-bind=MASK - n2cn0765, task 198  2 [295031]: mask 0x|--------|--------||--------|--------||--------|--------||--------|--------||||BBBBBBBB|BBBBBBBB||BBBBBBBB|BBBBBBBB||--------|--------||--------|--------| set
cpu-bind=MASK - n2cn1093, task 499  3 [259629]: mask 0x|--------|--------||--------|--------||--------|--------||--------|--------||||--------|--------||--------|--------||BBBBBBBB|BBBBBBBB||BBBBBBBB|BBBBBBBB| set
cpu-bind=MASK - n2cn0765, task 199  3 [295032]: mask 0x|--------|--------||--------|--------||--------|--------||--------|--------||||--------|--------||--------|--------||BBBBBBBB|BBBBBBBB||BBBBBBBB|BBBBBBBB| set
cpu-bind=MASK - n2cn1068, task 424  0 [316634]: mask 0x|BBBBBBBB|BBBBBBBB||BBBBBBBB|BBBBBBBB||--------|--------||--------|--------||||--------|--------||--------|--------||--------|--------||--------|--------| set
cpu-bind=MASK - n2cn1068, task 425  1 [316635]: mask 0x|--------|--------||--------|--------||BBBBBBBB|BBBBBBBB||BBBBBBBB|BBBBBBBB||||--------|--------||--------|--------||--------|--------||--------|--------| set
cpu-bind=MASK - n2cn1068, task 426  2 [316636]: mask 0x|--------|--------||--------|--------||--------|--------||--------|--------||||BBBBBBBB|BBBBBBBB||BBBBBBBB|BBBBBBBB||--------|--------||--------|--------| set
cpu-bind=MASK - n2cn1068, task 427  3 [316637]: mask 0x|--------|--------||--------|--------||--------|--------||--------|--------||||--------|--------||--------|--------||BBBBBBBB|BBBBBBBB||BBBBBBBB|BBBBBBBB| set
cpu-bind=MASK - n2cn0759, task 184  0 [298496]: mask 0x|BBBBBBBB|BBBBBBBB||BBBBBBBB|BBBBBBBB||--------|--------||--------|--------||||--------|--------||--------|--------||--------|--------||--------|--------| set
cpu-bind=MASK - n2cn0759, task 185  1 [298497]: mask 0x|--------|--------||--------|--------||BBBBBBBB|BBBBBBBB||BBBBBBBB|BBBBBBBB||||--------|--------||--------|--------||--------|--------||--------|--------| set
cpu-bind=MASK - n2cn0759, task 186  2 [298498]: mask 0x|--------|--------||--------|--------||--------|--------||--------|--------||||BBBBBBBB|BBBBBBBB||BBBBBBBB|BBBBBBBB||--------|--------||--------|--------| set
cpu-bind=MASK - n2cn0789, task 272  0 [268572]: mask 0x|BBBBBBBB|BBBBBBBB||BBBBBBBB|BBBBBBBB||--------|--------||--------|--------||||--------|--------||--------|--------||--------|--------||--------|--------| set
cpu-bind=MASK - n2cn1058, task 396  0 [380904]: mask 0x|BBBBBBBB|BBBBBBBB||BBBBBBBB|BBBBBBBB||--------|--------||--------|--------||||--------|--------||--------|--------||--------|--------||--------|--------| set
cpu-bind=MASK - n2cn0789, task 273  1 [268573]: mask 0x|--------|--------||--------|--------||BBBBBBBB|BBBBBBBB||BBBBBBBB|BBBBBBBB||||--------|--------||--------|--------||--------|--------||--------|--------| set
cpu-bind=MASK - n2cn1058, task 397  1 [380905]: mask 0x|--------|--------||--------|--------||BBBBBBBB|BBBBBBBB||BBBBBBBB|BBBBBBBB||||--------|--------||--------|--------||--------|--------||--------|--------| set
cpu-bind=MASK - n2cn0789, task 274  2 [268574]: mask 0x|--------|--------||--------|--------||--------|--------||--------|--------||||BBBBBBBB|BBBBBBBB||BBBBBBBB|BBBBBBBB||--------|--------||--------|--------| set
cpu-bind=MASK - n2cn1058, task 398  2 [380906]: mask 0x|--------|--------||--------|--------||--------|--------||--------|--------||||BBBBBBBB|BBBBBBBB||BBBBBBBB|BBBBBBBB||--------|--------||--------|--------| set
cpu-bind=MASK - n2cn0759, task 187  3 [298499]: mask 0x|--------|--------||--------|--------||--------|--------||--------|--------||||--------|--------||--------|--------||BBBBBBBB|BBBBBBBB||BBBBBBBB|BBBBBBBB| set
cpu-bind=MASK - n2cn0758, task 180  0 [251220]: mask 0x|BBBBBBBB|BBBBBBBB||BBBBBBBB|BBBBBBBB||--------|--------||--------|--------||||--------|--------||--------|--------||--------|--------||--------|--------| set
cpu-bind=MASK - n2cn0758, task 181  1 [251221]: mask 0x|--------|--------||--------|--------||BBBBBBBB|BBBBBBBB||BBBBBBBB|BBBBBBBB||||--------|--------||--------|--------||--------|--------||--------|--------| set
cpu-bind=MASK - n2cn1058, task 399  3 [380907]: mask 0x|--------|--------||--------|--------||--------|--------||--------|--------||||--------|--------||--------|--------||BBBBBBBB|BBBBBBBB||BBBBBBBB|BBBBBBBB| set
cpu-bind=MASK - n2cn0758, task 182  2 [251222]: mask 0x|--------|--------||--------|--------||--------|--------||--------|--------||||BBBBBBBB|BBBBBBBB||BBBBBBBB|BBBBBBBB||--------|--------||--------|--------| set
cpu-bind=MASK - n2cn0789, task 275  3 [268575]: mask 0x|--------|--------||--------|--------||--------|--------||--------|--------||||--------|--------||--------|--------||BBBBBBBB|BBBBBBBB||BBBBBBBB|BBBBBBBB| set
cpu-bind=MASK - n2cn0553, task 12  0 [281746]: mask 0x|BBBBBBBB|BBBBBBBB||BBBBBBBB|BBBBBBBB||--------|--------||--------|--------||||--------|--------||--------|--------||--------|--------||--------|--------| set
cpu-bind=MASK - n2cn0553, task 13  1 [281747]: mask 0x|--------|--------||--------|--------||BBBBBBBB|BBBBBBBB||BBBBBBBB|BBBBBBBB||||--------|--------||--------|--------||--------|--------||--------|--------| set
cpu-bind=MASK - n2cn1081, task 456  0 [238534]: mask 0x|BBBBBBBB|BBBBBBBB||BBBBBBBB|BBBBBBBB||--------|--------||--------|--------||||--------|--------||--------|--------||--------|--------||--------|--------| set
cpu-bind=MASK - n2cn0553, task 14  2 [281748]: mask 0x|--------|--------||--------|--------||--------|--------||--------|--------||||BBBBBBBB|BBBBBBBB||BBBBBBBB|BBBBBBBB||--------|--------||--------|--------| set
cpu-bind=MASK - n2cn0758, task 183  3 [251223]: mask 0x|--------|--------||--------|--------||--------|--------||--------|--------||||--------|--------||--------|--------||BBBBBBBB|BBBBBBBB||BBBBBBBB|BBBBBBBB| set
cpu-bind=MASK - n2cn1081, task 457  1 [238535]: mask 0x|--------|--------||--------|--------||BBBBBBBB|BBBBBBBB||BBBBBBBB|BBBBBBBB||||--------|--------||--------|--------||--------|--------||--------|--------| set
cpu-bind=MASK - n2cn1081, task 458  2 [238536]: mask 0x|--------|--------||--------|--------||--------|--------||--------|--------||||BBBBBBBB|BBBBBBBB||BBBBBBBB|BBBBBBBB||--------|--------||--------|--------| set
cpu-bind=MASK - n2cn1051, task 368  0 [411496]: mask 0x|BBBBBBBB|BBBBBBBB||BBBBBBBB|BBBBBBBB||--------|--------||--------|--------||||--------|--------||--------|--------||--------|--------||--------|--------| set
cpu-bind=MASK - n2cn1051, task 369  1 [411497]: mask 0x|--------|--------||--------|--------||BBBBBBBB|BBBBBBBB||BBBBBBBB|BBBBBBBB||||--------|--------||--------|--------||--------|--------||--------|--------| set
cpu-bind=MASK - n2cn1051, task 370  2 [411498]: mask 0x|--------|--------||--------|--------||--------|--------||--------|--------||||BBBBBBBB|BBBBBBBB||BBBBBBBB|BBBBBBBB||--------|--------||--------|--------| set
cpu-bind=MASK - n2cn0553, task 15  3 [281749]: mask 0x|--------|--------||--------|--------||--------|--------||--------|--------||||--------|--------||--------|--------||BBBBBBBB|BBBBBBBB||BBBBBBBB|BBBBBBBB| set
cpu-bind=MASK - n2cn1081, task 459  3 [238537]: mask 0x|--------|--------||--------|--------||--------|--------||--------|--------||||--------|--------||--------|--------||BBBBBBBB|BBBBBBBB||BBBBBBBB|BBBBBBBB| set
cpu-bind=MASK - n2cn1035, task 320  0 [223787]: mask 0x|BBBBBBBB|BBBBBBBB||BBBBBBBB|BBBBBBBB||--------|--------||--------|--------||||--------|--------||--------|--------||--------|--------||--------|--------| set
cpu-bind=MASK - n2cn1035, task 321  1 [223788]: mask 0x|--------|--------||--------|--------||BBBBBBBB|BBBBBBBB||BBBBBBBB|BBBBBBBB||||--------|--------||--------|--------||--------|--------||--------|--------| set
cpu-bind=MASK - n2cn1035, task 322  2 [223789]: mask 0x|--------|--------||--------|--------||--------|--------||--------|--------||||BBBBBBBB|BBBBBBBB||BBBBBBBB|BBBBBBBB||--------|--------||--------|--------| set
cpu-bind=MASK - n2cn1051, task 371  3 [411499]: mask 0x|--------|--------||--------|--------||--------|--------||--------|--------||||--------|--------||--------|--------||BBBBBBBB|BBBBBBBB||BBBBBBBB|BBBBBBBB| set
cpu-bind=MASK - n2cn0785, task 260  0 [266675]: mask 0x|BBBBBBBB|BBBBBBBB||BBBBBBBB|BBBBBBBB||--------|--------||--------|--------||||--------|--------||--------|--------||--------|--------||--------|--------| set
cpu-bind=MASK - n2cn0785, task 261  1 [266676]: mask 0x|--------|--------||--------|--------||BBBBBBBB|BBBBBBBB||BBBBBBBB|BBBBBBBB||||--------|--------||--------|--------||--------|--------||--------|--------| set
cpu-bind=MASK - n2cn1035, task 323  3 [223790]: mask 0x|--------|--------||--------|--------||--------|--------||--------|--------||||--------|--------||--------|--------||BBBBBBBB|BBBBBBBB||BBBBBBBB|BBBBBBBB| set
cpu-bind=MASK - n2cn0785, task 262  2 [266677]: mask 0x|--------|--------||--------|--------||--------|--------||--------|--------||||BBBBBBBB|BBBBBBBB||BBBBBBBB|BBBBBBBB||--------|--------||--------|--------| set
cpu-bind=MASK - n2cn0755, task 168  0 [251762]: mask 0x|BBBBBBBB|BBBBBBBB||BBBBBBBB|BBBBBBBB||--------|--------||--------|--------||||--------|--------||--------|--------||--------|--------||--------|--------| set
cpu-bind=MASK - n2cn0755, task 169  1 [251763]: mask 0x|--------|--------||--------|--------||BBBBBBBB|BBBBBBBB||BBBBBBBB|BBBBBBBB||||--------|--------||--------|--------||--------|--------||--------|--------| set
cpu-bind=MASK - n2cn0755, task 170  2 [251764]: mask 0x|--------|--------||--------|--------||--------|--------||--------|--------||||BBBBBBBB|BBBBBBBB||BBBBBBBB|BBBBBBBB||--------|--------||--------|--------| set
cpu-bind=MASK - n2cn1080, task 452  0 [329762]: mask 0x|BBBBBBBB|BBBBBBBB||BBBBBBBB|BBBBBBBB||--------|--------||--------|--------||||--------|--------||--------|--------||--------|--------||--------|--------| set
cpu-bind=MASK - n2cn1080, task 453  1 [329763]: mask 0x|--------|--------||--------|--------||BBBBBBBB|BBBBBBBB||BBBBBBBB|BBBBBBBB||||--------|--------||--------|--------||--------|--------||--------|--------| set
cpu-bind=MASK - n2cn1080, task 454  2 [329764]: mask 0x|--------|--------||--------|--------||--------|--------||--------|--------||||BBBBBBBB|BBBBBBBB||BBBBBBBB|BBBBBBBB||--------|--------||--------|--------| set
cpu-bind=MASK - n2cn1094, task 500  0 [317170]: mask 0x|BBBBBBBB|BBBBBBBB||BBBBBBBB|BBBBBBBB||--------|--------||--------|--------||||--------|--------||--------|--------||--------|--------||--------|--------| set
cpu-bind=MASK - n2cn1094, task 501  1 [317171]: mask 0x|--------|--------||--------|--------||BBBBBBBB|BBBBBBBB||BBBBBBBB|BBBBBBBB||||--------|--------||--------|--------||--------|--------||--------|--------| set
cpu-bind=MASK - n2cn0785, task 263  3 [266678]: mask 0x|--------|--------||--------|--------||--------|--------||--------|--------||||--------|--------||--------|--------||BBBBBBBB|BBBBBBBB||BBBBBBBB|BBBBBBBB| set
cpu-bind=MASK - n2cn1094, task 502  2 [317172]: mask 0x|--------|--------||--------|--------||--------|--------||--------|--------||||BBBBBBBB|BBBBBBBB||BBBBBBBB|BBBBBBBB||--------|--------||--------|--------| set
cpu-bind=MASK - n2cn1036, task 324  0 [266733]: mask 0x|BBBBBBBB|BBBBBBBB||BBBBBBBB|BBBBBBBB||--------|--------||--------|--------||||--------|--------||--------|--------||--------|--------||--------|--------| set
cpu-bind=MASK - n2cn1036, task 325  1 [266734]: mask 0x|--------|--------||--------|--------||BBBBBBBB|BBBBBBBB||BBBBBBBB|BBBBBBBB||||--------|--------||--------|--------||--------|--------||--------|--------| set
cpu-bind=MASK - n2cn0794, task 292  0 [250458]: mask 0x|BBBBBBBB|BBBBBBBB||BBBBBBBB|BBBBBBBB||--------|--------||--------|--------||||--------|--------||--------|--------||--------|--------||--------|--------| set
cpu-bind=MASK - n2cn0755, task 171  3 [251765]: mask 0x|--------|--------||--------|--------||--------|--------||--------|--------||||--------|--------||--------|--------||BBBBBBBB|BBBBBBBB||BBBBBBBB|BBBBBBBB| set
cpu-bind=MASK - n2cn1036, task 326  2 [266735]: mask 0x|--------|--------||--------|--------||--------|--------||--------|--------||||BBBBBBBB|BBBBBBBB||BBBBBBBB|BBBBBBBB||--------|--------||--------|--------| set
cpu-bind=MASK - n2cn0794, task 293  1 [250459]: mask 0x|--------|--------||--------|--------||BBBBBBBB|BBBBBBBB||BBBBBBBB|BBBBBBBB||||--------|--------||--------|--------||--------|--------||--------|--------| set
cpu-bind=MASK - n2cn0794, task 294  2 [250460]: mask 0x|--------|--------||--------|--------||--------|--------||--------|--------||||BBBBBBBB|BBBBBBBB||BBBBBBBB|BBBBBBBB||--------|--------||--------|--------| set
cpu-bind=MASK - n2cn1080, task 455  3 [329765]: mask 0x|--------|--------||--------|--------||--------|--------||--------|--------||||--------|--------||--------|--------||BBBBBBBB|BBBBBBBB||BBBBBBBB|BBBBBBBB| set
cpu-bind=MASK - n2cn1094, task 503  3 [317173]: mask 0x|--------|--------||--------|--------||--------|--------||--------|--------||||--------|--------||--------|--------||BBBBBBBB|BBBBBBBB||BBBBBBBB|BBBBBBBB| set
cpu-bind=MASK - n2cn1036, task 327  3 [266736]: mask 0x|--------|--------||--------|--------||--------|--------||--------|--------||||--------|--------||--------|--------||BBBBBBBB|BBBBBBBB||BBBBBBBB|BBBBBBBB| set
cpu-bind=MASK - n2cn0793, task 288  0 [276566]: mask 0x|BBBBBBBB|BBBBBBBB||BBBBBBBB|BBBBBBBB||--------|--------||--------|--------||||--------|--------||--------|--------||--------|--------||--------|--------| set
cpu-bind=MASK - n2cn0794, task 295  3 [250461]: mask 0x|--------|--------||--------|--------||--------|--------||--------|--------||||--------|--------||--------|--------||BBBBBBBB|BBBBBBBB||BBBBBBBB|BBBBBBBB| set
cpu-bind=MASK - n2cn0793, task 289  1 [276567]: mask 0x|--------|--------||--------|--------||BBBBBBBB|BBBBBBBB||BBBBBBBB|BBBBBBBB||||--------|--------||--------|--------||--------|--------||--------|--------| set
cpu-bind=MASK - n2cn0793, task 290  2 [276568]: mask 0x|--------|--------||--------|--------||--------|--------||--------|--------||||BBBBBBBB|BBBBBBBB||BBBBBBBB|BBBBBBBB||--------|--------||--------|--------| set
cpu-bind=MASK - n2cn0557, task 24  0 [281343]: mask 0x|BBBBBBBB|BBBBBBBB||BBBBBBBB|BBBBBBBB||--------|--------||--------|--------||||--------|--------||--------|--------||--------|--------||--------|--------| set
cpu-bind=MASK - n2cn0557, task 25  1 [281344]: mask 0x|--------|--------||--------|--------||BBBBBBBB|BBBBBBBB||BBBBBBBB|BBBBBBBB||||--------|--------||--------|--------||--------|--------||--------|--------| set
cpu-bind=MASK - n2cn0557, task 26  2 [281345]: mask 0x|--------|--------||--------|--------||--------|--------||--------|--------||||BBBBBBBB|BBBBBBBB||BBBBBBBB|BBBBBBBB||--------|--------||--------|--------| set
cpu-bind=MASK - n2cn1095, task 504  0 [271789]: mask 0x|BBBBBBBB|BBBBBBBB||BBBBBBBB|BBBBBBBB||--------|--------||--------|--------||||--------|--------||--------|--------||--------|--------||--------|--------| set
cpu-bind=MASK - n2cn1095, task 505  1 [271790]: mask 0x|--------|--------||--------|--------||BBBBBBBB|BBBBBBBB||BBBBBBBB|BBBBBBBB||||--------|--------||--------|--------||--------|--------||--------|--------| set
cpu-bind=MASK - n2cn1095, task 506  2 [271791]: mask 0x|--------|--------||--------|--------||--------|--------||--------|--------||||BBBBBBBB|BBBBBBBB||BBBBBBBB|BBBBBBBB||--------|--------||--------|--------| set
cpu-bind=MASK - n2cn0793, task 291  3 [276569]: mask 0x|--------|--------||--------|--------||--------|--------||--------|--------||||--------|--------||--------|--------||BBBBBBBB|BBBBBBBB||BBBBBBBB|BBBBBBBB| set
cpu-bind=MASK - n2cn0557, task 27  3 [281346]: mask 0x|--------|--------||--------|--------||--------|--------||--------|--------||||--------|--------||--------|--------||BBBBBBBB|BBBBBBBB||BBBBBBBB|BBBBBBBB| set
cpu-bind=MASK - n2cn1095, task 507  3 [271792]: mask 0x|--------|--------||--------|--------||--------|--------||--------|--------||||--------|--------||--------|--------||BBBBBBBB|BBBBBBBB||BBBBBBBB|BBBBBBBB| set
cpu-bind=MASK - n2cn0783, task 252  0 [321009]: mask 0x|BBBBBBBB|BBBBBBBB||BBBBBBBB|BBBBBBBB||--------|--------||--------|--------||||--------|--------||--------|--------||--------|--------||--------|--------| set
cpu-bind=MASK - n2cn0783, task 253  1 [321010]: mask 0x|--------|--------||--------|--------||BBBBBBBB|BBBBBBBB||BBBBBBBB|BBBBBBBB||||--------|--------||--------|--------||--------|--------||--------|--------| set
cpu-bind=MASK - n2cn0752, task 156  0 [299525]: mask 0x|BBBBBBBB|BBBBBBBB||BBBBBBBB|BBBBBBBB||--------|--------||--------|--------||||--------|--------||--------|--------||--------|--------||--------|--------| set
cpu-bind=MASK - n2cn0783, task 254  2 [321011]: mask 0x|--------|--------||--------|--------||--------|--------||--------|--------||||BBBBBBBB|BBBBBBBB||BBBBBBBB|BBBBBBBB||--------|--------||--------|--------| set
cpu-bind=MASK - n2cn0752, task 157  1 [299526]: mask 0x|--------|--------||--------|--------||BBBBBBBB|BBBBBBBB||BBBBBBBB|BBBBBBBB||||--------|--------||--------|--------||--------|--------||--------|--------| set
cpu-bind=MASK - n2cn0752, task 158  2 [299527]: mask 0x|--------|--------||--------|--------||--------|--------||--------|--------||||BBBBBBBB|BBBBBBBB||BBBBBBBB|BBBBBBBB||--------|--------||--------|--------| set
cpu-bind=MASK - n2cn0791, task 280  0 [322856]: mask 0x|BBBBBBBB|BBBBBBBB||BBBBBBBB|BBBBBBBB||--------|--------||--------|--------||||--------|--------||--------|--------||--------|--------||--------|--------| set
cpu-bind=MASK - n2cn0791, task 281  1 [322857]: mask 0x|--------|--------||--------|--------||BBBBBBBB|BBBBBBBB||BBBBBBBB|BBBBBBBB||||--------|--------||--------|--------||--------|--------||--------|--------| set
cpu-bind=MASK - n2cn0791, task 282  2 [322858]: mask 0x|--------|--------||--------|--------||--------|--------||--------|--------||||BBBBBBBB|BBBBBBBB||BBBBBBBB|BBBBBBBB||--------|--------||--------|--------| set
cpu-bind=MASK - n2cn0783, task 255  3 [321012]: mask 0x|--------|--------||--------|--------||--------|--------||--------|--------||||--------|--------||--------|--------||BBBBBBBB|BBBBBBBB||BBBBBBBB|BBBBBBBB| set
cpu-bind=MASK - n2cn0752, task 159  3 [299528]: mask 0x|--------|--------||--------|--------||--------|--------||--------|--------||||--------|--------||--------|--------||BBBBBBBB|BBBBBBBB||BBBBBBBB|BBBBBBBB| set
cpu-bind=MASK - n2cn0791, task 283  3 [322859]: mask 0x|--------|--------||--------|--------||--------|--------||--------|--------||||--------|--------||--------|--------||BBBBBBBB|BBBBBBBB||BBBBBBBB|BBBBBBBB| set
cpu-bind=MASK - n2cn0586, task 104  0 [245156]: mask 0x|BBBBBBBB|BBBBBBBB||BBBBBBBB|BBBBBBBB||--------|--------||--------|--------||||--------|--------||--------|--------||--------|--------||--------|--------| set
cpu-bind=MASK - n2cn0586, task 105  1 [245157]: mask 0x|--------|--------||--------|--------||BBBBBBBB|BBBBBBBB||BBBBBBBB|BBBBBBBB||||--------|--------||--------|--------||--------|--------||--------|--------| set
cpu-bind=MASK - n2cn1091, task 488  0 [1724132]: mask 0x|BBBBBBBB|BBBBBBBB||BBBBBBBB|BBBBBBBB||--------|--------||--------|--------||||--------|--------||--------|--------||--------|--------||--------|--------| set
cpu-bind=MASK - n2cn0586, task 106  2 [245158]: mask 0x|--------|--------||--------|--------||--------|--------||--------|--------||||BBBBBBBB|BBBBBBBB||BBBBBBBB|BBBBBBBB||--------|--------||--------|--------| set
cpu-bind=MASK - n2cn1091, task 489  1 [1724133]: mask 0x|--------|--------||--------|--------||BBBBBBBB|BBBBBBBB||BBBBBBBB|BBBBBBBB||||--------|--------||--------|--------||--------|--------||--------|--------| set
cpu-bind=MASK - n2cn1091, task 490  2 [1724134]: mask 0x|--------|--------||--------|--------||--------|--------||--------|--------||||BBBBBBBB|BBBBBBBB||BBBBBBBB|BBBBBBBB||--------|--------||--------|--------| set
cpu-bind=MASK - n2cn1056, task 388  0 [404642]: mask 0x|BBBBBBBB|BBBBBBBB||BBBBBBBB|BBBBBBBB||--------|--------||--------|--------||||--------|--------||--------|--------||--------|--------||--------|--------| set
cpu-bind=MASK - n2cn1056, task 389  1 [404643]: mask 0x|--------|--------||--------|--------||BBBBBBBB|BBBBBBBB||BBBBBBBB|BBBBBBBB||||--------|--------||--------|--------||--------|--------||--------|--------| set
cpu-bind=MASK - n2cn1056, task 390  2 [404644]: mask 0x|--------|--------||--------|--------||--------|--------||--------|--------||||BBBBBBBB|BBBBBBBB||BBBBBBBB|BBBBBBBB||--------|--------||--------|--------| set
cpu-bind=MASK - n2cn1054, task 380  0 [380840]: mask 0x|BBBBBBBB|BBBBBBBB||BBBBBBBB|BBBBBBBB||--------|--------||--------|--------||||--------|--------||--------|--------||--------|--------||--------|--------| set
cpu-bind=MASK - n2cn1054, task 381  1 [380841]: mask 0x|--------|--------||--------|--------||BBBBBBBB|BBBBBBBB||BBBBBBBB|BBBBBBBB||||--------|--------||--------|--------||--------|--------||--------|--------| set
cpu-bind=MASK - n2cn1054, task 382  2 [380842]: mask 0x|--------|--------||--------|--------||--------|--------||--------|--------||||BBBBBBBB|BBBBBBBB||BBBBBBBB|BBBBBBBB||--------|--------||--------|--------| set
cpu-bind=MASK - n2cn0586, task 107  3 [245159]: mask 0x|--------|--------||--------|--------||--------|--------||--------|--------||||--------|--------||--------|--------||BBBBBBBB|BBBBBBBB||BBBBBBBB|BBBBBBBB| set
cpu-bind=MASK - n2cn1091, task 491  3 [1724135]: mask 0x|--------|--------||--------|--------||--------|--------||--------|--------||||--------|--------||--------|--------||BBBBBBBB|BBBBBBBB||BBBBBBBB|BBBBBBBB| set
cpu-bind=MASK - n2cn1057, task 392  0 [437478]: mask 0x|BBBBBBBB|BBBBBBBB||BBBBBBBB|BBBBBBBB||--------|--------||--------|--------||||--------|--------||--------|--------||--------|--------||--------|--------| set
cpu-bind=MASK - n2cn1056, task 391  3 [404645]: mask 0x|--------|--------||--------|--------||--------|--------||--------|--------||||--------|--------||--------|--------||BBBBBBBB|BBBBBBBB||BBBBBBBB|BBBBBBBB| set
cpu-bind=MASK - n2cn1057, task 393  1 [437479]: mask 0x|--------|--------||--------|--------||BBBBBBBB|BBBBBBBB||BBBBBBBB|BBBBBBBB||||--------|--------||--------|--------||--------|--------||--------|--------| set
cpu-bind=MASK - n2cn1057, task 394  2 [437480]: mask 0x|--------|--------||--------|--------||--------|--------||--------|--------||||BBBBBBBB|BBBBBBBB||BBBBBBBB|BBBBBBBB||--------|--------||--------|--------| set
cpu-bind=MASK - n2cn1054, task 383  3 [380843]: mask 0x|--------|--------||--------|--------||--------|--------||--------|--------||||--------|--------||--------|--------||BBBBBBBB|BBBBBBBB||BBBBBBBB|BBBBBBBB| set
cpu-bind=MASK - n2cn1076, task 444  0 [382842]: mask 0x|BBBBBBBB|BBBBBBBB||BBBBBBBB|BBBBBBBB||--------|--------||--------|--------||||--------|--------||--------|--------||--------|--------||--------|--------| set
cpu-bind=MASK - n2cn1076, task 445  1 [382843]: mask 0x|--------|--------||--------|--------||BBBBBBBB|BBBBBBBB||BBBBBBBB|BBBBBBBB||||--------|--------||--------|--------||--------|--------||--------|--------| set
cpu-bind=MASK - n2cn1076, task 446  2 [382844]: mask 0x|--------|--------||--------|--------||--------|--------||--------|--------||||BBBBBBBB|BBBBBBBB||BBBBBBBB|BBBBBBBB||--------|--------||--------|--------| set
cpu-bind=MASK - n2cn1057, task 395  3 [437481]: mask 0x|--------|--------||--------|--------||--------|--------||--------|--------||||--------|--------||--------|--------||BBBBBBBB|BBBBBBBB||BBBBBBBB|BBBBBBBB| set
cpu-bind=MASK - n2cn0769, task 208  0 [412036]: mask 0x|BBBBBBBB|BBBBBBBB||BBBBBBBB|BBBBBBBB||--------|--------||--------|--------||||--------|--------||--------|--------||--------|--------||--------|--------| set
cpu-bind=MASK - n2cn0769, task 209  1 [412037]: mask 0x|--------|--------||--------|--------||BBBBBBBB|BBBBBBBB||BBBBBBBB|BBBBBBBB||||--------|--------||--------|--------||--------|--------||--------|--------| set
cpu-bind=MASK - n2cn0769, task 210  2 [412038]: mask 0x|--------|--------||--------|--------||--------|--------||--------|--------||||BBBBBBBB|BBBBBBBB||BBBBBBBB|BBBBBBBB||--------|--------||--------|--------| set
cpu-bind=MASK - n2cn1076, task 447  3 [382845]: mask 0x|--------|--------||--------|--------||--------|--------||--------|--------||||--------|--------||--------|--------||BBBBBBBB|BBBBBBBB||BBBBBBBB|BBBBBBBB| set
cpu-bind=MASK - n2cn1049, task 360  0 [509191]: mask 0x|BBBBBBBB|BBBBBBBB||BBBBBBBB|BBBBBBBB||--------|--------||--------|--------||||--------|--------||--------|--------||--------|--------||--------|--------| set
cpu-bind=MASK - n2cn1049, task 361  1 [509192]: mask 0x|--------|--------||--------|--------||BBBBBBBB|BBBBBBBB||BBBBBBBB|BBBBBBBB||||--------|--------||--------|--------||--------|--------||--------|--------| set
cpu-bind=MASK - n2cn1049, task 362  2 [509193]: mask 0x|--------|--------||--------|--------||--------|--------||--------|--------||||BBBBBBBB|BBBBBBBB||BBBBBBBB|BBBBBBBB||--------|--------||--------|--------| set
cpu-bind=MASK - n2cn1052, task 372  0 [415662]: mask 0x|BBBBBBBB|BBBBBBBB||BBBBBBBB|BBBBBBBB||--------|--------||--------|--------||||--------|--------||--------|--------||--------|--------||--------|--------| set
cpu-bind=MASK - n2cn0769, task 211  3 [412039]: mask 0x|--------|--------||--------|--------||--------|--------||--------|--------||||--------|--------||--------|--------||BBBBBBBB|BBBBBBBB||BBBBBBBB|BBBBBBBB| set
cpu-bind=MASK - n2cn1052, task 373  1 [415663]: mask 0x|--------|--------||--------|--------||BBBBBBBB|BBBBBBBB||BBBBBBBB|BBBBBBBB||||--------|--------||--------|--------||--------|--------||--------|--------| set
cpu-bind=MASK - n2cn1052, task 374  2 [415664]: mask 0x|--------|--------||--------|--------||--------|--------||--------|--------||||BBBBBBBB|BBBBBBBB||BBBBBBBB|BBBBBBBB||--------|--------||--------|--------| set
cpu-bind=MASK - n2cn0777, task 228  0 [264691]: mask 0x|BBBBBBBB|BBBBBBBB||BBBBBBBB|BBBBBBBB||--------|--------||--------|--------||||--------|--------||--------|--------||--------|--------||--------|--------| set
cpu-bind=MASK - n2cn0777, task 229  1 [264692]: mask 0x|--------|--------||--------|--------||BBBBBBBB|BBBBBBBB||BBBBBBBB|BBBBBBBB||||--------|--------||--------|--------||--------|--------||--------|--------| set
cpu-bind=MASK - n2cn0777, task 230  2 [264693]: mask 0x|--------|--------||--------|--------||--------|--------||--------|--------||||BBBBBBBB|BBBBBBBB||BBBBBBBB|BBBBBBBB||--------|--------||--------|--------| set
cpu-bind=MASK - n2cn1049, task 363  3 [509194]: mask 0x|--------|--------||--------|--------||--------|--------||--------|--------||||--------|--------||--------|--------||BBBBBBBB|BBBBBBBB||BBBBBBBB|BBBBBBBB| set
cpu-bind=MASK - n2cn1055, task 384  0 [380198]: mask 0x|BBBBBBBB|BBBBBBBB||BBBBBBBB|BBBBBBBB||--------|--------||--------|--------||||--------|--------||--------|--------||--------|--------||--------|--------| set
cpu-bind=MASK - n2cn1055, task 385  1 [380199]: mask 0x|--------|--------||--------|--------||BBBBBBBB|BBBBBBBB||BBBBBBBB|BBBBBBBB||||--------|--------||--------|--------||--------|--------||--------|--------| set
cpu-bind=MASK - n2cn1052, task 375  3 [415665]: mask 0x|--------|--------||--------|--------||--------|--------||--------|--------||||--------|--------||--------|--------||BBBBBBBB|BBBBBBBB||BBBBBBBB|BBBBBBBB| set
cpu-bind=MASK - n2cn1055, task 386  2 [380200]: mask 0x|--------|--------||--------|--------||--------|--------||--------|--------||||BBBBBBBB|BBBBBBBB||BBBBBBBB|BBBBBBBB||--------|--------||--------|--------| set
cpu-bind=MASK - n2cn0777, task 231  3 [264694]: mask 0x|--------|--------||--------|--------||--------|--------||--------|--------||||--------|--------||--------|--------||BBBBBBBB|BBBBBBBB||BBBBBBBB|BBBBBBBB| set
cpu-bind=MASK - n2cn1055, task 387  3 [380201]: mask 0x|--------|--------||--------|--------||--------|--------||--------|--------||||--------|--------||--------|--------||BBBBBBBB|BBBBBBBB||BBBBBBBB|BBBBBBBB| set
cpu-bind=MASK - n2cn1090, task 484  0 [1679895]: mask 0x|BBBBBBBB|BBBBBBBB||BBBBBBBB|BBBBBBBB||--------|--------||--------|--------||||--------|--------||--------|--------||--------|--------||--------|--------| set
cpu-bind=MASK - n2cn0749, task 144  0 [222132]: mask 0x|BBBBBBBB|BBBBBBBB||BBBBBBBB|BBBBBBBB||--------|--------||--------|--------||||--------|--------||--------|--------||--------|--------||--------|--------| set
cpu-bind=MASK - n2cn1090, task 485  1 [1679896]: mask 0x|--------|--------||--------|--------||BBBBBBBB|BBBBBBBB||BBBBBBBB|BBBBBBBB||||--------|--------||--------|--------||--------|--------||--------|--------| set
cpu-bind=MASK - n2cn0749, task 145  1 [222133]: mask 0x|--------|--------||--------|--------||BBBBBBBB|BBBBBBBB||BBBBBBBB|BBBBBBBB||||--------|--------||--------|--------||--------|--------||--------|--------| set
cpu-bind=MASK - n2cn1090, task 486  2 [1679897]: mask 0x|--------|--------||--------|--------||--------|--------||--------|--------||||BBBBBBBB|BBBBBBBB||BBBBBBBB|BBBBBBBB||--------|--------||--------|--------| set
cpu-bind=MASK - n2cn0749, task 146  2 [222134]: mask 0x|--------|--------||--------|--------||--------|--------||--------|--------||||BBBBBBBB|BBBBBBBB||BBBBBBBB|BBBBBBBB||--------|--------||--------|--------| set
cpu-bind=MASK - n2cn1066, task 416  0 [360426]: mask 0x|BBBBBBBB|BBBBBBBB||BBBBBBBB|BBBBBBBB||--------|--------||--------|--------||||--------|--------||--------|--------||--------|--------||--------|--------| set
cpu-bind=MASK - n2cn1066, task 417  1 [360427]: mask 0x|--------|--------||--------|--------||BBBBBBBB|BBBBBBBB||BBBBBBBB|BBBBBBBB||||--------|--------||--------|--------||--------|--------||--------|--------| set
cpu-bind=MASK - n2cn1066, task 418  2 [360428]: mask 0x|--------|--------||--------|--------||--------|--------||--------|--------||||BBBBBBBB|BBBBBBBB||BBBBBBBB|BBBBBBBB||--------|--------||--------|--------| set
cpu-bind=MASK - n2cn1072, task 440  0 [815500]: mask 0x|BBBBBBBB|BBBBBBBB||BBBBBBBB|BBBBBBBB||--------|--------||--------|--------||||--------|--------||--------|--------||--------|--------||--------|--------| set
cpu-bind=MASK - n2cn1090, task 487  3 [1679898]: mask 0x|--------|--------||--------|--------||--------|--------||--------|--------||||--------|--------||--------|--------||BBBBBBBB|BBBBBBBB||BBBBBBBB|BBBBBBBB| set
cpu-bind=MASK - n2cn1072, task 441  1 [815501]: mask 0x|--------|--------||--------|--------||BBBBBBBB|BBBBBBBB||BBBBBBBB|BBBBBBBB||||--------|--------||--------|--------||--------|--------||--------|--------| set
cpu-bind=MASK - n2cn0749, task 147  3 [222135]: mask 0x|--------|--------||--------|--------||--------|--------||--------|--------||||--------|--------||--------|--------||BBBBBBBB|BBBBBBBB||BBBBBBBB|BBBBBBBB| set
cpu-bind=MASK - n2cn1072, task 442  2 [815502]: mask 0x|--------|--------||--------|--------||--------|--------||--------|--------||||BBBBBBBB|BBBBBBBB||BBBBBBBB|BBBBBBBB||--------|--------||--------|--------| set
cpu-bind=MASK - n2cn1066, task 419  3 [360429]: mask 0x|--------|--------||--------|--------||--------|--------||--------|--------||||--------|--------||--------|--------||BBBBBBBB|BBBBBBBB||BBBBBBBB|BBBBBBBB| set
cpu-bind=MASK - n2cn1072, task 443  3 [815503]: mask 0x|--------|--------||--------|--------||--------|--------||--------|--------||||--------|--------||--------|--------||BBBBBBBB|BBBBBBBB||BBBBBBBB|BBBBBBBB| set
cpu-bind=MASK - n2cn1065, task 412  0 [326924]: mask 0x|BBBBBBBB|BBBBBBBB||BBBBBBBB|BBBBBBBB||--------|--------||--------|--------||||--------|--------||--------|--------||--------|--------||--------|--------| set
cpu-bind=MASK - n2cn1065, task 413  1 [326925]: mask 0x|--------|--------||--------|--------||BBBBBBBB|BBBBBBBB||BBBBBBBB|BBBBBBBB||||--------|--------||--------|--------||--------|--------||--------|--------| set
cpu-bind=MASK - n2cn1065, task 414  2 [326926]: mask 0x|--------|--------||--------|--------||--------|--------||--------|--------||||BBBBBBBB|BBBBBBBB||BBBBBBBB|BBBBBBBB||--------|--------||--------|--------| set
cpu-bind=MASK - n2cn1065, task 415  3 [326927]: mask 0x|--------|--------||--------|--------||--------|--------||--------|--------||||--------|--------||--------|--------||BBBBBBBB|BBBBBBBB||BBBBBBBB|BBBBBBBB| set
cpu-bind=MASK - n2cn1077, task 448  0 [34059]: mask 0x|BBBBBBBB|BBBBBBBB||BBBBBBBB|BBBBBBBB||--------|--------||--------|--------||||--------|--------||--------|--------||--------|--------||--------|--------| set
cpu-bind=MASK - n2cn0556, task 20  0 [237056]: mask 0x|BBBBBBBB|BBBBBBBB||BBBBBBBB|BBBBBBBB||--------|--------||--------|--------||||--------|--------||--------|--------||--------|--------||--------|--------| set
cpu-bind=MASK - n2cn1077, task 449  1 [34060]: mask 0x|--------|--------||--------|--------||BBBBBBBB|BBBBBBBB||BBBBBBBB|BBBBBBBB||||--------|--------||--------|--------||--------|--------||--------|--------| set
cpu-bind=MASK - n2cn0556, task 21  1 [237057]: mask 0x|--------|--------||--------|--------||BBBBBBBB|BBBBBBBB||BBBBBBBB|BBBBBBBB||||--------|--------||--------|--------||--------|--------||--------|--------| set
cpu-bind=MASK - n2cn1096, task 508  0 [330216]: mask 0x|BBBBBBBB|BBBBBBBB||BBBBBBBB|BBBBBBBB||--------|--------||--------|--------||||--------|--------||--------|--------||--------|--------||--------|--------| set
cpu-bind=MASK - n2cn1067, task 420  0 [293114]: mask 0x|BBBBBBBB|BBBBBBBB||BBBBBBBB|BBBBBBBB||--------|--------||--------|--------||||--------|--------||--------|--------||--------|--------||--------|--------| set
cpu-bind=MASK - n2cn1077, task 450  2 [34061]: mask 0x|--------|--------||--------|--------||--------|--------||--------|--------||||BBBBBBBB|BBBBBBBB||BBBBBBBB|BBBBBBBB||--------|--------||--------|--------| set
cpu-bind=MASK - n2cn0556, task 22  2 [237058]: mask 0x|--------|--------||--------|--------||--------|--------||--------|--------||||BBBBBBBB|BBBBBBBB||BBBBBBBB|BBBBBBBB||--------|--------||--------|--------| set
cpu-bind=MASK - n2cn1096, task 509  1 [330217]: mask 0x|--------|--------||--------|--------||BBBBBBBB|BBBBBBBB||BBBBBBBB|BBBBBBBB||||--------|--------||--------|--------||--------|--------||--------|--------| set
cpu-bind=MASK - n2cn1067, task 421  1 [293115]: mask 0x|--------|--------||--------|--------||BBBBBBBB|BBBBBBBB||BBBBBBBB|BBBBBBBB||||--------|--------||--------|--------||--------|--------||--------|--------| set
cpu-bind=MASK - n2cn1067, task 422  2 [293116]: mask 0x|--------|--------||--------|--------||--------|--------||--------|--------||||BBBBBBBB|BBBBBBBB||BBBBBBBB|BBBBBBBB||--------|--------||--------|--------| set
cpu-bind=MASK - n2cn1096, task 510  2 [330218]: mask 0x|--------|--------||--------|--------||--------|--------||--------|--------||||BBBBBBBB|BBBBBBBB||BBBBBBBB|BBBBBBBB||--------|--------||--------|--------| set
cpu-bind=MASK - n2cn0790, task 276  0 [251967]: mask 0x|BBBBBBBB|BBBBBBBB||BBBBBBBB|BBBBBBBB||--------|--------||--------|--------||||--------|--------||--------|--------||--------|--------||--------|--------| set
cpu-bind=MASK - n2cn0790, task 277  1 [251968]: mask 0x|--------|--------||--------|--------||BBBBBBBB|BBBBBBBB||BBBBBBBB|BBBBBBBB||||--------|--------||--------|--------||--------|--------||--------|--------| set
cpu-bind=MASK - n2cn1077, task 451  3 [34062]: mask 0x|--------|--------||--------|--------||--------|--------||--------|--------||||--------|--------||--------|--------||BBBBBBBB|BBBBBBBB||BBBBBBBB|BBBBBBBB| set
cpu-bind=MASK - n2cn0790, task 278  2 [251969]: mask 0x|--------|--------||--------|--------||--------|--------||--------|--------||||BBBBBBBB|BBBBBBBB||BBBBBBBB|BBBBBBBB||--------|--------||--------|--------| set
cpu-bind=MASK - n2cn0556, task 23  3 [237059]: mask 0x|--------|--------||--------|--------||--------|--------||--------|--------||||--------|--------||--------|--------||BBBBBBBB|BBBBBBBB||BBBBBBBB|BBBBBBBB| set
cpu-bind=MASK - n2cn1067, task 423  3 [293117]: mask 0x|--------|--------||--------|--------||--------|--------||--------|--------||||--------|--------||--------|--------||BBBBBBBB|BBBBBBBB||BBBBBBBB|BBBBBBBB| set
cpu-bind=MASK - n2cn1096, task 511  3 [330219]: mask 0x|--------|--------||--------|--------||--------|--------||--------|--------||||--------|--------||--------|--------||BBBBBBBB|BBBBBBBB||BBBBBBBB|BBBBBBBB| set
cpu-bind=MASK - n2cn0790, task 279  3 [251970]: mask 0x|--------|--------||--------|--------||--------|--------||--------|--------||||--------|--------||--------|--------||BBBBBBBB|BBBBBBBB||BBBBBBBB|BBBBBBBB| set
cpu-bind=MASK - n2cn1084, task 464  0 [332284]: mask 0x|BBBBBBBB|BBBBBBBB||BBBBBBBB|BBBBBBBB||--------|--------||--------|--------||||--------|--------||--------|--------||--------|--------||--------|--------| set
cpu-bind=MASK - n2cn1084, task 465  1 [332285]: mask 0x|--------|--------||--------|--------||BBBBBBBB|BBBBBBBB||BBBBBBBB|BBBBBBBB||||--------|--------||--------|--------||--------|--------||--------|--------| set
cpu-bind=MASK - n2cn1084, task 466  2 [332286]: mask 0x|--------|--------||--------|--------||--------|--------||--------|--------||||BBBBBBBB|BBBBBBBB||BBBBBBBB|BBBBBBBB||--------|--------||--------|--------| set
cpu-bind=MASK - n2cn1034, task 316  0 [231057]: mask 0x|BBBBBBBB|BBBBBBBB||BBBBBBBB|BBBBBBBB||--------|--------||--------|--------||||--------|--------||--------|--------||--------|--------||--------|--------| set
cpu-bind=MASK - n2cn1034, task 317  1 [231058]: mask 0x|--------|--------||--------|--------||BBBBBBBB|BBBBBBBB||BBBBBBBB|BBBBBBBB||||--------|--------||--------|--------||--------|--------||--------|--------| set
cpu-bind=MASK - n2cn1034, task 318  2 [231059]: mask 0x|--------|--------||--------|--------||--------|--------||--------|--------||||BBBBBBBB|BBBBBBBB||BBBBBBBB|BBBBBBBB||--------|--------||--------|--------| set
cpu-bind=MASK - n2cn1084, task 467  3 [332287]: mask 0x|--------|--------||--------|--------||--------|--------||--------|--------||||--------|--------||--------|--------||BBBBBBBB|BBBBBBBB||BBBBBBBB|BBBBBBBB| set
cpu-bind=MASK - n2cn1034, task 319  3 [231060]: mask 0x|--------|--------||--------|--------||--------|--------||--------|--------||||--------|--------||--------|--------||BBBBBBBB|BBBBBBBB||BBBBBBBB|BBBBBBBB| set
cpu-bind=MASK - n2cn0754, task 164  0 [257715]: mask 0x|BBBBBBBB|BBBBBBBB||BBBBBBBB|BBBBBBBB||--------|--------||--------|--------||||--------|--------||--------|--------||--------|--------||--------|--------| set
cpu-bind=MASK - n2cn0754, task 165  1 [257716]: mask 0x|--------|--------||--------|--------||BBBBBBBB|BBBBBBBB||BBBBBBBB|BBBBBBBB||||--------|--------||--------|--------||--------|--------||--------|--------| set
cpu-bind=MASK - n2cn0754, task 166  2 [257717]: mask 0x|--------|--------||--------|--------||--------|--------||--------|--------||||BBBBBBBB|BBBBBBBB||BBBBBBBB|BBBBBBBB||--------|--------||--------|--------| set
cpu-bind=MASK - n2cn0778, task 232  0 [244954]: mask 0x|BBBBBBBB|BBBBBBBB||BBBBBBBB|BBBBBBBB||--------|--------||--------|--------||||--------|--------||--------|--------||--------|--------||--------|--------| set
cpu-bind=MASK - n2cn0778, task 233  1 [244955]: mask 0x|--------|--------||--------|--------||BBBBBBBB|BBBBBBBB||BBBBBBBB|BBBBBBBB||||--------|--------||--------|--------||--------|--------||--------|--------| set
cpu-bind=MASK - n2cn0778, task 234  2 [244956]: mask 0x|--------|--------||--------|--------||--------|--------||--------|--------||||BBBBBBBB|BBBBBBBB||BBBBBBBB|BBBBBBBB||--------|--------||--------|--------| set
cpu-bind=MASK - n2cn0754, task 167  3 [257718]: mask 0x|--------|--------||--------|--------||--------|--------||--------|--------||||--------|--------||--------|--------||BBBBBBBB|BBBBBBBB||BBBBBBBB|BBBBBBBB| set
cpu-bind=MASK - n2cn0771, task 216  0 [674353]: mask 0x|BBBBBBBB|BBBBBBBB||BBBBBBBB|BBBBBBBB||--------|--------||--------|--------||||--------|--------||--------|--------||--------|--------||--------|--------| set
cpu-bind=MASK - n2cn0771, task 217  1 [674354]: mask 0x|--------|--------||--------|--------||BBBBBBBB|BBBBBBBB||BBBBBBBB|BBBBBBBB||||--------|--------||--------|--------||--------|--------||--------|--------| set
cpu-bind=MASK - n2cn0778, task 235  3 [244957]: mask 0x|--------|--------||--------|--------||--------|--------||--------|--------||||--------|--------||--------|--------||BBBBBBBB|BBBBBBBB||BBBBBBBB|BBBBBBBB| set
cpu-bind=MASK - n2cn0771, task 218  2 [674355]: mask 0x|--------|--------||--------|--------||--------|--------||--------|--------||||BBBBBBBB|BBBBBBBB||BBBBBBBB|BBBBBBBB||--------|--------||--------|--------| set
cpu-bind=MASK - n2cn0771, task 219  3 [674356]: mask 0x|--------|--------||--------|--------||--------|--------||--------|--------||||--------|--------||--------|--------||BBBBBBBB|BBBBBBBB||BBBBBBBB|BBBBBBBB| set
cpu-bind=MASK - n2cn1082, task 460  0 [241408]: mask 0x|BBBBBBBB|BBBBBBBB||BBBBBBBB|BBBBBBBB||--------|--------||--------|--------||||--------|--------||--------|--------||--------|--------||--------|--------| set
cpu-bind=MASK - n2cn1082, task 461  1 [241409]: mask 0x|--------|--------||--------|--------||BBBBBBBB|BBBBBBBB||BBBBBBBB|BBBBBBBB||||--------|--------||--------|--------||--------|--------||--------|--------| set
cpu-bind=MASK - n2cn1082, task 462  2 [241410]: mask 0x|--------|--------||--------|--------||--------|--------||--------|--------||||BBBBBBBB|BBBBBBBB||BBBBBBBB|BBBBBBBB||--------|--------||--------|--------| set
cpu-bind=MASK - n2cn1082, task 463  3 [241411]: mask 0x|--------|--------||--------|--------||--------|--------||--------|--------||||--------|--------||--------|--------||BBBBBBBB|BBBBBBBB||BBBBBBBB|BBBBBBBB| set
cpu-bind=MASK - n2cn0784, task 256  0 [235121]: mask 0x|BBBBBBBB|BBBBBBBB||BBBBBBBB|BBBBBBBB||--------|--------||--------|--------||||--------|--------||--------|--------||--------|--------||--------|--------| set
cpu-bind=MASK - n2cn0784, task 257  1 [235122]: mask 0x|--------|--------||--------|--------||BBBBBBBB|BBBBBBBB||BBBBBBBB|BBBBBBBB||||--------|--------||--------|--------||--------|--------||--------|--------| set
cpu-bind=MASK - n2cn0784, task 258  2 [235123]: mask 0x|--------|--------||--------|--------||--------|--------||--------|--------||||BBBBBBBB|BBBBBBBB||BBBBBBBB|BBBBBBBB||--------|--------||--------|--------| set
cpu-bind=MASK - n2cn0784, task 259  3 [235124]: mask 0x|--------|--------||--------|--------||--------|--------||--------|--------||||--------|--------||--------|--------||BBBBBBBB|BBBBBBBB||BBBBBBBB|BBBBBBBB| set
Creating ParaFaFT...
Creating ParaFaFT...
Creating ParaFaFT...

==========================================
Benchmark: ParaFaFT R2C 3D, N=4096, MPI procs=512, FFTW threads=32, iterations=20
Creating ParaFaFT...
Creating ParaFaFT...
Creating ParaFaFT...
Creating ParaFaFT...
Creating ParaFaFT...
Creating ParaFaFT...
Creating ParaFaFT...
Creating ParaFaFT...
Creating ParaFaFT...
Creating ParaFaFT...
Creating ParaFaFT...
Creating ParaFaFT...
Creating ParaFaFT...
Creating ParaFaFT...
Creating ParaFaFT...
Creating ParaFaFT...
Creating ParaFaFT...
Creating ParaFaFT...
Creating ParaFaFT...
Creating ParaFaFT...
Creating ParaFaFT...
Creating ParaFaFT...
Creating ParaFaFT...
Creating ParaFaFT...
Creating ParaFaFT...
Creating ParaFaFT...
Creating ParaFaFT...
Creating ParaFaFT...
Creating ParaFaFT...
Creating ParaFaFT...
Creating ParaFaFT...
Creating ParaFaFT...
Creating ParaFaFT...
Creating ParaFaFT...
Creating ParaFaFT...
Creating ParaFaFT...
Creating ParaFaFT...
Creating ParaFaFT...
Creating ParaFaFT...
Creating ParaFaFT...
Creating ParaFaFT...
Creating ParaFaFT...
Creating ParaFaFT...
Creating ParaFaFT...
Creating ParaFaFT...
Creating ParaFaFT...
Creating ParaFaFT...
Creating ParaFaFT...
Creating ParaFaFT...
Creating ParaFaFT...
Creating ParaFaFT...
Creating ParaFaFT...
Creating ParaFaFT...
Creating ParaFaFT...
Creating ParaFaFT...
Creating ParaFaFT...
Creating ParaFaFT...
Creating ParaFaFT...
Creating ParaFaFT...
Creating ParaFaFT...
Creating ParaFaFT...
Creating ParaFaFT...
Creating ParaFaFT...
Creating ParaFaFT...
Creating ParaFaFT...
Creating ParaFaFT...
Creating ParaFaFT...
Creating ParaFaFT...
Creating ParaFaFT...
Creating ParaFaFT...
Creating ParaFaFT...
Creating ParaFaFT...
Creating ParaFaFT...
Creating ParaFaFT...
Creating ParaFaFT...
Creating ParaFaFT...
Creating ParaFaFT...
Creating ParaFaFT...
Creating ParaFaFT...
Creating ParaFaFT...
Creating ParaFaFT...
Creating ParaFaFT...
Creating ParaFaFT...
Creating ParaFaFT...
Creating ParaFaFT...
Creating ParaFaFT...
Creating ParaFaFT...
Creating ParaFaFT...
Creating ParaFaFT...
Creating ParaFaFT...
Creating ParaFaFT...
Creating ParaFaFT...
Creating ParaFaFT...
Creating ParaFaFT...
Creating ParaFaFT...
Creating ParaFaFT...
Creating ParaFaFT...
Creating ParaFaFT...
Creating ParaFaFT...
Creating ParaFaFT...
Creating ParaFaFT...
Creating ParaFaFT...
Creating ParaFaFT...
Creating ParaFaFT...
Creating ParaFaFT...
Creating ParaFaFT...
Creating ParaFaFT...
Creating ParaFaFT...
Creating ParaFaFT...
Creating ParaFaFT...
Creating ParaFaFT...
Creating ParaFaFT...
Creating ParaFaFT...
Creating ParaFaFT...
Creating ParaFaFT...
Creating ParaFaFT...
Creating ParaFaFT...
Creating ParaFaFT...
Creating ParaFaFT...
Creating ParaFaFT...
Creating ParaFaFT...
Creating ParaFaFT...
Creating ParaFaFT...
Creating ParaFaFT...
Creating ParaFaFT...
Creating ParaFaFT...
Creating ParaFaFT...
Creating ParaFaFT...
Creating ParaFaFT...
Creating ParaFaFT...
Creating ParaFaFT...
Creating ParaFaFT...
Creating ParaFaFT...
Creating ParaFaFT...
Creating ParaFaFT...
Creating ParaFaFT...
Creating ParaFaFT...
Creating ParaFaFT...
Creating ParaFaFT...
Creating ParaFaFT...
Creating ParaFaFT...
Creating ParaFaFT...
Creating ParaFaFT...
Creating ParaFaFT...
Creating ParaFaFT...
Creating ParaFaFT...
Creating ParaFaFT...
Creating ParaFaFT...
Creating ParaFaFT...
Creating ParaFaFT...
Creating ParaFaFT...
Creating ParaFaFT...
Creating ParaFaFT...
Creating ParaFaFT...
Creating ParaFaFT...
Creating ParaFaFT...
Creating ParaFaFT...
Creating ParaFaFT...
Creating ParaFaFT...
Creating ParaFaFT...
Creating ParaFaFT...
Creating ParaFaFT...
Creating ParaFaFT...
Creating ParaFaFT...
Creating ParaFaFT...
Creating ParaFaFT...
Creating ParaFaFT...
Creating ParaFaFT...
Creating ParaFaFT...
Creating ParaFaFT...
Creating ParaFaFT...
Creating ParaFaFT...
Creating ParaFaFT...
Creating ParaFaFT...
Creating ParaFaFT...
Creating ParaFaFT...
Creating ParaFaFT...
Creating ParaFaFT...
Creating ParaFaFT...
Creating ParaFaFT...
Creating ParaFaFT...
Creating ParaFaFT...
Creating ParaFaFT...
Creating ParaFaFT...
Creating ParaFaFT...
Creating ParaFaFT...
Creating ParaFaFT...
Creating ParaFaFT...
Creating ParaFaFT...
Creating ParaFaFT...
Creating ParaFaFT...
Creating ParaFaFT...
Creating ParaFaFT...
Creating ParaFaFT...
Creating ParaFaFT...
Creating ParaFaFT...
Creating ParaFaFT...
Creating ParaFaFT...
Creating ParaFaFT...
Creating ParaFaFT...
Creating ParaFaFT...
Creating ParaFaFT...
Creating ParaFaFT...
Creating ParaFaFT...
Creating ParaFaFT...
Creating ParaFaFT...
Creating ParaFaFT...
Creating ParaFaFT...
Creating ParaFaFT...
Creating ParaFaFT...
Creating ParaFaFT...
Creating ParaFaFT...
Creating ParaFaFT...
Creating ParaFaFT...
Creating ParaFaFT...
Creating ParaFaFT...
Creating ParaFaFT...
Creating ParaFaFT...
Creating ParaFaFT...
Creating ParaFaFT...
Creating ParaFaFT...
Creating ParaFaFT...
Creating ParaFaFT...
Creating ParaFaFT...
Creating ParaFaFT...
Creating ParaFaFT...
Creating ParaFaFT...
Creating ParaFaFT...
Creating ParaFaFT...
Creating ParaFaFT...
Creating ParaFaFT...
Creating ParaFaFT...
Creating ParaFaFT...
Creating ParaFaFT...
Creating ParaFaFT...
Creating ParaFaFT...
Creating ParaFaFT...
Creating ParaFaFT...
Creating ParaFaFT...
Creating ParaFaFT...
Creating ParaFaFT...
Creating ParaFaFT...
Creating ParaFaFT...
Creating ParaFaFT...
Creating ParaFaFT...
Creating ParaFaFT...
Creating ParaFaFT...
Creating ParaFaFT...
Creating ParaFaFT...
Creating ParaFaFT...
Creating ParaFaFT...
Creating ParaFaFT...
Creating ParaFaFT...
Creating ParaFaFT...
Creating ParaFaFT...
Creating ParaFaFT...
Creating ParaFaFT...
Creating ParaFaFT...
Creating ParaFaFT...
Creating ParaFaFT...
Creating ParaFaFT...
Creating ParaFaFT...
Creating ParaFaFT...
Creating ParaFaFT...
Creating ParaFaFT...
Creating ParaFaFT...
Creating ParaFaFT...
Creating ParaFaFT...
Creating ParaFaFT...
Creating ParaFaFT...
Creating ParaFaFT...
Creating ParaFaFT...
Creating ParaFaFT...
Creating ParaFaFT...
Creating ParaFaFT...
Creating ParaFaFT...
Creating ParaFaFT...
Creating ParaFaFT...
Creating ParaFaFT...
Creating ParaFaFT...
Creating ParaFaFT...
Creating ParaFaFT...
Creating ParaFaFT...
Creating ParaFaFT...
Creating ParaFaFT...
Creating ParaFaFT...
Creating ParaFaFT...
Creating ParaFaFT...
Creating ParaFaFT...
Creating ParaFaFT...
Creating ParaFaFT...
Creating ParaFaFT...
Creating ParaFaFT...
Creating ParaFaFT...
Creating ParaFaFT...
Creating ParaFaFT...
Creating ParaFaFT...
Creating ParaFaFT...
Creating ParaFaFT...
Creating ParaFaFT...
Creating ParaFaFT...
Creating ParaFaFT...
Creating ParaFaFT...
Creating ParaFaFT...
Creating ParaFaFT...
Creating ParaFaFT...
Creating ParaFaFT...
Creating ParaFaFT...
Creating ParaFaFT...
Creating ParaFaFT...
Creating ParaFaFT...
Creating ParaFaFT...
Creating ParaFaFT...
Creating ParaFaFT...
Creating ParaFaFT...
Creating ParaFaFT...
Creating ParaFaFT...
Creating ParaFaFT...
Creating ParaFaFT...
Creating ParaFaFT...
Creating ParaFaFT...
Creating ParaFaFT...
Creating ParaFaFT...
Creating ParaFaFT...
Creating ParaFaFT...
Creating ParaFaFT...
Creating ParaFaFT...
Creating ParaFaFT...
Creating ParaFaFT...
Creating ParaFaFT...
Creating ParaFaFT...
Creating ParaFaFT...
Creating ParaFaFT...
Creating ParaFaFT...
Creating ParaFaFT...
Creating ParaFaFT...
Creating ParaFaFT...
Creating ParaFaFT...
Creating ParaFaFT...
Creating ParaFaFT...
Creating ParaFaFT...
Creating ParaFaFT...
Creating ParaFaFT...
Creating ParaFaFT...
Creating ParaFaFT...
Creating ParaFaFT...
Creating ParaFaFT...
Creating ParaFaFT...
Creating ParaFaFT...
Creating ParaFaFT...
Creating ParaFaFT...
Creating ParaFaFT...
Creating ParaFaFT...
Creating ParaFaFT...
Creating ParaFaFT...
Creating ParaFaFT...
Creating ParaFaFT...
Creating ParaFaFT...
Creating ParaFaFT...
Creating ParaFaFT...
Creating ParaFaFT...
Creating ParaFaFT...
Creating ParaFaFT...
Creating ParaFaFT...
Creating ParaFaFT...
Creating ParaFaFT...
Creating ParaFaFT...
Creating ParaFaFT...
Creating ParaFaFT...
Creating ParaFaFT...
Creating ParaFaFT...
Creating ParaFaFT...
Creating ParaFaFT...
Creating ParaFaFT...
Creating ParaFaFT...
Creating ParaFaFT...
Creating ParaFaFT...
Creating ParaFaFT...
Creating ParaFaFT...
Creating ParaFaFT...
Creating ParaFaFT...
Creating ParaFaFT...
Creating ParaFaFT...
Creating ParaFaFT...
Creating ParaFaFT...
Creating ParaFaFT...
Creating ParaFaFT...
Creating ParaFaFT...
Creating ParaFaFT...
Creating ParaFaFT...
Creating ParaFaFT...
Creating ParaFaFT...
Creating ParaFaFT...
Creating ParaFaFT...
Creating ParaFaFT...
Creating ParaFaFT...
Creating ParaFaFT...
Creating ParaFaFT...
Creating ParaFaFT...
Creating ParaFaFT...
Creating ParaFaFT...
Creating ParaFaFT...
Creating ParaFaFT...
Creating ParaFaFT...
Creating ParaFaFT...
Creating ParaFaFT...
Creating ParaFaFT...
Creating ParaFaFT...
Creating ParaFaFT...
Creating ParaFaFT...
Creating ParaFaFT...
Creating ParaFaFT...
Creating ParaFaFT...
Creating ParaFaFT...
Creating ParaFaFT...
Creating ParaFaFT...
Creating ParaFaFT...
Creating ParaFaFT...
Creating ParaFaFT...
Creating ParaFaFT...
Creating ParaFaFT...
Creating ParaFaFT...
Creating ParaFaFT...
Creating ParaFaFT...
Creating ParaFaFT...
Creating ParaFaFT...
Creating ParaFaFT...
Creating ParaFaFT...
Creating ParaFaFT...
Creating ParaFaFT...
Creating ParaFaFT...
Creating ParaFaFT...
Creating ParaFaFT...
Creating ParaFaFT...
Creating ParaFaFT...
Creating ParaFaFT...
Creating ParaFaFT...
Creating ParaFaFT...
Creating ParaFaFT...
Creating ParaFaFT...
Creating ParaFaFT...
Creating ParaFaFT...
Creating ParaFaFT...
Creating ParaFaFT...
Creating ParaFaFT...
Creating ParaFaFT...
Creating ParaFaFT...
Creating ParaFaFT...
Creating ParaFaFT...
Creating ParaFaFT...
Creating ParaFaFT...
Creating ParaFaFT...
Creating ParaFaFT...
Creating ParaFaFT...
Creating ParaFaFT...
Creating ParaFaFT...
Creating ParaFaFT...
Creating ParaFaFT...
Creating ParaFaFT...
Creating ParaFaFT...
Creating ParaFaFT...
Creating ParaFaFT...
Creating ParaFaFT...
Creating ParaFaFT...
Creating ParaFaFT...
Creating ParaFaFT...
Creating ParaFaFT...
Creating ParaFaFT...
Creating ParaFaFT...
Creating ParaFaFT...
Creating ParaFaFT...
Creating ParaFaFT...
Creating ParaFaFT...
Creating ParaFaFT...
Creating ParaFaFT...
Creating ParaFaFT...
Creating ParaFaFT...
Creating ParaFaFT...
Creating ParaFaFT...
Creating ParaFaFT...
Creating ParaFaFT...
Creating ParaFaFT...
Creating ParaFaFT...
Creating ParaFaFT...
Creating ParaFaFT...
Creating ParaFaFT...
Creating ParaFaFT...
Creating ParaFaFT...
Creating ParaFaFT...
Creating ParaFaFT...
Creating ParaFaFT...
Creating ParaFaFT...
Creating ParaFaFT...
Creating ParaFaFT...
Creating ParaFaFT...
Creating ParaFaFT...
Creating ParaFaFT...
Creating ParaFaFT...
Creating ParaFaFT...
Creating ParaFaFT...
Creating ParaFaFT...
Creating ParaFaFT...
Creating ParaFaFT...
Creating ParaFaFT...
Creating ParaFaFT...
Creating ParaFaFT...
Creating ParaFaFT...
Creating ParaFaFT...
Creating ParaFaFT...
Filling data...
Filling data...
Filling data...
Filling data...
Filling data...
Filling data...
Filling data...
Filling data...
Filling data...
Filling data...
Filling data...
Filling data...
Filling data...
Filling data...
Filling data...
Filling data...
Filling data...
Filling data...
Filling data...
Filling data...
Filling data...
Filling data...
Filling data...
Filling data...
Filling data...
Filling data...
Filling data...
Filling data...
Filling data...
Filling data...
Filling data...
Filling data...
Filling data...
Filling data...
Filling data...
Filling data...
Filling data...
Filling data...
Filling data...
Filling data...
Filling data...
Filling data...
Filling data...
Filling data...
Filling data...
Filling data...
Filling data...
Filling data...
Filling data...
Filling data...
Filling data...
Filling data...
Filling data...
Filling data...
Filling data...
Filling data...
Filling data...
Filling data...
Filling data...
Filling data...
Filling data...
Filling data...
Filling data...
Filling data...
Filling data...
Filling data...
Filling data...
Filling data...
Filling data...
Filling data...
Filling data...
Filling data...
Filling data...
Filling data...
Filling data...
Filling data...
Filling data...
Filling data...
Filling data...
Filling data...
Filling data...
Filling data...
Filling data...
Filling data...
Filling data...
Filling data...
Filling data...
Filling data...
Filling data...
Filling data...
Filling data...
Filling data...
Filling data...
Filling data...
Filling data...
Filling data...
Filling data...
Filling data...
Filling data...
Filling data...
Filling data...
Filling data...
Filling data...
Filling data...
Filling data...
Filling data...
Filling data...
Filling data...
Filling data...
Filling data...
Filling data...
Filling data...
Filling data...
Filling data...
Filling data...
Filling data...
Filling data...
Filling data...
Filling data...
Filling data...
Filling data...
Filling data...
Filling data...
Filling data...
Filling data...
Filling data...
Filling data...
Filling data...
Filling data...
Filling data...
Filling data...
Filling data...
Filling data...
Filling data...
Filling data...
Filling data...
Filling data...
Filling data...
Filling data...
Filling data...
Filling data...
Filling data...
Filling data...
Filling data...
Filling data...
Filling data...
Filling data...
Filling data...
Filling data...
Filling data...
Filling data...
Filling data...
Filling data...
Filling data...
Filling data...
Filling data...
Filling data...
Filling data...
Filling data...
Filling data...
Filling data...
Filling data...
Filling data...
Filling data...
Filling data...
Filling data...
Filling data...
Filling data...
Filling data...
Filling data...
Filling data...
Filling data...
Filling data...
Filling data...
Filling data...
Filling data...
Filling data...
Filling data...
Filling data...
Filling data...
Filling data...
Filling data...
Filling data...
Filling data...
Filling data...
Filling data...
Filling data...
Filling data...
Filling data...
Filling data...
Filling data...
Filling data...
Filling data...
Filling data...
Filling data...
Filling data...
Filling data...
Filling data...
Filling data...
Filling data...
Filling data...
Filling data...
Filling data...
Filling data...
Filling data...
Filling data...
Filling data...
Filling data...
Filling data...
Filling data...
Filling data...
Filling data...
Filling data...
Filling data...
Filling data...
Filling data...
Filling data...
Filling data...
Filling data...
Filling data...
Filling data...
Filling data...
Filling data...
Filling data...
Filling data...
Filling data...
Filling data...
Filling data...
Filling data...
Filling data...
Filling data...
Filling data...
Filling data...
Filling data...
Filling data...
Filling data...
Filling data...
Filling data...
Filling data...
Filling data...
Filling data...
Filling data...
Filling data...
Filling data...
Filling data...
Filling data...
Filling data...
Filling data...
Filling data...
Filling data...
Filling data...
Filling data...
Filling data...
Filling data...
Filling data...
Filling data...
Filling data...
Filling data...
Filling data...
Filling data...
Filling data...
Filling data...
Filling data...
Filling data...
Filling data...
Filling data...
Filling data...
Filling data...
Filling data...
Filling data...
Filling data...
Filling data...
Filling data...
Filling data...
Filling data...
Filling data...
Filling data...
Filling data...
Filling data...
Filling data...
Filling data...
Filling data...
Filling data...
Filling data...
Filling data...
Filling data...
Filling data...
Filling data...
Filling data...
Filling data...
Filling data...
Filling data...
Filling data...
Filling data...
Filling data...
Filling data...
Filling data...
Filling data...
Filling data...
Filling data...
Filling data...
Filling data...
Filling data...
Filling data...
Filling data...
Filling data...
Filling data...
Filling data...
Filling data...
Filling data...
Filling data...
Filling data...
Filling data...
Filling data...
Filling data...
Filling data...
Filling data...
Filling data...
Filling data...
Filling data...
Filling data...
Filling data...
Filling data...
Filling data...
Filling data...
Filling data...
Filling data...
Filling data...
Filling data...
Filling data...
Filling data...
Filling data...
Filling data...
Filling data...
Filling data...
Filling data...
Filling data...
Filling data...
Filling data...
Filling data...
Filling data...
Filling data...
Filling data...
Filling data...
Filling data...
Filling data...
Filling data...
Filling data...
Filling data...
Filling data...
Filling data...
Filling data...
Filling data...
Filling data...
Filling data...
Filling data...
Filling data...
Filling data...
Filling data...
Filling data...
Filling data...
Filling data...
Filling data...
Filling data...
Filling data...
Filling data...
Filling data...
Filling data...
Filling data...
Filling data...
Filling data...
Filling data...
Filling data...
Filling data...
Filling data...
Filling data...
Filling data...
Filling data...
Filling data...
Filling data...
Filling data...
Filling data...
Filling data...
Filling data...
Filling data...
Filling data...
Filling data...
Filling data...
Filling data...
Filling data...
Filling data...
Filling data...
Filling data...
Filling data...
Filling data...
Filling data...
Filling data...
Filling data...
Filling data...
Filling data...
Filling data...
Filling data...
Filling data...
Filling data...
Filling data...
Filling data...
Filling data...
Filling data...
Filling data...
Filling data...
Filling data...
Filling data...
Filling data...
Filling data...
Filling data...
Filling data...
Filling data...
Filling data...
Filling data...
Filling data...
Filling data...
Filling data...
Filling data...
Filling data...
Filling data...
Filling data...
Filling data...
Filling data...
Filling data...
Filling data...
Filling data...
Filling data...
Filling data...
Filling data...
Filling data...
Filling data...
Filling data...
Filling data...
Filling data...
Filling data...
Filling data...
Filling data...
Filling data...
Filling data...
Filling data...
Filling data...
Filling data...
Filling data...
Filling data...
Filling data...
Filling data...
Filling data...
Filling data...
Filling data...
Filling data...
Filling data...
Filling data...
Filling data...
Filling data...
Filling data...
Filling data...
Filling data...
Filling data...
Filling data...
Filling data...
Filling data...
Filling data...
Filling data...
Filling data...
Filling data...
Filling data...
Filling data...
Filling data...
Filling data...
Filling data...
Filling data...
Filling data...
Filling data...
Filling data...
Filling data...
Filling data...
Filling data...
Filling data...
Filling data...
Filling data...
Filling data...
Filling data...
Filling data...
Filling data...
Filling data...
Filling data...
Filling data...
Filling data...
Filling data...
Filling data...
Filling data...
Filling data...
Filling data...
Filling data...
Filling data...
Filling data...
Filling data...
Filling data...
Filling data...
Filling data...
Filling data...
Filling data...
Filling data...
Filling data...
Filling data...
Filling data...
Filling data...
Doing warmup FFTs ...
Doing warmup FFTs ...
Doing warmup FFTs ...
Doing warmup FFTs ...
Doing warmup FFTs ...
Doing warmup FFTs ...
Doing warmup FFTs ...
Doing warmup FFTs ...
Doing warmup FFTs ...
Doing warmup FFTs ...
Doing warmup FFTs ...
Doing warmup FFTs ...
Doing warmup FFTs ...
Doing warmup FFTs ...
Doing warmup FFTs ...
Doing warmup FFTs ...
Doing warmup FFTs ...
Doing warmup FFTs ...
Doing warmup FFTs ...
Doing warmup FFTs ...
Doing warmup FFTs ...
Doing warmup FFTs ...
Doing warmup FFTs ...
Doing warmup FFTs ...
Doing warmup FFTs ...
Doing warmup FFTs ...
Doing warmup FFTs ...
Doing warmup FFTs ...
Doing warmup FFTs ...
Doing warmup FFTs ...
Doing warmup FFTs ...
Doing warmup FFTs ...
Doing warmup FFTs ...
Doing warmup FFTs ...
Doing warmup FFTs ...
Doing warmup FFTs ...
Doing warmup FFTs ...
Doing warmup FFTs ...
Doing warmup FFTs ...
Doing warmup FFTs ...
Doing warmup FFTs ...
Doing warmup FFTs ...
Doing warmup FFTs ...
Doing warmup FFTs ...
Doing warmup FFTs ...
Doing warmup FFTs ...
Doing warmup FFTs ...
Doing warmup FFTs ...
Doing warmup FFTs ...
Doing warmup FFTs ...
Doing warmup FFTs ...
Doing warmup FFTs ...
Doing warmup FFTs ...
Doing warmup FFTs ...
Doing warmup FFTs ...
Doing warmup FFTs ...
Doing warmup FFTs ...
Doing warmup FFTs ...
Doing warmup FFTs ...
Doing warmup FFTs ...
Doing warmup FFTs ...
Doing warmup FFTs ...
Doing warmup FFTs ...
Doing warmup FFTs ...
Doing warmup FFTs ...
Doing warmup FFTs ...
Doing warmup FFTs ...
Doing warmup FFTs ...
Doing warmup FFTs ...
Doing warmup FFTs ...
Doing warmup FFTs ...
Doing warmup FFTs ...
Doing warmup FFTs ...
Doing warmup FFTs ...
Doing warmup FFTs ...
Doing warmup FFTs ...
Doing warmup FFTs ...
Doing warmup FFTs ...
Doing warmup FFTs ...
Doing warmup FFTs ...
Doing warmup FFTs ...
Doing warmup FFTs ...
Doing warmup FFTs ...
Doing warmup FFTs ...
Doing warmup FFTs ...
Doing warmup FFTs ...
Doing warmup FFTs ...
Doing warmup FFTs ...
Doing warmup FFTs ...
Doing warmup FFTs ...
Doing warmup FFTs ...
Doing warmup FFTs ...
Doing warmup FFTs ...
Doing warmup FFTs ...
Doing warmup FFTs ...
Doing warmup FFTs ...
Doing warmup FFTs ...
Doing warmup FFTs ...
Doing warmup FFTs ...
Doing warmup FFTs ...
Doing warmup FFTs ...
Doing warmup FFTs ...
Doing warmup FFTs ...
Doing warmup FFTs ...
Doing warmup FFTs ...
Doing warmup FFTs ...
Doing warmup FFTs ...
Doing warmup FFTs ...
Doing warmup FFTs ...
Doing warmup FFTs ...
Doing warmup FFTs ...
Doing warmup FFTs ...
Doing warmup FFTs ...
Doing warmup FFTs ...
Doing warmup FFTs ...
Doing warmup FFTs ...
Doing warmup FFTs ...
Doing warmup FFTs ...
Doing warmup FFTs ...
Doing warmup FFTs ...
Doing warmup FFTs ...
Doing warmup FFTs ...
Doing warmup FFTs ...
Doing warmup FFTs ...
Doing warmup FFTs ...
Doing warmup FFTs ...
Doing warmup FFTs ...
Doing warmup FFTs ...
Doing warmup FFTs ...
Doing warmup FFTs ...
Doing warmup FFTs ...
Doing warmup FFTs ...
Doing warmup FFTs ...
Doing warmup FFTs ...
Doing warmup FFTs ...
Doing warmup FFTs ...
Doing warmup FFTs ...
Doing warmup FFTs ...
Doing warmup FFTs ...
Doing warmup FFTs ...
Doing warmup FFTs ...
Doing warmup FFTs ...
Doing warmup FFTs ...
Doing warmup FFTs ...
Doing warmup FFTs ...
Doing warmup FFTs ...
Doing warmup FFTs ...
Doing warmup FFTs ...
Doing warmup FFTs ...
Doing warmup FFTs ...
Doing warmup FFTs ...
Doing warmup FFTs ...
Doing warmup FFTs ...
Doing warmup FFTs ...
Doing warmup FFTs ...
Doing warmup FFTs ...
Doing warmup FFTs ...
Doing warmup FFTs ...
Doing warmup FFTs ...
Doing warmup FFTs ...
Doing warmup FFTs ...
Doing warmup FFTs ...
Doing warmup FFTs ...
Doing warmup FFTs ...
Doing warmup FFTs ...
Doing warmup FFTs ...
Doing warmup FFTs ...
Doing warmup FFTs ...
Doing warmup FFTs ...
Doing warmup FFTs ...
Doing warmup FFTs ...
Doing warmup FFTs ...
Doing warmup FFTs ...
Doing warmup FFTs ...
Doing warmup FFTs ...
Doing warmup FFTs ...
Doing warmup FFTs ...
Doing warmup FFTs ...
Doing warmup FFTs ...
Doing warmup FFTs ...
Doing warmup FFTs ...
Doing warmup FFTs ...
Doing warmup FFTs ...
Doing warmup FFTs ...
Doing warmup FFTs ...
Doing warmup FFTs ...
Doing warmup FFTs ...
Doing warmup FFTs ...
Doing warmup FFTs ...
Doing warmup FFTs ...
Doing warmup FFTs ...
Doing warmup FFTs ...
Doing warmup FFTs ...
Doing warmup FFTs ...
Doing warmup FFTs ...
Doing warmup FFTs ...
Doing warmup FFTs ...
Doing warmup FFTs ...
Doing warmup FFTs ...
Doing warmup FFTs ...
Doing warmup FFTs ...
Doing warmup FFTs ...
Doing warmup FFTs ...
Doing warmup FFTs ...
Doing warmup FFTs ...
Doing warmup FFTs ...
Doing warmup FFTs ...
Doing warmup FFTs ...
Doing warmup FFTs ...
Doing warmup FFTs ...
Doing warmup FFTs ...
Doing warmup FFTs ...
Doing warmup FFTs ...
Doing warmup FFTs ...
Doing warmup FFTs ...
Doing warmup FFTs ...
Doing warmup FFTs ...
Doing warmup FFTs ...
Doing warmup FFTs ...
Doing warmup FFTs ...
Doing warmup FFTs ...
Doing warmup FFTs ...
Doing warmup FFTs ...
Doing warmup FFTs ...
Doing warmup FFTs ...
Doing warmup FFTs ...
Doing warmup FFTs ...
Doing warmup FFTs ...
Doing warmup FFTs ...
Doing warmup FFTs ...
Doing warmup FFTs ...
Doing warmup FFTs ...
Doing warmup FFTs ...
Doing warmup FFTs ...
Doing warmup FFTs ...
Doing warmup FFTs ...
Doing warmup FFTs ...
Doing warmup FFTs ...
Doing warmup FFTs ...
Doing warmup FFTs ...
Doing warmup FFTs ...
Doing warmup FFTs ...
Doing warmup FFTs ...
Doing warmup FFTs ...
Doing warmup FFTs ...
Doing warmup FFTs ...
Doing warmup FFTs ...
Doing warmup FFTs ...
Doing warmup FFTs ...
Doing warmup FFTs ...
Doing warmup FFTs ...
Doing warmup FFTs ...
Doing warmup FFTs ...
Doing warmup FFTs ...
Doing warmup FFTs ...
Doing warmup FFTs ...
Doing warmup FFTs ...
Doing warmup FFTs ...
Doing warmup FFTs ...
Doing warmup FFTs ...
Doing warmup FFTs ...
Doing warmup FFTs ...
Doing warmup FFTs ...
Doing warmup FFTs ...
Doing warmup FFTs ...
Doing warmup FFTs ...
Doing warmup FFTs ...
Doing warmup FFTs ...
Doing warmup FFTs ...
Doing warmup FFTs ...
Doing warmup FFTs ...
Doing warmup FFTs ...
Doing warmup FFTs ...
Doing warmup FFTs ...
Doing warmup FFTs ...
Doing warmup FFTs ...
Doing warmup FFTs ...
Doing warmup FFTs ...
Doing warmup FFTs ...
Doing warmup FFTs ...
Doing warmup FFTs ...
Doing warmup FFTs ...
Doing warmup FFTs ...
Doing warmup FFTs ...
Doing warmup FFTs ...
Doing warmup FFTs ...
Doing warmup FFTs ...
Doing warmup FFTs ...
Doing warmup FFTs ...
Doing warmup FFTs ...
Doing warmup FFTs ...
Doing warmup FFTs ...
Doing warmup FFTs ...
Doing warmup FFTs ...
Doing warmup FFTs ...
Doing warmup FFTs ...
Doing warmup FFTs ...
Doing warmup FFTs ...
Doing warmup FFTs ...
Doing warmup FFTs ...
Doing warmup FFTs ...
Doing warmup FFTs ...
Doing warmup FFTs ...
Doing warmup FFTs ...
Doing warmup FFTs ...
Doing warmup FFTs ...
Doing warmup FFTs ...
Doing warmup FFTs ...
Doing warmup FFTs ...
Doing warmup FFTs ...
Doing warmup FFTs ...
Doing warmup FFTs ...
Doing warmup FFTs ...
Doing warmup FFTs ...
Doing warmup FFTs ...
Doing warmup FFTs ...
Doing warmup FFTs ...
Doing warmup FFTs ...
Doing warmup FFTs ...
Doing warmup FFTs ...
Doing warmup FFTs ...
Doing warmup FFTs ...
Doing warmup FFTs ...
Doing warmup FFTs ...
Doing warmup FFTs ...
Doing warmup FFTs ...
Doing warmup FFTs ...
Doing warmup FFTs ...
Doing warmup FFTs ...
Doing warmup FFTs ...
Doing warmup FFTs ...
Doing warmup FFTs ...
Doing warmup FFTs ...
Doing warmup FFTs ...
Doing warmup FFTs ...
Doing warmup FFTs ...
Doing warmup FFTs ...
Doing warmup FFTs ...
Doing warmup FFTs ...
Doing warmup FFTs ...
Doing warmup FFTs ...
Doing warmup FFTs ...
Doing warmup FFTs ...
Doing warmup FFTs ...
Doing warmup FFTs ...
Doing warmup FFTs ...
Doing warmup FFTs ...
Doing warmup FFTs ...
Doing warmup FFTs ...
Doing warmup FFTs ...
Doing warmup FFTs ...
Doing warmup FFTs ...
Doing warmup FFTs ...
Doing warmup FFTs ...
Doing warmup FFTs ...
Doing warmup FFTs ...
Doing warmup FFTs ...
Doing warmup FFTs ...
Doing warmup FFTs ...
Doing warmup FFTs ...
Doing warmup FFTs ...
Doing warmup FFTs ...
Doing warmup FFTs ...
Doing warmup FFTs ...
Doing warmup FFTs ...
Doing warmup FFTs ...
Doing warmup FFTs ...
Doing warmup FFTs ...
Doing warmup FFTs ...
Doing warmup FFTs ...
Doing warmup FFTs ...
Doing warmup FFTs ...
Doing warmup FFTs ...
Doing warmup FFTs ...
Doing warmup FFTs ...
Doing warmup FFTs ...
Doing warmup FFTs ...
Doing warmup FFTs ...
Doing warmup FFTs ...
Doing warmup FFTs ...
Doing warmup FFTs ...
Doing warmup FFTs ...
Doing warmup FFTs ...
Doing warmup FFTs ...
Doing warmup FFTs ...
Doing warmup FFTs ...
Doing warmup FFTs ...
Doing warmup FFTs ...
Doing warmup FFTs ...
Doing warmup FFTs ...
Doing warmup FFTs ...
Doing warmup FFTs ...
Doing warmup FFTs ...
Doing warmup FFTs ...
Doing warmup FFTs ...
Doing warmup FFTs ...
Doing warmup FFTs ...
Doing warmup FFTs ...
Doing warmup FFTs ...
Doing warmup FFTs ...
Doing warmup FFTs ...
Doing warmup FFTs ...
Doing warmup FFTs ...
Doing warmup FFTs ...
Doing warmup FFTs ...
Doing warmup FFTs ...
Doing warmup FFTs ...
Doing warmup FFTs ...
Doing warmup FFTs ...
Doing warmup FFTs ...
Doing warmup FFTs ...
Doing warmup FFTs ...
Doing warmup FFTs ...
Doing warmup FFTs ...
Doing warmup FFTs ...
Doing warmup FFTs ...
Doing warmup FFTs ...
Doing warmup FFTs ...
Doing warmup FFTs ...
Doing warmup FFTs ...
Doing warmup FFTs ...
Doing warmup FFTs ...
Doing warmup FFTs ...
Doing warmup FFTs ...
Doing warmup FFTs ...
Doing warmup FFTs ...
Doing warmup FFTs ...
Doing warmup FFTs ...
Doing warmup FFTs ...
Doing warmup FFTs ...
Doing warmup FFTs ...
Doing warmup FFTs ...
Doing warmup FFTs ...
Doing warmup FFTs ...
Doing warmup FFTs ...
Doing warmup FFTs ...
Doing warmup FFTs ...
Doing warmup FFTs ...
Doing warmup FFTs ...
Doing warmup FFTs ...
Doing warmup FFTs ...
Doing warmup FFTs ...
Doing warmup FFTs ...
Doing warmup FFTs ...
Doing warmup FFTs ...
Doing warmup FFTs ...
Doing warmup FFTs ...
Doing warmup FFTs ...
Doing warmup FFTs ...
Doing warmup FFTs ...
Doing warmup FFTs ...
Doing warmup FFTs ...
Doing warmup FFTs ...
Doing warmup FFTs ...
Doing warmup FFTs ...
Doing warmup FFTs ...
Doing warmup FFTs ...
Doing warmup FFTs ...
Doing warmup FFTs ...
Doing warmup FFTs ...
Doing warmup FFTs ...
Doing warmup FFTs ...
Doing warmup FFTs ...
Doing warmup FFTs ...
Doing warmup FFTs ...
Doing warmup FFTs ...
Doing warmup FFTs ...
Doing warmup FFTs ...
Doing warmup FFTs ...
Doing warmup FFTs ...
Doing warmup FFTs ...
Doing warmup FFTs ...
Doing warmup FFTs ...
Doing warmup FFTs ...
Doing warmup FFTs ...
Doing warmup FFTs ...
Doing warmup FFTs ...
Doing warmup FFTs ...
Doing warmup FFTs ...
Doing warmup FFTs ...
Doing warmup FFTs ...
Doing warmup FFTs ...
Doing warmup FFTs ...
Doing warmup FFTs ...
Doing warmup FFTs ...
Doing warmup FFTs ...
Doing warmup FFTs ...
Doing warmup FFTs ...
Doing warmup FFTs ...
Doing warmup FFTs ...
Doing warmup FFTs ...
Doing warmup FFTs ...
Doing warmup FFTs ...
Doing warmup FFTs ...
Doing warmup FFTs ...
Doing warmup FFTs ...
Doing warmup FFTs ...
Doing warmup FFTs ...
Doing warmup FFTs ...
Doing warmup FFTs ...
Doing warmup FFTs ...
Doing warmup FFTs ...
Doing warmup FFTs ...
Doing warmup FFTs ...
Doing warmup FFTs ...
Doing warmup FFTs ...
Doing warmup FFTs ...
Doing warmup FFTs ...
Doing warmup FFTs ...
Doing warmup FFTs ...
Doing warmup FFTs ...
Doing warmup FFTs ...
Doing FFTs ...
Doing FFTs ...
Doing FFTs ...
Doing FFTs ...
Doing FFTs ...
Doing FFTs ...
Doing FFTs ...
Doing FFTs ...
Doing FFTs ...
Doing FFTs ...
Doing FFTs ...
Doing FFTs ...
Doing FFTs ...
Doing FFTs ...
Doing FFTs ...
Doing FFTs ...
Doing FFTs ...
Doing FFTs ...
Doing FFTs ...
Doing FFTs ...
Doing FFTs ...
Doing FFTs ...
Doing FFTs ...
Doing FFTs ...
Doing FFTs ...
Doing FFTs ...
Doing FFTs ...
Doing FFTs ...
Doing FFTs ...
Doing FFTs ...
Doing FFTs ...
Doing FFTs ...
Doing FFTs ...
Doing FFTs ...
Doing FFTs ...
Doing FFTs ...
Doing FFTs ...
Doing FFTs ...
Doing FFTs ...
Doing FFTs ...
Doing FFTs ...
Doing FFTs ...
Doing FFTs ...
Doing FFTs ...
Doing FFTs ...
Doing FFTs ...
Doing FFTs ...
Doing FFTs ...
Doing FFTs ...
Doing FFTs ...
Doing FFTs ...
Doing FFTs ...
Doing FFTs ...
Doing FFTs ...
Doing FFTs ...
Doing FFTs ...
Doing FFTs ...
Doing FFTs ...
Doing FFTs ...
Doing FFTs ...
Doing FFTs ...
Doing FFTs ...
Doing FFTs ...
Doing FFTs ...
Doing FFTs ...
Doing FFTs ...
Doing FFTs ...
Doing FFTs ...
Doing FFTs ...
Doing FFTs ...
Doing FFTs ...
Doing FFTs ...
Doing FFTs ...
Doing FFTs ...
Doing FFTs ...
Doing FFTs ...
Doing FFTs ...
Doing FFTs ...
Doing FFTs ...
Doing FFTs ...
Doing FFTs ...
Doing FFTs ...
Doing FFTs ...
Doing FFTs ...
Doing FFTs ...
Doing FFTs ...
Doing FFTs ...
Doing FFTs ...
Doing FFTs ...
Doing FFTs ...
Doing FFTs ...
Doing FFTs ...
Doing FFTs ...
Doing FFTs ...
Doing FFTs ...
Doing FFTs ...
Doing FFTs ...
Doing FFTs ...
Doing FFTs ...
Doing FFTs ...
Doing FFTs ...
Doing FFTs ...
Doing FFTs ...
Doing FFTs ...
Doing FFTs ...
Doing FFTs ...
Doing FFTs ...
Doing FFTs ...
Doing FFTs ...
Doing FFTs ...
Doing FFTs ...
Doing FFTs ...
Doing FFTs ...
Doing FFTs ...
Doing FFTs ...
Doing FFTs ...
Doing FFTs ...
Doing FFTs ...
Doing FFTs ...
Doing FFTs ...
Doing FFTs ...
Doing FFTs ...
Doing FFTs ...
Doing FFTs ...
Doing FFTs ...
Doing FFTs ...
Doing FFTs ...
Doing FFTs ...
Doing FFTs ...
Doing FFTs ...
Doing FFTs ...
Doing FFTs ...
Doing FFTs ...
Doing FFTs ...
Doing FFTs ...
Doing FFTs ...
Doing FFTs ...
Doing FFTs ...
Doing FFTs ...
Doing FFTs ...
Doing FFTs ...
Doing FFTs ...
Doing FFTs ...
Doing FFTs ...
Doing FFTs ...
Doing FFTs ...
Doing FFTs ...
Doing FFTs ...
Doing FFTs ...
Doing FFTs ...
Doing FFTs ...
Doing FFTs ...
Doing FFTs ...
Doing FFTs ...
Doing FFTs ...
Doing FFTs ...
Doing FFTs ...
Doing FFTs ...
Doing FFTs ...
Doing FFTs ...
Doing FFTs ...
Doing FFTs ...
Doing FFTs ...
Doing FFTs ...
Doing FFTs ...
Doing FFTs ...
Doing FFTs ...
Doing FFTs ...
Doing FFTs ...
Doing FFTs ...
Doing FFTs ...
Doing FFTs ...
Doing FFTs ...
Doing FFTs ...
Doing FFTs ...
Doing FFTs ...
Doing FFTs ...
Doing FFTs ...
Doing FFTs ...
Doing FFTs ...
Doing FFTs ...
Doing FFTs ...
Doing FFTs ...
Doing FFTs ...
Doing FFTs ...
Doing FFTs ...
Doing FFTs ...
Doing FFTs ...
Doing FFTs ...
Doing FFTs ...
Doing FFTs ...
Doing FFTs ...
Doing FFTs ...
Doing FFTs ...
Doing FFTs ...
Doing FFTs ...
Doing FFTs ...
Doing FFTs ...
Doing FFTs ...
Doing FFTs ...
Doing FFTs ...
Doing FFTs ...
Doing FFTs ...
Doing FFTs ...
Doing FFTs ...
Doing FFTs ...
Doing FFTs ...
Doing FFTs ...
Doing FFTs ...
Doing FFTs ...
Doing FFTs ...
Doing FFTs ...
Doing FFTs ...
Doing FFTs ...
Doing FFTs ...
Doing FFTs ...
Doing FFTs ...
Doing FFTs ...
Doing FFTs ...
Doing FFTs ...
Doing FFTs ...
Doing FFTs ...
Doing FFTs ...
Doing FFTs ...
Doing FFTs ...
Doing FFTs ...
Doing FFTs ...
Doing FFTs ...
Doing FFTs ...
Doing FFTs ...
Doing FFTs ...
Doing FFTs ...
Doing FFTs ...
Doing FFTs ...
Doing FFTs ...
Doing FFTs ...
Doing FFTs ...
Doing FFTs ...
Doing FFTs ...
Doing FFTs ...
Doing FFTs ...
Doing FFTs ...
Doing FFTs ...
Doing FFTs ...
Doing FFTs ...
Doing FFTs ...
Doing FFTs ...
Doing FFTs ...
Doing FFTs ...
Doing FFTs ...
Doing FFTs ...
Doing FFTs ...
Doing FFTs ...
Doing FFTs ...
Doing FFTs ...
Doing FFTs ...
Doing FFTs ...
Doing FFTs ...
Doing FFTs ...
Doing FFTs ...
Doing FFTs ...
Doing FFTs ...
Doing FFTs ...
Doing FFTs ...
Doing FFTs ...
Doing FFTs ...
Doing FFTs ...
Doing FFTs ...
Doing FFTs ...
Doing FFTs ...
Doing FFTs ...
Doing FFTs ...
Doing FFTs ...
Doing FFTs ...
Doing FFTs ...
Doing FFTs ...
Doing FFTs ...
Doing FFTs ...
Doing FFTs ...
Doing FFTs ...
Doing FFTs ...
Doing FFTs ...
Doing FFTs ...
Doing FFTs ...
Doing FFTs ...
Doing FFTs ...
Doing FFTs ...
Doing FFTs ...
Doing FFTs ...
Doing FFTs ...
Doing FFTs ...
Doing FFTs ...
Doing FFTs ...
Doing FFTs ...
Doing FFTs ...
Doing FFTs ...
Doing FFTs ...
Doing FFTs ...
Doing FFTs ...
Doing FFTs ...
Doing FFTs ...
Doing FFTs ...
Doing FFTs ...
Doing FFTs ...
Doing FFTs ...
Doing FFTs ...
Doing FFTs ...
Doing FFTs ...
Doing FFTs ...
Doing FFTs ...
Doing FFTs ...
Doing FFTs ...
Doing FFTs ...
Doing FFTs ...
Doing FFTs ...
Doing FFTs ...
Doing FFTs ...
Doing FFTs ...
Doing FFTs ...
Doing FFTs ...
Doing FFTs ...
Doing FFTs ...
Doing FFTs ...
Doing FFTs ...
Doing FFTs ...
Doing FFTs ...
Doing FFTs ...
Doing FFTs ...
Doing FFTs ...
Doing FFTs ...
Doing FFTs ...
Doing FFTs ...
Doing FFTs ...
Doing FFTs ...
Doing FFTs ...
Doing FFTs ...
Doing FFTs ...
Doing FFTs ...
Doing FFTs ...
Doing FFTs ...
Doing FFTs ...
Doing FFTs ...
Doing FFTs ...
Doing FFTs ...
Doing FFTs ...
Doing FFTs ...
Doing FFTs ...
Doing FFTs ...
Doing FFTs ...
Doing FFTs ...
Doing FFTs ...
Doing FFTs ...
Doing FFTs ...
Doing FFTs ...
Doing FFTs ...
Doing FFTs ...
Doing FFTs ...
Doing FFTs ...
Doing FFTs ...
Doing FFTs ...
Doing FFTs ...
Doing FFTs ...
Doing FFTs ...
Doing FFTs ...
Doing FFTs ...
Doing FFTs ...
Doing FFTs ...
Doing FFTs ...
Doing FFTs ...
Doing FFTs ...
Doing FFTs ...
Doing FFTs ...
Doing FFTs ...
Doing FFTs ...
Doing FFTs ...
Doing FFTs ...
Doing FFTs ...
Doing FFTs ...
Doing FFTs ...
Doing FFTs ...
Doing FFTs ...
Doing FFTs ...
Doing FFTs ...
Doing FFTs ...
Doing FFTs ...
Doing FFTs ...
Doing FFTs ...
Doing FFTs ...
Doing FFTs ...
Doing FFTs ...
Doing FFTs ...
Doing FFTs ...
Doing FFTs ...
Doing FFTs ...
Doing FFTs ...
Doing FFTs ...
Doing FFTs ...
Doing FFTs ...
Doing FFTs ...
Doing FFTs ...
Doing FFTs ...
Doing FFTs ...
Doing FFTs ...
Doing FFTs ...
Doing FFTs ...
Doing FFTs ...
Doing FFTs ...
Doing FFTs ...
Doing FFTs ...
Doing FFTs ...
Doing FFTs ...
Doing FFTs ...
Doing FFTs ...
Doing FFTs ...
Doing FFTs ...
Doing FFTs ...
Doing FFTs ...
Doing FFTs ...
Doing FFTs ...
Doing FFTs ...
Doing FFTs ...
Doing FFTs ...
Doing FFTs ...
Doing FFTs ...
Doing FFTs ...
Doing FFTs ...
Doing FFTs ...
Doing FFTs ...
Doing FFTs ...
Doing FFTs ...
Doing FFTs ...
Doing FFTs ...
Doing FFTs ...
Doing FFTs ...
Doing FFTs ...
Doing FFTs ...
Doing FFTs ...
Doing FFTs ...
Doing FFTs ...
Doing FFTs ...
Doing FFTs ...
Doing FFTs ...
Doing FFTs ...
Doing FFTs ...
Doing FFTs ...
Doing FFTs ...
Doing FFTs ...
Doing FFTs ...
Doing FFTs ...
Doing FFTs ...
Doing FFTs ...
Doing FFTs ...
Doing FFTs ...
Doing FFTs ...
Doing FFTs ...
Doing FFTs ...
Doing FFTs ...
Doing FFTs ...
Doing FFTs ...
Doing FFTs ...
Doing FFTs ...
Doing FFTs ...
Doing FFTs ...
Doing FFTs ...
Doing FFTs ...
Doing FFTs ...
Doing FFTs ...
Doing FFTs ...
Doing FFTs ...
Doing FFTs ...
Doing FFTs ...
Doing FFTs ...
Doing FFTs ...
Doing FFTs ...
Doing FFTs ...
Doing FFTs ...
Doing FFTs ...
Doing FFTs ...
Doing FFTs ...
Doing FFTs ...
Doing FFTs ...
Doing FFTs ...
Doing FFTs ...
Doing FFTs ...
Doing FFTs ...
Doing FFTs ...
Doing FFTs ...
Doing FFTs ...
Doing FFTs ...
Doing FFTs ...
Doing FFTs ...
Doing FFTs ...
Doing FFTs ...
Doing FFTs ...
Doing FFTs ...
Doing FFTs ...
Doing FFTs ...
Doing FFTs ...
Doing FFTs ...
Doing FFTs ...
Doing FFTs ...
Doing FFTs ...
Doing FFTs ...
Doing FFTs ...
Doing FFTs ...
Doing FFTs ...
Doing FFTs ...
Doing FFTs ...
Doing FFTs ...
Doing FFTs ...
Doing FFTs ...
Doing FFTs ...
Creating FFTW...
Creating FFTW...
Creating FFTW...
Creating FFTW...
Creating FFTW...
Creating FFTW...
Creating FFTW...
Creating FFTW...
Creating FFTW...
Creating FFTW...
Creating FFTW...
Creating FFTW...
Creating FFTW...
Creating FFTW...
Creating FFTW...
Creating FFTW...
Creating FFTW...
Creating FFTW...
Creating FFTW...
Creating FFTW...
Creating FFTW...
Filling data...
Creating FFTW...
Creating FFTW...
Creating FFTW...
Creating FFTW...
Creating FFTW...
Creating FFTW...
Creating FFTW...
Creating FFTW...
Creating FFTW...
Creating FFTW...
Creating FFTW...
Creating FFTW...
Creating FFTW...
Creating FFTW...
Creating FFTW...
Creating FFTW...
Creating FFTW...
Creating FFTW...
Creating FFTW...
Creating FFTW...
Creating FFTW...
Creating FFTW...
Creating FFTW...
Creating FFTW...
Creating FFTW...
Creating FFTW...
Creating FFTW...
Creating FFTW...
Creating FFTW...
Creating FFTW...
Creating FFTW...
Creating FFTW...
Creating FFTW...
Creating FFTW...
Creating FFTW...
Creating FFTW...
Creating FFTW...
Creating FFTW...
Creating FFTW...
Creating FFTW...
Creating FFTW...
Creating FFTW...
Creating FFTW...
Creating FFTW...
Creating FFTW...
Creating FFTW...
Creating FFTW...
Creating FFTW...
Creating FFTW...
Creating FFTW...
Creating FFTW...
Creating FFTW...
Creating FFTW...
Creating FFTW...
Creating FFTW...
Creating FFTW...
Creating FFTW...
Creating FFTW...
Creating FFTW...
Creating FFTW...
Creating FFTW...
Creating FFTW...
Creating FFTW...
Creating FFTW...
Creating FFTW...
Creating FFTW...
Creating FFTW...
Creating FFTW...
Creating FFTW...
Creating FFTW...
Creating FFTW...
Creating FFTW...
Creating FFTW...
Creating FFTW...
Creating FFTW...
Creating FFTW...
Creating FFTW...
Creating FFTW...
Creating FFTW...
Creating FFTW...
Creating FFTW...
Creating FFTW...
Creating FFTW...
Creating FFTW...
Creating FFTW...
Creating FFTW...
Creating FFTW...
Creating FFTW...
Creating FFTW...
Creating FFTW...
Creating FFTW...
Creating FFTW...
Creating FFTW...
Creating FFTW...
Creating FFTW...
Creating FFTW...
Creating FFTW...
Creating FFTW...
Creating FFTW...
Creating FFTW...
Creating FFTW...
Creating FFTW...
Creating FFTW...
Filling data...
Creating FFTW...
Creating FFTW...
Creating FFTW...
Creating FFTW...
Creating FFTW...
Creating FFTW...
Creating FFTW...
Creating FFTW...
Creating FFTW...
Creating FFTW...
Creating FFTW...
Creating FFTW...
Creating FFTW...
Creating FFTW...
Creating FFTW...
Creating FFTW...
Creating FFTW...
Creating FFTW...
Creating FFTW...
Creating FFTW...
Creating FFTW...
Creating FFTW...
Creating FFTW...
Creating FFTW...
Creating FFTW...
Creating FFTW...
Creating FFTW...
Creating FFTW...
Creating FFTW...
Creating FFTW...
Creating FFTW...
Creating FFTW...
Creating FFTW...
Creating FFTW...
Creating FFTW...
Creating FFTW...
Creating FFTW...
Creating FFTW...
Creating FFTW...
Creating FFTW...
Creating FFTW...
Creating FFTW...
Creating FFTW...
Creating FFTW...
Creating FFTW...
Creating FFTW...
Creating FFTW...
Creating FFTW...
Creating FFTW...
Creating FFTW...
Creating FFTW...
Creating FFTW...
Creating FFTW...
Creating FFTW...
Creating FFTW...
Creating FFTW...
Creating FFTW...
Creating FFTW...
Creating FFTW...
Creating FFTW...
Creating FFTW...
Creating FFTW...
Creating FFTW...
Creating FFTW...
Creating FFTW...
Creating FFTW...
Creating FFTW...
Creating FFTW...
Creating FFTW...
Creating FFTW...
Creating FFTW...
Creating FFTW...
Creating FFTW...
Creating FFTW...
Creating FFTW...
Creating FFTW...
Creating FFTW...
Creating FFTW...
Creating FFTW...
Creating FFTW...
Creating FFTW...
Creating FFTW...
Creating FFTW...
Creating FFTW...
Filling data...
Creating FFTW...
Creating FFTW...
Creating FFTW...
Creating FFTW...
Creating FFTW...
Creating FFTW...
Creating FFTW...
Filling data...
Creating FFTW...
Creating FFTW...
Creating FFTW...
Creating FFTW...
Creating FFTW...
Creating FFTW...
Creating FFTW...
Creating FFTW...
Creating FFTW...
Creating FFTW...
Creating FFTW...
Creating FFTW...
Creating FFTW...
Creating FFTW...
Creating FFTW...
Creating FFTW...
Creating FFTW...
Creating FFTW...
Creating FFTW...
Creating FFTW...
Filling data...
Creating FFTW...
Creating FFTW...
Creating FFTW...
Creating FFTW...
Creating FFTW...
Creating FFTW...
Creating FFTW...
Creating FFTW...
Creating FFTW...
Creating FFTW...
Creating FFTW...
Creating FFTW...
Creating FFTW...
Creating FFTW...
Creating FFTW...
Creating FFTW...
Creating FFTW...
Creating FFTW...
Creating FFTW...
Creating FFTW...
Creating FFTW...
Creating FFTW...
Creating FFTW...
Creating FFTW...
Creating FFTW...
Creating FFTW...
Creating FFTW...
Creating FFTW...
Creating FFTW...
Creating FFTW...
Creating FFTW...
Creating FFTW...
Creating FFTW...
Creating FFTW...
Creating FFTW...
Creating FFTW...
Creating FFTW...
Creating FFTW...
Creating FFTW...
Creating FFTW...
Creating FFTW...
Creating FFTW...
Creating FFTW...
Creating FFTW...
Creating FFTW...
Filling data...
Creating FFTW...
Creating FFTW...
Creating FFTW...
Creating FFTW...
Creating FFTW...
Creating FFTW...
Creating FFTW...
Creating FFTW...
Creating FFTW...
Creating FFTW...
Creating FFTW...
Creating FFTW...
Creating FFTW...
Creating FFTW...
Creating FFTW...
Creating FFTW...
Creating FFTW...
Creating FFTW...
Creating FFTW...
Creating FFTW...
Creating FFTW...
Creating FFTW...
Creating FFTW...
Creating FFTW...
Creating FFTW...
Creating FFTW...
Creating FFTW...
Creating FFTW...
Filling data...
Creating FFTW...
Creating FFTW...
Creating FFTW...
Creating FFTW...
Creating FFTW...
Creating FFTW...
Filling data...
Creating FFTW...
Creating FFTW...
Creating FFTW...
Creating FFTW...
Creating FFTW...
Creating FFTW...
Creating FFTW...
Creating FFTW...
Creating FFTW...
Creating FFTW...
Creating FFTW...
Creating FFTW...
Creating FFTW...
Creating FFTW...
Creating FFTW...
Creating FFTW...
Creating FFTW...
Creating FFTW...
Filling data...
Creating FFTW...
Creating FFTW...
Creating FFTW...
Creating FFTW...
Creating FFTW...
Creating FFTW...
Creating FFTW...
Creating FFTW...
Filling data...
Creating FFTW...
Creating FFTW...
Creating FFTW...
Creating FFTW...
Creating FFTW...
Creating FFTW...
Creating FFTW...
Creating FFTW...
Creating FFTW...
Creating FFTW...
Creating FFTW...
Creating FFTW...
Creating FFTW...
Creating FFTW...
Creating FFTW...
Creating FFTW...
Creating FFTW...
Creating FFTW...
Creating FFTW...
Creating FFTW...
Creating FFTW...
Creating FFTW...
Creating FFTW...
Creating FFTW...
Creating FFTW...
Creating FFTW...
Creating FFTW...
Creating FFTW...
Creating FFTW...
Creating FFTW...
Creating FFTW...
Creating FFTW...
Creating FFTW...
Creating FFTW...
Creating FFTW...
Creating FFTW...
Creating FFTW...
Creating FFTW...
Creating FFTW...
Creating FFTW...
Creating FFTW...
Creating FFTW...
Filling data...
Creating FFTW...
Creating FFTW...
Creating FFTW...
Creating FFTW...
Filling data...
Creating FFTW...
Creating FFTW...
Creating FFTW...
Creating FFTW...
Filling data...
Creating FFTW...
Creating FFTW...
Creating FFTW...
Creating FFTW...
Creating FFTW...
Creating FFTW...
Filling data...
Creating FFTW...
Creating FFTW...
Creating FFTW...
Creating FFTW...
Creating FFTW...
Creating FFTW...
Creating FFTW...
Creating FFTW...
Creating FFTW...
Creating FFTW...
Filling data...
Creating FFTW...
Filling data...
Creating FFTW...
Creating FFTW...
Creating FFTW...
Creating FFTW...
Creating FFTW...
Creating FFTW...
Filling data...
Creating FFTW...
Creating FFTW...
Creating FFTW...
Creating FFTW...
Filling data...
Creating FFTW...
Creating FFTW...
Creating FFTW...
Creating FFTW...
Creating FFTW...
Creating FFTW...
Creating FFTW...
Creating FFTW...
Creating FFTW...
Creating FFTW...
Creating FFTW...
Creating FFTW...
Creating FFTW...
Creating FFTW...
Creating FFTW...
Creating FFTW...
Creating FFTW...
Creating FFTW...
Creating FFTW...
Creating FFTW...
Creating FFTW...
Creating FFTW...
Creating FFTW...
Creating FFTW...
Creating FFTW...
Creating FFTW...
Creating FFTW...
Creating FFTW...
Creating FFTW...
Creating FFTW...
Creating FFTW...
Creating FFTW...
Creating FFTW...
Creating FFTW...
Creating FFTW...
Creating FFTW...
Creating FFTW...
Creating FFTW...
Creating FFTW...
Creating FFTW...
Creating FFTW...
Creating FFTW...
Creating FFTW...
Creating FFTW...
Creating FFTW...
Creating FFTW...
Creating FFTW...
Creating FFTW...
Creating FFTW...
Filling data...
Creating FFTW...
Creating FFTW...
Creating FFTW...
Creating FFTW...
Creating FFTW...
Creating FFTW...
Creating FFTW...
Creating FFTW...
Creating FFTW...
Creating FFTW...
Creating FFTW...
Creating FFTW...
Creating FFTW...
Creating FFTW...
Creating FFTW...
Creating FFTW...
Creating FFTW...
Creating FFTW...
Creating FFTW...
Creating FFTW...
Creating FFTW...
Creating FFTW...
Creating FFTW...
Creating FFTW...
Creating FFTW...
Creating FFTW...
Creating FFTW...
Creating FFTW...
Creating FFTW...
Filling data...
Filling data...
Filling data...
Filling data...
Filling data...
Filling data...
Filling data...
Filling data...
Filling data...
Filling data...
Filling data...
Filling data...
Filling data...
Filling data...
Filling data...
Filling data...
Filling data...
Filling data...
Creating FFTW...
Filling data...
Filling data...
Filling data...
Filling data...
Filling data...
Filling data...
Filling data...
Filling data...
Filling data...
Filling data...
Filling data...
Filling data...
Filling data...
Filling data...
Filling data...
Filling data...
Filling data...
Filling data...
Filling data...
Filling data...
Filling data...
Filling data...
Creating FFTW...
Filling data...
Filling data...
Filling data...
Filling data...
Filling data...
Filling data...
Filling data...
Filling data...
Filling data...
Filling data...
Filling data...
Filling data...
Filling data...
Filling data...
Filling data...
Creating FFTW...
Filling data...
Filling data...
Filling data...
Filling data...
Filling data...
Filling data...
Filling data...
Filling data...
Filling data...
Filling data...
Filling data...
Filling data...
Filling data...
Filling data...
Filling data...
Filling data...
Filling data...
Filling data...
Filling data...
Filling data...
Filling data...
Filling data...
Filling data...
Filling data...
Filling data...
Creating FFTW...
Filling data...
Filling data...
Filling data...
Filling data...
Filling data...
Filling data...
Filling data...
Filling data...
Filling data...
Filling data...
Filling data...
Filling data...
Filling data...
Filling data...
Filling data...
Filling data...
Filling data...
Creating FFTW...
Filling data...
Filling data...
Filling data...
Filling data...
Filling data...
Filling data...
Filling data...
Filling data...
Filling data...
Filling data...
Filling data...
Filling data...
Filling data...
Filling data...
Filling data...
Filling data...
Filling data...
Filling data...
Filling data...
Filling data...
Filling data...
Filling data...
Filling data...
Filling data...
Filling data...
Filling data...
Filling data...
Filling data...
Filling data...
Filling data...
Filling data...
Filling data...
Filling data...
Filling data...
Filling data...
Filling data...
Filling data...
Filling data...
Creating FFTW...
Filling data...
Filling data...
Filling data...
Filling data...
Filling data...
Filling data...
Filling data...
Filling data...
Filling data...
Filling data...
Filling data...
Filling data...
Filling data...
Filling data...
Filling data...
Filling data...
Filling data...
Filling data...
Filling data...
Filling data...
Filling data...
Filling data...
Filling data...
Filling data...
Filling data...
Filling data...
Filling data...
Filling data...
Filling data...
Filling data...
Filling data...
Filling data...
Filling data...
Filling data...
Filling data...
Filling data...
Filling data...
Filling data...
Filling data...
Filling data...
Filling data...
Filling data...
Filling data...
Filling data...
Filling data...
Filling data...
Filling data...
Filling data...
Filling data...
Filling data...
Filling data...
Filling data...
Filling data...
Filling data...
Filling data...
Filling data...
Filling data...
Filling data...
Filling data...
Creating FFTW...
Filling data...
Filling data...
Filling data...
Filling data...
Filling data...
Filling data...
Filling data...
Filling data...
Filling data...
Filling data...
Filling data...
Filling data...
Filling data...
Filling data...
Filling data...
Filling data...
Filling data...
Filling data...
Filling data...
Filling data...
Filling data...
Filling data...
Creating FFTW...
Filling data...
Filling data...
Filling data...
Filling data...
Filling data...
Creating FFTW...
Filling data...
Filling data...
Filling data...
Filling data...
Filling data...
Filling data...
Filling data...
Filling data...
Filling data...
Filling data...
Filling data...
Filling data...
Filling data...
Filling data...
Filling data...
Filling data...
Filling data...
Filling data...
Filling data...
Filling data...
Filling data...
Filling data...
Filling data...
Filling data...
Filling data...
Filling data...
Filling data...
Filling data...
Filling data...
Filling data...
Filling data...
Filling data...
Filling data...
Filling data...
Filling data...
Filling data...
Filling data...
Filling data...
Creating FFTW...
Filling data...
Filling data...
Filling data...
Filling data...
Creating FFTW...
Filling data...
Filling data...
Filling data...
Filling data...
Filling data...
Filling data...
Filling data...
Filling data...
Filling data...
Filling data...
Filling data...
Filling data...
Filling data...
Filling data...
Filling data...
Filling data...
Filling data...
Filling data...
Filling data...
Filling data...
Filling data...
Filling data...
Filling data...
Filling data...
Filling data...
Filling data...
Filling data...
Filling data...
Filling data...
Filling data...
Filling data...
Filling data...
Filling data...
Filling data...
Filling data...
Filling data...
Filling data...
Filling data...
Filling data...
Filling data...
Filling data...
Filling data...
Filling data...
Filling data...
Filling data...
Filling data...
Filling data...
Filling data...
Filling data...
Filling data...
Filling data...
Filling data...
Filling data...
Filling data...
Filling data...
Filling data...
Filling data...
Filling data...
Filling data...
Filling data...
Filling data...
Filling data...
Filling data...
Filling data...
Filling data...
Filling data...
Filling data...
Filling data...
Filling data...
Filling data...
Filling data...
Filling data...
Filling data...
Filling data...
Filling data...
Filling data...
Filling data...
Filling data...
Filling data...
Filling data...
Filling data...
Filling data...
Filling data...
Filling data...
Filling data...
Filling data...
Filling data...
Filling data...
Filling data...
Filling data...
Filling data...
Filling data...
Filling data...
Filling data...
Filling data...
Filling data...
Filling data...
Filling data...
Filling data...
Filling data...
Filling data...
Filling data...
Filling data...
Filling data...
Filling data...
Filling data...
Filling data...
Filling data...
Filling data...
Filling data...
Filling data...
Filling data...
Filling data...
Filling data...
Filling data...
Filling data...
Filling data...
Creating FFTW...
Filling data...
Filling data...
Filling data...
Filling data...
Creating FFTW...
Filling data...
Filling data...
Filling data...
Filling data...
Filling data...
Filling data...
Filling data...
Filling data...
Filling data...
Filling data...
Filling data...
Filling data...
Filling data...
Filling data...
Filling data...
Filling data...
Filling data...
Filling data...
Filling data...
Filling data...
Filling data...
Filling data...
Filling data...
Filling data...
Filling data...
Filling data...
Filling data...
Filling data...
Filling data...
Filling data...
Filling data...
Filling data...
Filling data...
Filling data...
Filling data...
Filling data...
Filling data...
Filling data...
Filling data...
Filling data...
Filling data...
Filling data...
Filling data...
Filling data...
Filling data...
Filling data...
Filling data...
Filling data...
Filling data...
Filling data...
Filling data...
Filling data...
Filling data...
Filling data...
Filling data...
Filling data...
Filling data...
Filling data...
Filling data...
Filling data...
Filling data...
Filling data...
Filling data...
Filling data...
Filling data...
Filling data...
Filling data...
Filling data...
Filling data...
Filling data...
Creating FFTW...
Filling data...
Filling data...
Filling data...
Filling data...
Filling data...
Filling data...
Filling data...
Filling data...
Filling data...
Filling data...
Filling data...
Filling data...
Filling data...
Filling data...
Filling data...
Filling data...
Filling data...
Filling data...
Filling data...
Filling data...
Filling data...
Filling data...
Filling data...
Filling data...
Filling data...
Creating FFTW...
Filling data...
Filling data...
Creating FFTW...
Creating FFTW...
Filling data...
Filling data...
Filling data...
Filling data...
Filling data...
Filling data...
Filling data...
Filling data...
Filling data...
Filling data...
Filling data...
Filling data...
Doing warmup FFTs ...
Doing warmup FFTs ...
Doing warmup FFTs ...
Doing warmup FFTs ...
Doing warmup FFTs ...
Doing warmup FFTs ...
Doing warmup FFTs ...
Doing warmup FFTs ...
Doing warmup FFTs ...
Doing warmup FFTs ...
Doing warmup FFTs ...
Doing warmup FFTs ...
Doing warmup FFTs ...
Doing warmup FFTs ...
Doing warmup FFTs ...
Doing warmup FFTs ...
Doing warmup FFTs ...
Doing warmup FFTs ...
Doing warmup FFTs ...
Doing warmup FFTs ...
Doing warmup FFTs ...
Doing warmup FFTs ...
Doing warmup FFTs ...
Doing warmup FFTs ...
Doing warmup FFTs ...
Doing warmup FFTs ...
Doing warmup FFTs ...
Doing warmup FFTs ...
Doing warmup FFTs ...
Doing warmup FFTs ...
Doing warmup FFTs ...
Doing warmup FFTs ...
Doing warmup FFTs ...
Doing warmup FFTs ...
Doing warmup FFTs ...
Doing warmup FFTs ...
Doing warmup FFTs ...
Doing warmup FFTs ...
Doing warmup FFTs ...
Doing warmup FFTs ...
Doing warmup FFTs ...
Doing warmup FFTs ...
Doing warmup FFTs ...
Doing warmup FFTs ...
Doing warmup FFTs ...
Doing warmup FFTs ...
Doing warmup FFTs ...
Doing warmup FFTs ...
Doing warmup FFTs ...
Doing warmup FFTs ...
Doing warmup FFTs ...
Doing warmup FFTs ...
Doing warmup FFTs ...
Doing warmup FFTs ...
Doing warmup FFTs ...
Doing warmup FFTs ...
Doing warmup FFTs ...
Doing warmup FFTs ...
Doing warmup FFTs ...
Doing warmup FFTs ...
Doing warmup FFTs ...
Doing warmup FFTs ...
Doing warmup FFTs ...
Doing warmup FFTs ...
Doing warmup FFTs ...
Doing warmup FFTs ...
Doing warmup FFTs ...
Doing warmup FFTs ...
Doing warmup FFTs ...
Doing warmup FFTs ...
Doing warmup FFTs ...
Doing warmup FFTs ...
Doing warmup FFTs ...
Doing warmup FFTs ...
Doing warmup FFTs ...
Doing warmup FFTs ...
Doing warmup FFTs ...
Doing warmup FFTs ...
Doing warmup FFTs ...
Doing warmup FFTs ...
Doing warmup FFTs ...
Doing warmup FFTs ...
Doing warmup FFTs ...
Doing warmup FFTs ...
Doing warmup FFTs ...
Doing warmup FFTs ...
Doing warmup FFTs ...
Doing warmup FFTs ...
Doing warmup FFTs ...
Doing warmup FFTs ...
Doing warmup FFTs ...
Doing warmup FFTs ...
Doing warmup FFTs ...
Doing warmup FFTs ...
Doing warmup FFTs ...
Doing warmup FFTs ...
Doing warmup FFTs ...
Doing warmup FFTs ...
Doing warmup FFTs ...
Doing warmup FFTs ...
Doing warmup FFTs ...
Doing warmup FFTs ...
Doing warmup FFTs ...
Doing warmup FFTs ...
Doing warmup FFTs ...
Doing warmup FFTs ...
Doing warmup FFTs ...
Doing warmup FFTs ...
Doing warmup FFTs ...
Doing warmup FFTs ...
Doing warmup FFTs ...
Doing warmup FFTs ...
Doing warmup FFTs ...
Doing warmup FFTs ...
Doing warmup FFTs ...
Doing warmup FFTs ...
Doing warmup FFTs ...
Doing warmup FFTs ...
Doing warmup FFTs ...
Doing warmup FFTs ...
Doing warmup FFTs ...
Doing warmup FFTs ...
Doing warmup FFTs ...
Doing warmup FFTs ...
Doing warmup FFTs ...
Doing warmup FFTs ...
Doing warmup FFTs ...
Doing warmup FFTs ...
Doing warmup FFTs ...
Doing warmup FFTs ...
Doing warmup FFTs ...
Doing warmup FFTs ...
Doing warmup FFTs ...
Doing warmup FFTs ...
Doing warmup FFTs ...
Doing warmup FFTs ...
Doing warmup FFTs ...
Doing warmup FFTs ...
Doing warmup FFTs ...
Doing warmup FFTs ...
Doing warmup FFTs ...
Doing warmup FFTs ...
Doing warmup FFTs ...
Doing warmup FFTs ...
Doing warmup FFTs ...
Doing warmup FFTs ...
Doing warmup FFTs ...
Doing warmup FFTs ...
Doing warmup FFTs ...
Doing warmup FFTs ...
Doing warmup FFTs ...
Doing warmup FFTs ...
Doing warmup FFTs ...
Doing warmup FFTs ...
Doing warmup FFTs ...
Doing warmup FFTs ...
Doing warmup FFTs ...
Doing warmup FFTs ...
Doing warmup FFTs ...
Doing warmup FFTs ...
Doing warmup FFTs ...
Doing warmup FFTs ...
Doing warmup FFTs ...
Doing warmup FFTs ...
Doing warmup FFTs ...
Doing warmup FFTs ...
Doing warmup FFTs ...
Doing warmup FFTs ...
Doing warmup FFTs ...
Doing warmup FFTs ...
Doing warmup FFTs ...
Doing warmup FFTs ...
Doing warmup FFTs ...
Doing warmup FFTs ...
Doing warmup FFTs ...
Doing warmup FFTs ...
Doing warmup FFTs ...
Doing warmup FFTs ...
Doing warmup FFTs ...
Doing warmup FFTs ...
Doing warmup FFTs ...
Doing warmup FFTs ...
Doing warmup FFTs ...
Doing warmup FFTs ...
Doing warmup FFTs ...
Doing warmup FFTs ...
Doing warmup FFTs ...
Doing warmup FFTs ...
Doing warmup FFTs ...
Doing warmup FFTs ...
Doing warmup FFTs ...
Doing warmup FFTs ...
Doing warmup FFTs ...
Doing warmup FFTs ...
Doing warmup FFTs ...
Doing warmup FFTs ...
Doing warmup FFTs ...
Doing warmup FFTs ...
Doing warmup FFTs ...
Doing warmup FFTs ...
Doing warmup FFTs ...
Doing warmup FFTs ...
Doing warmup FFTs ...
Doing warmup FFTs ...
Doing warmup FFTs ...
Doing warmup FFTs ...
Doing warmup FFTs ...
Doing warmup FFTs ...
Doing warmup FFTs ...
Doing warmup FFTs ...
Doing warmup FFTs ...
Doing warmup FFTs ...
Doing warmup FFTs ...
Doing warmup FFTs ...
Doing warmup FFTs ...
Doing warmup FFTs ...
Doing warmup FFTs ...
Doing warmup FFTs ...
Doing warmup FFTs ...
Doing warmup FFTs ...
Doing warmup FFTs ...
Doing warmup FFTs ...
Doing warmup FFTs ...
Doing warmup FFTs ...
Doing warmup FFTs ...
Doing warmup FFTs ...
Doing warmup FFTs ...
Doing warmup FFTs ...
Doing warmup FFTs ...
Doing warmup FFTs ...
Doing warmup FFTs ...
Doing warmup FFTs ...
Doing warmup FFTs ...
Doing warmup FFTs ...
Doing warmup FFTs ...
Doing warmup FFTs ...
Doing warmup FFTs ...
Doing warmup FFTs ...
Doing warmup FFTs ...
Doing warmup FFTs ...
Doing warmup FFTs ...
Doing warmup FFTs ...
Doing warmup FFTs ...
Doing warmup FFTs ...
Doing warmup FFTs ...
Doing warmup FFTs ...
Doing warmup FFTs ...
Doing warmup FFTs ...
Doing warmup FFTs ...
Doing warmup FFTs ...
Doing warmup FFTs ...
Doing warmup FFTs ...
Doing warmup FFTs ...
Doing warmup FFTs ...
Doing warmup FFTs ...
Doing warmup FFTs ...
Doing warmup FFTs ...
Doing warmup FFTs ...
Doing warmup FFTs ...
Doing warmup FFTs ...
Doing warmup FFTs ...
Doing warmup FFTs ...
Doing warmup FFTs ...
Doing warmup FFTs ...
Doing warmup FFTs ...
Doing warmup FFTs ...
Doing warmup FFTs ...
Doing warmup FFTs ...
Doing warmup FFTs ...
Doing warmup FFTs ...
Doing warmup FFTs ...
Doing warmup FFTs ...
Doing warmup FFTs ...
Doing warmup FFTs ...
Doing warmup FFTs ...
Doing warmup FFTs ...
Doing warmup FFTs ...
Doing warmup FFTs ...
Doing warmup FFTs ...
Doing warmup FFTs ...
Doing warmup FFTs ...
Doing warmup FFTs ...
Doing warmup FFTs ...
Doing warmup FFTs ...
Doing warmup FFTs ...
Doing warmup FFTs ...
Doing warmup FFTs ...
Doing warmup FFTs ...
Doing warmup FFTs ...
Doing warmup FFTs ...
Doing warmup FFTs ...
Doing warmup FFTs ...
Doing warmup FFTs ...
Doing warmup FFTs ...
Doing warmup FFTs ...
Doing warmup FFTs ...
Doing warmup FFTs ...
Doing warmup FFTs ...
Doing warmup FFTs ...
Doing warmup FFTs ...
Doing warmup FFTs ...
Doing warmup FFTs ...
Doing warmup FFTs ...
Doing warmup FFTs ...
Doing warmup FFTs ...
Doing warmup FFTs ...
Doing warmup FFTs ...
Doing warmup FFTs ...
Doing warmup FFTs ...
Doing warmup FFTs ...
Doing warmup FFTs ...
Doing warmup FFTs ...
Doing warmup FFTs ...
Doing warmup FFTs ...
Doing warmup FFTs ...
Doing warmup FFTs ...
Doing warmup FFTs ...
Doing warmup FFTs ...
Doing warmup FFTs ...
Doing warmup FFTs ...
Doing warmup FFTs ...
Doing warmup FFTs ...
Doing warmup FFTs ...
Doing warmup FFTs ...
Doing warmup FFTs ...
Doing warmup FFTs ...
Doing warmup FFTs ...
Doing warmup FFTs ...
Doing warmup FFTs ...
Doing warmup FFTs ...
Doing warmup FFTs ...
Doing warmup FFTs ...
Doing warmup FFTs ...
Doing warmup FFTs ...
Doing warmup FFTs ...
Doing warmup FFTs ...
Doing warmup FFTs ...
Doing warmup FFTs ...
Doing warmup FFTs ...
Doing warmup FFTs ...
Doing warmup FFTs ...
Doing warmup FFTs ...
Doing warmup FFTs ...
Doing warmup FFTs ...
Doing warmup FFTs ...
Doing warmup FFTs ...
Doing warmup FFTs ...
Doing warmup FFTs ...
Doing warmup FFTs ...
Doing warmup FFTs ...
Doing warmup FFTs ...
Doing warmup FFTs ...
Doing warmup FFTs ...
Doing warmup FFTs ...
Doing warmup FFTs ...
Doing warmup FFTs ...
Doing warmup FFTs ...
Doing warmup FFTs ...
Doing warmup FFTs ...
Doing warmup FFTs ...
Doing warmup FFTs ...
Doing warmup FFTs ...
Doing warmup FFTs ...
Doing warmup FFTs ...
Doing warmup FFTs ...
Doing warmup FFTs ...
Doing warmup FFTs ...
Doing warmup FFTs ...
Doing warmup FFTs ...
Doing warmup FFTs ...
Doing warmup FFTs ...
Doing warmup FFTs ...
Doing warmup FFTs ...
Doing warmup FFTs ...
Doing warmup FFTs ...
Doing warmup FFTs ...
Doing warmup FFTs ...
Doing warmup FFTs ...
Doing warmup FFTs ...
Doing warmup FFTs ...
Doing warmup FFTs ...
Doing warmup FFTs ...
Doing warmup FFTs ...
Doing warmup FFTs ...
Doing warmup FFTs ...
Doing warmup FFTs ...
Doing warmup FFTs ...
Doing warmup FFTs ...
Doing warmup FFTs ...
Doing warmup FFTs ...
Doing warmup FFTs ...
Doing warmup FFTs ...
Doing warmup FFTs ...
Doing warmup FFTs ...
Doing warmup FFTs ...
Doing warmup FFTs ...
Doing warmup FFTs ...
Doing warmup FFTs ...
Doing warmup FFTs ...
Doing warmup FFTs ...
Doing warmup FFTs ...
Doing warmup FFTs ...
Doing warmup FFTs ...
Doing warmup FFTs ...
Doing warmup FFTs ...
Doing warmup FFTs ...
Doing warmup FFTs ...
Doing warmup FFTs ...
Doing warmup FFTs ...
Doing warmup FFTs ...
Doing warmup FFTs ...
Doing warmup FFTs ...
Doing warmup FFTs ...
Doing warmup FFTs ...
Doing warmup FFTs ...
Doing warmup FFTs ...
Doing warmup FFTs ...
Doing warmup FFTs ...
Doing warmup FFTs ...
Doing warmup FFTs ...
Doing warmup FFTs ...
Doing warmup FFTs ...
Doing warmup FFTs ...
Doing warmup FFTs ...
Doing warmup FFTs ...
Doing warmup FFTs ...
Doing warmup FFTs ...
Doing warmup FFTs ...
Doing warmup FFTs ...
Doing warmup FFTs ...
Doing warmup FFTs ...
Doing warmup FFTs ...
Doing warmup FFTs ...
Doing warmup FFTs ...
Doing warmup FFTs ...
Doing warmup FFTs ...
Doing warmup FFTs ...
Doing warmup FFTs ...
Doing warmup FFTs ...
Doing warmup FFTs ...
Doing warmup FFTs ...
Doing warmup FFTs ...
Doing warmup FFTs ...
Doing warmup FFTs ...
Doing warmup FFTs ...
Doing warmup FFTs ...
Doing warmup FFTs ...
Doing warmup FFTs ...
Doing warmup FFTs ...
Doing warmup FFTs ...
Doing warmup FFTs ...
Doing warmup FFTs ...
Doing warmup FFTs ...
Doing warmup FFTs ...
Doing warmup FFTs ...
Doing warmup FFTs ...
Doing warmup FFTs ...
Doing warmup FFTs ...
Doing warmup FFTs ...
Doing warmup FFTs ...
Doing warmup FFTs ...
Doing warmup FFTs ...
Doing warmup FFTs ...
Doing warmup FFTs ...
Doing warmup FFTs ...
Doing warmup FFTs ...
Doing warmup FFTs ...
Doing warmup FFTs ...
Doing warmup FFTs ...
Doing warmup FFTs ...
Doing warmup FFTs ...
Doing warmup FFTs ...
Doing warmup FFTs ...
Doing warmup FFTs ...
Doing warmup FFTs ...
Doing warmup FFTs ...
Doing warmup FFTs ...
Doing warmup FFTs ...
Doing warmup FFTs ...
Doing warmup FFTs ...
Doing warmup FFTs ...
Doing warmup FFTs ...
Doing warmup FFTs ...
Doing warmup FFTs ...
Doing warmup FFTs ...
Doing warmup FFTs ...
Doing warmup FFTs ...
Doing warmup FFTs ...
Doing warmup FFTs ...
Doing warmup FFTs ...
Doing warmup FFTs ...
Doing warmup FFTs ...
Doing warmup FFTs ...
Doing warmup FFTs ...
Doing warmup FFTs ...
Doing warmup FFTs ...
Doing warmup FFTs ...
Doing warmup FFTs ...
Doing warmup FFTs ...
Doing warmup FFTs ...
Doing warmup FFTs ...
Doing warmup FFTs ...
Doing warmup FFTs ...
Doing warmup FFTs ...
Doing warmup FFTs ...
Doing warmup FFTs ...
Doing warmup FFTs ...
Doing warmup FFTs ...
Doing warmup FFTs ...
Doing warmup FFTs ...
Doing warmup FFTs ...
Doing warmup FFTs ...
Doing FFTs ...
Doing FFTs ...
Doing FFTs ...
Doing FFTs ...
Doing FFTs ...
Doing FFTs ...
Doing FFTs ...
Doing FFTs ...
Doing FFTs ...
Doing FFTs ...
Doing FFTs ...
Doing FFTs ...
Doing FFTs ...
Doing FFTs ...
Doing FFTs ...
Doing FFTs ...
Doing FFTs ...
Doing FFTs ...
Doing FFTs ...
Doing FFTs ...
Doing FFTs ...
Doing FFTs ...
Doing FFTs ...
Doing FFTs ...
Doing FFTs ...
Doing FFTs ...
Doing FFTs ...
Doing FFTs ...
Doing FFTs ...
Doing FFTs ...
Doing FFTs ...
Doing FFTs ...
Doing FFTs ...
Doing FFTs ...
Doing FFTs ...
Doing FFTs ...
Doing FFTs ...
Doing FFTs ...
Doing FFTs ...
Doing FFTs ...
Doing FFTs ...
Doing FFTs ...
Doing FFTs ...
Doing FFTs ...
Doing FFTs ...
Doing FFTs ...
Doing FFTs ...
Doing FFTs ...
Doing FFTs ...
Doing FFTs ...
Doing FFTs ...
Doing FFTs ...
Doing FFTs ...
Doing FFTs ...
Doing FFTs ...
Doing FFTs ...
Doing FFTs ...
Doing FFTs ...
Doing FFTs ...
Doing FFTs ...
Doing FFTs ...
Doing FFTs ...
Doing FFTs ...
Doing FFTs ...
Doing FFTs ...
Doing FFTs ...
Doing FFTs ...
Doing FFTs ...
Doing FFTs ...
Doing FFTs ...
Doing FFTs ...
Doing FFTs ...
Doing FFTs ...
Doing FFTs ...
Doing FFTs ...
Doing FFTs ...
Doing FFTs ...
Doing FFTs ...
Doing FFTs ...
Doing FFTs ...
Doing FFTs ...
Doing FFTs ...
Doing FFTs ...
Doing FFTs ...
Doing FFTs ...
Doing FFTs ...
Doing FFTs ...
Doing FFTs ...
Doing FFTs ...
Doing FFTs ...
Doing FFTs ...
Doing FFTs ...
Doing FFTs ...
Doing FFTs ...
Doing FFTs ...
Doing FFTs ...
Doing FFTs ...
Doing FFTs ...
Doing FFTs ...
Doing FFTs ...
Doing FFTs ...
Doing FFTs ...
Doing FFTs ...
Doing FFTs ...
Doing FFTs ...
Doing FFTs ...
Doing FFTs ...
Doing FFTs ...
Doing FFTs ...
Doing FFTs ...
Doing FFTs ...
Doing FFTs ...
Doing FFTs ...
Doing FFTs ...
Doing FFTs ...
Doing FFTs ...
Doing FFTs ...
Doing FFTs ...
Doing FFTs ...
Doing FFTs ...
Doing FFTs ...
Doing FFTs ...
Doing FFTs ...
Doing FFTs ...
Doing FFTs ...
Doing FFTs ...
Doing FFTs ...
Doing FFTs ...
Doing FFTs ...
Doing FFTs ...
Doing FFTs ...
Doing FFTs ...
Doing FFTs ...
Doing FFTs ...
Doing FFTs ...
Doing FFTs ...
Doing FFTs ...
Doing FFTs ...
Doing FFTs ...
Doing FFTs ...
Doing FFTs ...
Doing FFTs ...
Doing FFTs ...
Doing FFTs ...
Doing FFTs ...
Doing FFTs ...
Doing FFTs ...
Doing FFTs ...
Doing FFTs ...
Doing FFTs ...
Doing FFTs ...
Doing FFTs ...
Doing FFTs ...
Doing FFTs ...
Doing FFTs ...
Doing FFTs ...
Doing FFTs ...
Doing FFTs ...
Doing FFTs ...
Doing FFTs ...
Doing FFTs ...
Doing FFTs ...
Doing FFTs ...
Doing FFTs ...
Doing FFTs ...
Doing FFTs ...
Doing FFTs ...
Doing FFTs ...
Doing FFTs ...
Doing FFTs ...
Doing FFTs ...
Doing FFTs ...
Doing FFTs ...
Doing FFTs ...
Doing FFTs ...
Doing FFTs ...
Doing FFTs ...
Doing FFTs ...
Doing FFTs ...
Doing FFTs ...
Doing FFTs ...
Doing FFTs ...
Doing FFTs ...
Doing FFTs ...
Doing FFTs ...
Doing FFTs ...
Doing FFTs ...
Doing FFTs ...
Doing FFTs ...
Doing FFTs ...
Doing FFTs ...
Doing FFTs ...
Doing FFTs ...
Doing FFTs ...
Doing FFTs ...
Doing FFTs ...
Doing FFTs ...
Doing FFTs ...
Doing FFTs ...
Doing FFTs ...
Doing FFTs ...
Doing FFTs ...
Doing FFTs ...
Doing FFTs ...
Doing FFTs ...
Doing FFTs ...
Doing FFTs ...
Doing FFTs ...
Doing FFTs ...
Doing FFTs ...
Doing FFTs ...
Doing FFTs ...
Doing FFTs ...
Doing FFTs ...
Doing FFTs ...
Doing FFTs ...
Doing FFTs ...
Doing FFTs ...
Doing FFTs ...
Doing FFTs ...
Doing FFTs ...
Doing FFTs ...
Doing FFTs ...
Doing FFTs ...
Doing FFTs ...
Doing FFTs ...
Doing FFTs ...
Doing FFTs ...
Doing FFTs ...
Doing FFTs ...
Doing FFTs ...
Doing FFTs ...
Doing FFTs ...
Doing FFTs ...
Doing FFTs ...
Doing FFTs ...
Doing FFTs ...
Doing FFTs ...
Doing FFTs ...
Doing FFTs ...
Doing FFTs ...
Doing FFTs ...
Doing FFTs ...
Doing FFTs ...
Doing FFTs ...
Doing FFTs ...
Doing FFTs ...
Doing FFTs ...
Doing FFTs ...
Doing FFTs ...
Doing FFTs ...
Doing FFTs ...
Doing FFTs ...
Doing FFTs ...
Doing FFTs ...
Doing FFTs ...
Doing FFTs ...
Doing FFTs ...
Doing FFTs ...
Doing FFTs ...
Doing FFTs ...
Doing FFTs ...
Doing FFTs ...
Doing FFTs ...
Doing FFTs ...
Doing FFTs ...
Doing FFTs ...
Doing FFTs ...
Doing FFTs ...
Doing FFTs ...
Doing FFTs ...
Doing FFTs ...
Doing FFTs ...
Doing FFTs ...
Doing FFTs ...
Doing FFTs ...
Doing FFTs ...
Doing FFTs ...
Doing FFTs ...
Doing FFTs ...
Doing FFTs ...
Doing FFTs ...
Doing FFTs ...
Doing FFTs ...
Doing FFTs ...
Doing FFTs ...
Doing FFTs ...
Doing FFTs ...
Doing FFTs ...
Doing FFTs ...
Doing FFTs ...
Doing FFTs ...
Doing FFTs ...
Doing FFTs ...
Doing FFTs ...
Doing FFTs ...
Doing FFTs ...
Doing FFTs ...
Doing FFTs ...
Doing FFTs ...
Doing FFTs ...
Doing FFTs ...
Doing FFTs ...
Doing FFTs ...
Doing FFTs ...
Doing FFTs ...
Doing FFTs ...
Doing FFTs ...
Doing FFTs ...
Doing FFTs ...
Doing FFTs ...
Doing FFTs ...
Doing FFTs ...
Doing FFTs ...
Doing FFTs ...
Doing FFTs ...
Doing FFTs ...
Doing FFTs ...
Doing FFTs ...
Doing FFTs ...
Doing FFTs ...
Doing FFTs ...
Doing FFTs ...
Doing FFTs ...
Doing FFTs ...
Doing FFTs ...
Doing FFTs ...
Doing FFTs ...
Doing FFTs ...
Doing FFTs ...
Doing FFTs ...
Doing FFTs ...
Doing FFTs ...
Doing FFTs ...
Doing FFTs ...
Doing FFTs ...
Doing FFTs ...
Doing FFTs ...
Doing FFTs ...
Doing FFTs ...
Doing FFTs ...
Doing FFTs ...
Doing FFTs ...
Doing FFTs ...
Doing FFTs ...
Doing FFTs ...
Doing FFTs ...
Doing FFTs ...
Doing FFTs ...
Doing FFTs ...
Doing FFTs ...
Doing FFTs ...
Doing FFTs ...
Doing FFTs ...
Doing FFTs ...
Doing FFTs ...
Doing FFTs ...
Doing FFTs ...
Doing FFTs ...
Doing FFTs ...
Doing FFTs ...
Doing FFTs ...
Doing FFTs ...
Doing FFTs ...
Doing FFTs ...
Doing FFTs ...
Doing FFTs ...
Doing FFTs ...
Doing FFTs ...
Doing FFTs ...
Doing FFTs ...
Doing FFTs ...
Doing FFTs ...
Doing FFTs ...
Doing FFTs ...
Doing FFTs ...
Doing FFTs ...
Doing FFTs ...
Doing FFTs ...
Doing FFTs ...
Doing FFTs ...
Doing FFTs ...
Doing FFTs ...
Doing FFTs ...
Doing FFTs ...
Doing FFTs ...
Doing FFTs ...
Doing FFTs ...
Doing FFTs ...
Doing FFTs ...
Doing FFTs ...
Doing FFTs ...
Doing FFTs ...
Doing FFTs ...
Doing FFTs ...
Doing FFTs ...
Doing FFTs ...
Doing FFTs ...
Doing FFTs ...
Doing FFTs ...
Doing FFTs ...
Doing FFTs ...
Doing FFTs ...
Doing FFTs ...
Doing FFTs ...
Doing FFTs ...
Doing FFTs ...
Doing FFTs ...
Doing FFTs ...
Doing FFTs ...
Doing FFTs ...
Doing FFTs ...
Doing FFTs ...
Doing FFTs ...
Doing FFTs ...
Doing FFTs ...
Doing FFTs ...
Doing FFTs ...
Doing FFTs ...
Doing FFTs ...
Doing FFTs ...
Doing FFTs ...
Doing FFTs ...
Doing FFTs ...
Doing FFTs ...
Doing FFTs ...
Doing FFTs ...
Doing FFTs ...
Doing FFTs ...
Doing FFTs ...
Doing FFTs ...
Doing FFTs ...
Doing FFTs ...
Doing FFTs ...
Doing FFTs ...
Doing FFTs ...
Doing FFTs ...
Doing FFTs ...
Doing FFTs ...
Doing FFTs ...
Doing FFTs ...
Doing FFTs ...
Doing FFTs ...
Doing FFTs ...
Doing FFTs ...
Doing FFTs ...
Doing FFTs ...
Doing FFTs ...
Doing FFTs ...
Doing FFTs ...
Doing FFTs ...
Doing FFTs ...
Doing FFTs ...
Doing FFTs ...
Doing FFTs ...
Doing FFTs ...
Doing FFTs ...
Doing FFTs ...
Doing FFTs ...
Doing FFTs ...
Doing FFTs ...
Doing FFTs ...
Doing FFTs ...
Doing FFTs ...
Doing FFTs ...
Doing FFTs ...
Doing FFTs ...
Doing FFTs ...
Doing FFTs ...
Doing FFTs ...
Doing FFTs ...
Doing FFTs ...
Doing FFTs ...
Doing FFTs ...
Doing FFTs ...
Doing FFTs ...
Doing FFTs ...
Doing FFTs ...
Doing FFTs ...
Doing FFTs ...
Doing FFTs ...
Doing FFTs ...
Doing FFTs ...
Doing FFTs ...
Doing FFTs ...
Doing FFTs ...
Doing FFTs ...
Doing FFTs ...
Doing FFTs ...
Doing FFTs ...
Doing FFTs ...
Doing FFTs ...
Doing FFTs ...
Doing FFTs ...
Doing FFTs ...
Doing FFTs ...
Doing FFTs ...
Doing FFTs ...
Doing FFTs ...
Doing FFTs ...
Doing FFTs ...
Doing FFTs ...
Doing FFTs ...
Doing FFTs ...
Doing FFTs ...
Doing FFTs ...
Doing FFTs ...
Doing FFTs ...
Doing FFTs ...
Doing FFTs ...
Doing FFTs ...
Doing FFTs ...
ParaFaFT: mean=2.75768s, std=0.0284184s
FFTW:     mean=8.01093s, std=0.3208s
CSV written to bench_r2c.csv
>> wrote /pc2/users/c/csdcan02/scratch/Franz/parafaft/benchmark/cluster/results/strong_cpu_hybrid/N4096_n128_33682733/bench_r2c.csv
