cpu-bind=MASK - n2cn0179, task  0  0 [212669]: mask 0x|BBBBBBBB|BBBBBBBB||BBBBBBBB|BBBBBBBB||BBBBBBBB|BBBBBBBB||BBBBBBBB|BBBBBBBB||||BBBBBBBB|BBBBBBBB||BBBBBBBB|BBBBBBBB||BBBBBBBB|BBBBBBBB||BBBBBBBB|BBBBBBBB| set

Currently Loaded Modules:
  1) pc2fs
  2) slurm/25.11.2-1
  3) DefaultModules                            (S)
  4) compiler/GCCcore/14.2.0
  5) devel/ncurses/6.5-GCCcore-14.2.0
  6) lib/zlib/1.3.1-GCCcore-14.2.0
  7) tools/bzip2/1.0.8-GCCcore-14.2.0
  8) lib/libidn2/2.3.7-GCCcore-14.2.0
  9) lib/libiconv/1.18-GCCcore-14.2.0
 10) lib/libunistring/1.3-GCCcore-14.2.0
 11) lib/libpsl/0.21.5-GCCcore-14.2.0
 12) system/OpenSSL/3
 13) tools/cURL/8.11.1-GCCcore-14.2.0
 14) tools/XZ/5.6.3-GCCcore-14.2.0
 15) tools/libarchive/3.7.7-GCCcore-14.2.0
 16) devel/CMake/3.31.3-GCCcore-14.2.0
 17) tools/binutils/2.42-GCCcore-14.2.0
 18) compiler/GCC/14.2.0
 19) tools/numactl/2.0.19-GCCcore-14.2.0
 20) lib/libxml2/2.13.4-GCCcore-14.2.0
 21) system/libpciaccess/0.18.1-GCCcore-14.2.0
 22) system/hwloc/2.11.2-GCCcore-14.2.0
 23) lib/libevent/2.1.12-GCCcore-14.2.0
 24) lib/UCX/1.18.0-GCCcore-14.2.0
 25) lib/libfabric/2.0.0-GCCcore-14.2.0
 26) lib/PMIx/5.0.6-GCCcore-14.2.0
 27) lib/PRRTE/3.0.8-GCCcore-14.2.0
 28) lib/UCC/1.3.0-GCCcore-14.2.0
 29) mpi/OpenMPI/5.0.7-GCC-14.2.0
 30) toolchain/gompi/2025a
 31) numlib/FFTW/3.3.10-GCC-14.2.0
 32) numlib/FFTW.MPI/3.3.10-gompi-2025a
 33) tools/Szip/2.1.1-GCCcore-14.2.0
 34) data/HDF5/1.14.6-gompi-2025a

  Where:
   S:  Module is Sticky, requires --force to unload or purge
=== strong_cpu: N=1536 nodes=16 ranks=2048 threads=1 iters=50 ===
cpu-bind=MASK - n2cn1026, task 1280  0 [292026]: mask 0x|B-------|--------||--------|--------||--------|--------||--------|--------||||--------|--------||--------|--------||--------|--------||--------|--------| set
cpu-bind=MASK - n2cn1026, task 1281  1 [292027]: mask 0x|-B------|--------||--------|--------||--------|--------||--------|--------||||--------|--------||--------|--------||--------|--------||--------|--------| set
cpu-bind=MASK - n2cn1026, task 1282  2 [292028]: mask 0x|--B-----|--------||--------|--------||--------|--------||--------|--------||||--------|--------||--------|--------||--------|--------||--------|--------| set
cpu-bind=MASK - n2cn1157, task 1792  0 [2086742]: mask 0x|B-------|--------||--------|--------||--------|--------||--------|--------||||--------|--------||--------|--------||--------|--------||--------|--------| set
cpu-bind=MASK - n2cn1026, task 1283  3 [292029]: mask 0x|---B----|--------||--------|--------||--------|--------||--------|--------||||--------|--------||--------|--------||--------|--------||--------|--------| set
cpu-bind=MASK - n2cn0181, task 256  0 [212635]: mask 0x|B-------|--------||--------|--------||--------|--------||--------|--------||||--------|--------||--------|--------||--------|--------||--------|--------| set
cpu-bind=MASK - n2cn1157, task 1793  1 [2086743]: mask 0x|-B------|--------||--------|--------||--------|--------||--------|--------||||--------|--------||--------|--------||--------|--------||--------|--------| set
cpu-bind=MASK - n2cn1026, task 1284  4 [292030]: mask 0x|----B---|--------||--------|--------||--------|--------||--------|--------||||--------|--------||--------|--------||--------|--------||--------|--------| set
cpu-bind=MASK - n2cn0181, task 257  1 [212636]: mask 0x|-B------|--------||--------|--------||--------|--------||--------|--------||||--------|--------||--------|--------||--------|--------||--------|--------| set
cpu-bind=MASK - n2cn0890, task 896  0 [236918]: mask 0x|B-------|--------||--------|--------||--------|--------||--------|--------||||--------|--------||--------|--------||--------|--------||--------|--------| set
cpu-bind=MASK - n2cn1157, task 1794  2 [2086744]: mask 0x|--B-----|--------||--------|--------||--------|--------||--------|--------||||--------|--------||--------|--------||--------|--------||--------|--------| set
cpu-bind=MASK - n2cn1026, task 1285  5 [292031]: mask 0x|-----B--|--------||--------|--------||--------|--------||--------|--------||||--------|--------||--------|--------||--------|--------||--------|--------| set
cpu-bind=MASK - n2cn0180, task 128  0 [336713]: mask 0x|B-------|--------||--------|--------||--------|--------||--------|--------||||--------|--------||--------|--------||--------|--------||--------|--------| set
cpu-bind=MASK - n2cn0181, task 258  2 [212637]: mask 0x|--B-----|--------||--------|--------||--------|--------||--------|--------||||--------|--------||--------|--------||--------|--------||--------|--------| set
cpu-bind=MASK - n2cn1157, task 1795  3 [2086745]: mask 0x|---B----|--------||--------|--------||--------|--------||--------|--------||||--------|--------||--------|--------||--------|--------||--------|--------| set
cpu-bind=MASK - n2cn0890, task 897  1 [236919]: mask 0x|-B------|--------||--------|--------||--------|--------||--------|--------||||--------|--------||--------|--------||--------|--------||--------|--------| set
cpu-bind=MASK - n2cn1026, task 1286  6 [292032]: mask 0x|------B-|--------||--------|--------||--------|--------||--------|--------||||--------|--------||--------|--------||--------|--------||--------|--------| set
cpu-bind=MASK - n2cn0180, task 129  1 [336714]: mask 0x|-B------|--------||--------|--------||--------|--------||--------|--------||||--------|--------||--------|--------||--------|--------||--------|--------| set
cpu-bind=MASK - n2cn0181, task 259  3 [212638]: mask 0x|---B----|--------||--------|--------||--------|--------||--------|--------||||--------|--------||--------|--------||--------|--------||--------|--------| set
cpu-bind=MASK - n2cn1157, task 1796  4 [2086746]: mask 0x|----B---|--------||--------|--------||--------|--------||--------|--------||||--------|--------||--------|--------||--------|--------||--------|--------| set
cpu-bind=MASK - n2cn0890, task 898  2 [236920]: mask 0x|--B-----|--------||--------|--------||--------|--------||--------|--------||||--------|--------||--------|--------||--------|--------||--------|--------| set
cpu-bind=MASK - n2cn1026, task 1287  7 [292033]: mask 0x|-------B|--------||--------|--------||--------|--------||--------|--------||||--------|--------||--------|--------||--------|--------||--------|--------| set
cpu-bind=MASK - n2cn0180, task 130  2 [336715]: mask 0x|--B-----|--------||--------|--------||--------|--------||--------|--------||||--------|--------||--------|--------||--------|--------||--------|--------| set
cpu-bind=MASK - n2cn0181, task 260  4 [212639]: mask 0x|----B---|--------||--------|--------||--------|--------||--------|--------||||--------|--------||--------|--------||--------|--------||--------|--------| set
cpu-bind=MASK - n2cn1157, task 1797  5 [2086747]: mask 0x|-----B--|--------||--------|--------||--------|--------||--------|--------||||--------|--------||--------|--------||--------|--------||--------|--------| set
cpu-bind=MASK - n2cn0890, task 899  3 [236921]: mask 0x|---B----|--------||--------|--------||--------|--------||--------|--------||||--------|--------||--------|--------||--------|--------||--------|--------| set
cpu-bind=MASK - n2cn0183, task 512  0 [212755]: mask 0x|B-------|--------||--------|--------||--------|--------||--------|--------||||--------|--------||--------|--------||--------|--------||--------|--------| set
cpu-bind=MASK - n2cn1026, task 1288  8 [292034]: mask 0x|--------|B-------||--------|--------||--------|--------||--------|--------||||--------|--------||--------|--------||--------|--------||--------|--------| set
cpu-bind=MASK - n2cn0181, task 261  5 [212640]: mask 0x|-----B--|--------||--------|--------||--------|--------||--------|--------||||--------|--------||--------|--------||--------|--------||--------|--------| set
cpu-bind=MASK - n2cn0180, task 131  3 [336716]: mask 0x|---B----|--------||--------|--------||--------|--------||--------|--------||||--------|--------||--------|--------||--------|--------||--------|--------| set
cpu-bind=MASK - n2cn1157, task 1798  6 [2086748]: mask 0x|------B-|--------||--------|--------||--------|--------||--------|--------||||--------|--------||--------|--------||--------|--------||--------|--------| set
cpu-bind=MASK - n2cn0890, task 900  4 [236922]: mask 0x|----B---|--------||--------|--------||--------|--------||--------|--------||||--------|--------||--------|--------||--------|--------||--------|--------| set
cpu-bind=MASK - n2cn1026, task 1289  9 [292035]: mask 0x|--------|-B------||--------|--------||--------|--------||--------|--------||||--------|--------||--------|--------||--------|--------||--------|--------| set
cpu-bind=MASK - n2cn0183, task 513  1 [212756]: mask 0x|-B------|--------||--------|--------||--------|--------||--------|--------||||--------|--------||--------|--------||--------|--------||--------|--------| set
cpu-bind=MASK - n2cn0181, task 262  6 [212641]: mask 0x|------B-|--------||--------|--------||--------|--------||--------|--------||||--------|--------||--------|--------||--------|--------||--------|--------| set
cpu-bind=MASK - n2cn1154, task 1664  0 [344337]: mask 0x|B-------|--------||--------|--------||--------|--------||--------|--------||||--------|--------||--------|--------||--------|--------||--------|--------| set
cpu-bind=MASK - n2cn0180, task 132  4 [336717]: mask 0x|----B---|--------||--------|--------||--------|--------||--------|--------||||--------|--------||--------|--------||--------|--------||--------|--------| set
cpu-bind=MASK - n2cn1193, task 1920  0 [267016]: mask 0x|B-------|--------||--------|--------||--------|--------||--------|--------||||--------|--------||--------|--------||--------|--------||--------|--------| set
cpu-bind=MASK - n2cn1157, task 1799  7 [2086749]: mask 0x|-------B|--------||--------|--------||--------|--------||--------|--------||||--------|--------||--------|--------||--------|--------||--------|--------| set
cpu-bind=MASK - n2cn1151, task 1408  0 [265385]: mask 0x|B-------|--------||--------|--------||--------|--------||--------|--------||||--------|--------||--------|--------||--------|--------||--------|--------| set
cpu-bind=MASK - n2cn0890, task 901  5 [236923]: mask 0x|-----B--|--------||--------|--------||--------|--------||--------|--------||||--------|--------||--------|--------||--------|--------||--------|--------| set
cpu-bind=MASK - n2cn1026, task 1290 10 [292036]: mask 0x|--------|--B-----||--------|--------||--------|--------||--------|--------||||--------|--------||--------|--------||--------|--------||--------|--------| set
cpu-bind=MASK - n2cn0181, task 263  7 [212642]: mask 0x|-------B|--------||--------|--------||--------|--------||--------|--------||||--------|--------||--------|--------||--------|--------||--------|--------| set
cpu-bind=MASK - n2cn0183, task 514  2 [212757]: mask 0x|--B-----|--------||--------|--------||--------|--------||--------|--------||||--------|--------||--------|--------||--------|--------||--------|--------| set
cpu-bind=MASK - n2cn0180, task 133  5 [336718]: mask 0x|-----B--|--------||--------|--------||--------|--------||--------|--------||||--------|--------||--------|--------||--------|--------||--------|--------| set
cpu-bind=MASK - n2cn1154, task 1665  1 [344338]: mask 0x|-B------|--------||--------|--------||--------|--------||--------|--------||||--------|--------||--------|--------||--------|--------||--------|--------| set
cpu-bind=MASK - n2cn1157, task 1800  8 [2086750]: mask 0x|--------|B-------||--------|--------||--------|--------||--------|--------||||--------|--------||--------|--------||--------|--------||--------|--------| set
cpu-bind=MASK - n2cn1193, task 1921  1 [267017]: mask 0x|-B------|--------||--------|--------||--------|--------||--------|--------||||--------|--------||--------|--------||--------|--------||--------|--------| set
cpu-bind=MASK - n2cn0890, task 902  6 [236924]: mask 0x|------B-|--------||--------|--------||--------|--------||--------|--------||||--------|--------||--------|--------||--------|--------||--------|--------| set
cpu-bind=MASK - n2cn1026, task 1291 11 [292037]: mask 0x|--------|---B----||--------|--------||--------|--------||--------|--------||||--------|--------||--------|--------||--------|--------||--------|--------| set
cpu-bind=MASK - n2cn0181, task 264  8 [212643]: mask 0x|--------|B-------||--------|--------||--------|--------||--------|--------||||--------|--------||--------|--------||--------|--------||--------|--------| set
cpu-bind=MASK - n2cn0183, task 515  3 [212758]: mask 0x|---B----|--------||--------|--------||--------|--------||--------|--------||||--------|--------||--------|--------||--------|--------||--------|--------| set
cpu-bind=MASK - n2cn1151, task 1409  1 [265386]: mask 0x|-B------|--------||--------|--------||--------|--------||--------|--------||||--------|--------||--------|--------||--------|--------||--------|--------| set
cpu-bind=MASK - n2cn0180, task 134  6 [336719]: mask 0x|------B-|--------||--------|--------||--------|--------||--------|--------||||--------|--------||--------|--------||--------|--------||--------|--------| set
cpu-bind=MASK - n2cn1154, task 1666  2 [344339]: mask 0x|--B-----|--------||--------|--------||--------|--------||--------|--------||||--------|--------||--------|--------||--------|--------||--------|--------| set
cpu-bind=MASK - n2cn1157, task 1801  9 [2086751]: mask 0x|--------|-B------||--------|--------||--------|--------||--------|--------||||--------|--------||--------|--------||--------|--------||--------|--------| set
cpu-bind=MASK - n2cn1193, task 1922  2 [267018]: mask 0x|--B-----|--------||--------|--------||--------|--------||--------|--------||||--------|--------||--------|--------||--------|--------||--------|--------| set
cpu-bind=MASK - n2cn0890, task 903  7 [236925]: mask 0x|-------B|--------||--------|--------||--------|--------||--------|--------||||--------|--------||--------|--------||--------|--------||--------|--------| set
cpu-bind=MASK - n2cn1026, task 1292 12 [292038]: mask 0x|--------|----B---||--------|--------||--------|--------||--------|--------||||--------|--------||--------|--------||--------|--------||--------|--------| set
cpu-bind=MASK - n2cn0181, task 265  9 [212644]: mask 0x|--------|-B------||--------|--------||--------|--------||--------|--------||||--------|--------||--------|--------||--------|--------||--------|--------| set
cpu-bind=MASK - n2cn0183, task 516  4 [212759]: mask 0x|----B---|--------||--------|--------||--------|--------||--------|--------||||--------|--------||--------|--------||--------|--------||--------|--------| set
cpu-bind=MASK - n2cn0180, task 135  7 [336720]: mask 0x|-------B|--------||--------|--------||--------|--------||--------|--------||||--------|--------||--------|--------||--------|--------||--------|--------| set
cpu-bind=MASK - n2cn1151, task 1410  2 [265387]: mask 0x|--B-----|--------||--------|--------||--------|--------||--------|--------||||--------|--------||--------|--------||--------|--------||--------|--------| set
cpu-bind=MASK - n2cn1154, task 1667  3 [344340]: mask 0x|---B----|--------||--------|--------||--------|--------||--------|--------||||--------|--------||--------|--------||--------|--------||--------|--------| set
cpu-bind=MASK - n2cn1157, task 1802 10 [2086752]: mask 0x|--------|--B-----||--------|--------||--------|--------||--------|--------||||--------|--------||--------|--------||--------|--------||--------|--------| set
cpu-bind=MASK - n2cn1193, task 1923  3 [267019]: mask 0x|---B----|--------||--------|--------||--------|--------||--------|--------||||--------|--------||--------|--------||--------|--------||--------|--------| set
cpu-bind=MASK - n2cn1026, task 1293 13 [292039]: mask 0x|--------|-----B--||--------|--------||--------|--------||--------|--------||||--------|--------||--------|--------||--------|--------||--------|--------| set
cpu-bind=MASK - n2cn0890, task 904  8 [236926]: mask 0x|--------|B-------||--------|--------||--------|--------||--------|--------||||--------|--------||--------|--------||--------|--------||--------|--------| set
cpu-bind=MASK - n2cn0181, task 266 10 [212645]: mask 0x|--------|--B-----||--------|--------||--------|--------||--------|--------||||--------|--------||--------|--------||--------|--------||--------|--------| set
cpu-bind=MASK - n2cn0183, task 517  5 [212760]: mask 0x|-----B--|--------||--------|--------||--------|--------||--------|--------||||--------|--------||--------|--------||--------|--------||--------|--------| set
cpu-bind=MASK - n2cn0180, task 136  8 [336721]: mask 0x|--------|B-------||--------|--------||--------|--------||--------|--------||||--------|--------||--------|--------||--------|--------||--------|--------| set
cpu-bind=MASK - n2cn1151, task 1411  3 [265388]: mask 0x|---B----|--------||--------|--------||--------|--------||--------|--------||||--------|--------||--------|--------||--------|--------||--------|--------| set
cpu-bind=MASK - n2cn1157, task 1803 11 [2086753]: mask 0x|--------|---B----||--------|--------||--------|--------||--------|--------||||--------|--------||--------|--------||--------|--------||--------|--------| set
cpu-bind=MASK - n2cn1154, task 1668  4 [344341]: mask 0x|----B---|--------||--------|--------||--------|--------||--------|--------||||--------|--------||--------|--------||--------|--------||--------|--------| set
cpu-bind=MASK - n2cn0183, task 518  6 [212761]: mask 0x|------B-|--------||--------|--------||--------|--------||--------|--------||||--------|--------||--------|--------||--------|--------||--------|--------| set
cpu-bind=MASK - n2cn1026, task 1294 14 [292040]: mask 0x|--------|------B-||--------|--------||--------|--------||--------|--------||||--------|--------||--------|--------||--------|--------||--------|--------| set
cpu-bind=MASK - n2cn0890, task 905  9 [236927]: mask 0x|--------|-B------||--------|--------||--------|--------||--------|--------||||--------|--------||--------|--------||--------|--------||--------|--------| set
cpu-bind=MASK - n2cn0181, task 267 11 [212646]: mask 0x|--------|---B----||--------|--------||--------|--------||--------|--------||||--------|--------||--------|--------||--------|--------||--------|--------| set
cpu-bind=MASK - n2cn1193, task 1924  4 [267020]: mask 0x|----B---|--------||--------|--------||--------|--------||--------|--------||||--------|--------||--------|--------||--------|--------||--------|--------| set
cpu-bind=MASK - n2cn0180, task 137  9 [336722]: mask 0x|--------|-B------||--------|--------||--------|--------||--------|--------||||--------|--------||--------|--------||--------|--------||--------|--------| set
cpu-bind=MASK - n2cn1151, task 1412  4 [265389]: mask 0x|----B---|--------||--------|--------||--------|--------||--------|--------||||--------|--------||--------|--------||--------|--------||--------|--------| set
cpu-bind=MASK - n2cn1157, task 1804 12 [2086754]: mask 0x|--------|----B---||--------|--------||--------|--------||--------|--------||||--------|--------||--------|--------||--------|--------||--------|--------| set
cpu-bind=MASK - n2cn1154, task 1669  5 [344342]: mask 0x|-----B--|--------||--------|--------||--------|--------||--------|--------||||--------|--------||--------|--------||--------|--------||--------|--------| set
cpu-bind=MASK - n2cn0183, task 519  7 [212762]: mask 0x|-------B|--------||--------|--------||--------|--------||--------|--------||||--------|--------||--------|--------||--------|--------||--------|--------| set
cpu-bind=MASK - n2cn1026, task 1295 15 [292041]: mask 0x|--------|-------B||--------|--------||--------|--------||--------|--------||||--------|--------||--------|--------||--------|--------||--------|--------| set
cpu-bind=MASK - n2cn0181, task 268 12 [212647]: mask 0x|--------|----B---||--------|--------||--------|--------||--------|--------||||--------|--------||--------|--------||--------|--------||--------|--------| set
cpu-bind=MASK - n2cn0890, task 906 10 [236928]: mask 0x|--------|--B-----||--------|--------||--------|--------||--------|--------||||--------|--------||--------|--------||--------|--------||--------|--------| set
cpu-bind=MASK - n2cn1193, task 1925  5 [267021]: mask 0x|-----B--|--------||--------|--------||--------|--------||--------|--------||||--------|--------||--------|--------||--------|--------||--------|--------| set
cpu-bind=MASK - n2cn0180, task 138 10 [336723]: mask 0x|--------|--B-----||--------|--------||--------|--------||--------|--------||||--------|--------||--------|--------||--------|--------||--------|--------| set
cpu-bind=MASK - n2cn1151, task 1413  5 [265390]: mask 0x|-----B--|--------||--------|--------||--------|--------||--------|--------||||--------|--------||--------|--------||--------|--------||--------|--------| set
cpu-bind=MASK - n2cn0183, task 520  8 [212763]: mask 0x|--------|B-------||--------|--------||--------|--------||--------|--------||||--------|--------||--------|--------||--------|--------||--------|--------| set
cpu-bind=MASK - n2cn1026, task 1296 16 [292042]: mask 0x|--------|--------||B-------|--------||--------|--------||--------|--------||||--------|--------||--------|--------||--------|--------||--------|--------| set
cpu-bind=MASK - n2cn1157, task 1805 13 [2086755]: mask 0x|--------|-----B--||--------|--------||--------|--------||--------|--------||||--------|--------||--------|--------||--------|--------||--------|--------| set
cpu-bind=MASK - n2cn0181, task 269 13 [212648]: mask 0x|--------|-----B--||--------|--------||--------|--------||--------|--------||||--------|--------||--------|--------||--------|--------||--------|--------| set
cpu-bind=MASK - n2cn1154, task 1670  6 [344343]: mask 0x|------B-|--------||--------|--------||--------|--------||--------|--------||||--------|--------||--------|--------||--------|--------||--------|--------| set
cpu-bind=MASK - n2cn0890, task 907 11 [236929]: mask 0x|--------|---B----||--------|--------||--------|--------||--------|--------||||--------|--------||--------|--------||--------|--------||--------|--------| set
cpu-bind=MASK - n2cn1193, task 1926  6 [267022]: mask 0x|------B-|--------||--------|--------||--------|--------||--------|--------||||--------|--------||--------|--------||--------|--------||--------|--------| set
cpu-bind=MASK - n2cn0180, task 139 11 [336724]: mask 0x|--------|---B----||--------|--------||--------|--------||--------|--------||||--------|--------||--------|--------||--------|--------||--------|--------| set
cpu-bind=MASK - n2cn0183, task 521  9 [212764]: mask 0x|--------|-B------||--------|--------||--------|--------||--------|--------||||--------|--------||--------|--------||--------|--------||--------|--------| set
cpu-bind=MASK - n2cn1151, task 1414  6 [265391]: mask 0x|------B-|--------||--------|--------||--------|--------||--------|--------||||--------|--------||--------|--------||--------|--------||--------|--------| set
cpu-bind=MASK - n2cn1026, task 1297 17 [292043]: mask 0x|--------|--------||-B------|--------||--------|--------||--------|--------||||--------|--------||--------|--------||--------|--------||--------|--------| set
cpu-bind=MASK - n2cn0181, task 270 14 [212649]: mask 0x|--------|------B-||--------|--------||--------|--------||--------|--------||||--------|--------||--------|--------||--------|--------||--------|--------| set
cpu-bind=MASK - n2cn1157, task 1806 14 [2086756]: mask 0x|--------|------B-||--------|--------||--------|--------||--------|--------||||--------|--------||--------|--------||--------|--------||--------|--------| set
cpu-bind=MASK - n2cn1154, task 1671  7 [344344]: mask 0x|-------B|--------||--------|--------||--------|--------||--------|--------||||--------|--------||--------|--------||--------|--------||--------|--------| set
cpu-bind=MASK - n2cn0890, task 908 12 [236930]: mask 0x|--------|----B---||--------|--------||--------|--------||--------|--------||||--------|--------||--------|--------||--------|--------||--------|--------| set
cpu-bind=MASK - n2cn1193, task 1927  7 [267023]: mask 0x|-------B|--------||--------|--------||--------|--------||--------|--------||||--------|--------||--------|--------||--------|--------||--------|--------| set
cpu-bind=MASK - n2cn0180, task 140 12 [336725]: mask 0x|--------|----B---||--------|--------||--------|--------||--------|--------||||--------|--------||--------|--------||--------|--------||--------|--------| set
cpu-bind=MASK - n2cn1025, task 1152  0 [146323]: mask 0x|B-------|--------||--------|--------||--------|--------||--------|--------||||--------|--------||--------|--------||--------|--------||--------|--------| set
cpu-bind=MASK - n2cn0183, task 522 10 [212765]: mask 0x|--------|--B-----||--------|--------||--------|--------||--------|--------||||--------|--------||--------|--------||--------|--------||--------|--------| set
cpu-bind=MASK - n2cn1151, task 1415  7 [265392]: mask 0x|-------B|--------||--------|--------||--------|--------||--------|--------||||--------|--------||--------|--------||--------|--------||--------|--------| set
cpu-bind=MASK - n2cn0181, task 271 15 [212650]: mask 0x|--------|-------B||--------|--------||--------|--------||--------|--------||||--------|--------||--------|--------||--------|--------||--------|--------| set
cpu-bind=MASK - n2cn1026, task 1298 18 [292044]: mask 0x|--------|--------||--B-----|--------||--------|--------||--------|--------||||--------|--------||--------|--------||--------|--------||--------|--------| set
cpu-bind=MASK - n2cn0891, task 1024  0 [293864]: mask 0x|B-------|--------||--------|--------||--------|--------||--------|--------||||--------|--------||--------|--------||--------|--------||--------|--------| set
cpu-bind=MASK - n2cn1157, task 1807 15 [2086757]: mask 0x|--------|-------B||--------|--------||--------|--------||--------|--------||||--------|--------||--------|--------||--------|--------||--------|--------| set
cpu-bind=MASK - n2cn0890, task 909 13 [236931]: mask 0x|--------|-----B--||--------|--------||--------|--------||--------|--------||||--------|--------||--------|--------||--------|--------||--------|--------| set
cpu-bind=MASK - n2cn1154, task 1672  8 [344345]: mask 0x|--------|B-------||--------|--------||--------|--------||--------|--------||||--------|--------||--------|--------||--------|--------||--------|--------| set
cpu-bind=MASK - n2cn1193, task 1928  8 [267024]: mask 0x|--------|B-------||--------|--------||--------|--------||--------|--------||||--------|--------||--------|--------||--------|--------||--------|--------| set
cpu-bind=MASK - n2cn0180, task 141 13 [336726]: mask 0x|--------|-----B--||--------|--------||--------|--------||--------|--------||||--------|--------||--------|--------||--------|--------||--------|--------| set
cpu-bind=MASK - n2cn0183, task 523 11 [212766]: mask 0x|--------|---B----||--------|--------||--------|--------||--------|--------||||--------|--------||--------|--------||--------|--------||--------|--------| set
cpu-bind=MASK - n2cn0181, task 272 16 [212651]: mask 0x|--------|--------||B-------|--------||--------|--------||--------|--------||||--------|--------||--------|--------||--------|--------||--------|--------| set
cpu-bind=MASK - n2cn1151, task 1416  8 [265393]: mask 0x|--------|B-------||--------|--------||--------|--------||--------|--------||||--------|--------||--------|--------||--------|--------||--------|--------| set
cpu-bind=MASK - n2cn1025, task 1153  1 [146324]: mask 0x|-B------|--------||--------|--------||--------|--------||--------|--------||||--------|--------||--------|--------||--------|--------||--------|--------| set
cpu-bind=MASK - n2cn1157, task 1808 16 [2086758]: mask 0x|--------|--------||B-------|--------||--------|--------||--------|--------||||--------|--------||--------|--------||--------|--------||--------|--------| set
cpu-bind=MASK - n2cn0891, task 1025  1 [293865]: mask 0x|-B------|--------||--------|--------||--------|--------||--------|--------||||--------|--------||--------|--------||--------|--------||--------|--------| set
cpu-bind=MASK - n2cn0890, task 910 14 [236932]: mask 0x|--------|------B-||--------|--------||--------|--------||--------|--------||||--------|--------||--------|--------||--------|--------||--------|--------| set
cpu-bind=MASK - n2cn1026, task 1299 19 [292045]: mask 0x|--------|--------||---B----|--------||--------|--------||--------|--------||||--------|--------||--------|--------||--------|--------||--------|--------| set
cpu-bind=MASK - n2cn1193, task 1929  9 [267025]: mask 0x|--------|-B------||--------|--------||--------|--------||--------|--------||||--------|--------||--------|--------||--------|--------||--------|--------| set
cpu-bind=MASK - n2cn1154, task 1673  9 [344346]: mask 0x|--------|-B------||--------|--------||--------|--------||--------|--------||||--------|--------||--------|--------||--------|--------||--------|--------| set
cpu-bind=MASK - n2cn0180, task 142 14 [336727]: mask 0x|--------|------B-||--------|--------||--------|--------||--------|--------||||--------|--------||--------|--------||--------|--------||--------|--------| set
cpu-bind=MASK - n2cn0183, task 524 12 [212767]: mask 0x|--------|----B---||--------|--------||--------|--------||--------|--------||||--------|--------||--------|--------||--------|--------||--------|--------| set
cpu-bind=MASK - n2cn0181, task 273 17 [212652]: mask 0x|--------|--------||-B------|--------||--------|--------||--------|--------||||--------|--------||--------|--------||--------|--------||--------|--------| set
cpu-bind=MASK - n2cn1151, task 1417  9 [265394]: mask 0x|--------|-B------||--------|--------||--------|--------||--------|--------||||--------|--------||--------|--------||--------|--------||--------|--------| set
cpu-bind=MASK - n2cn1157, task 1809 17 [2086759]: mask 0x|--------|--------||-B------|--------||--------|--------||--------|--------||||--------|--------||--------|--------||--------|--------||--------|--------| set
cpu-bind=MASK - n2cn1025, task 1154  2 [146325]: mask 0x|--B-----|--------||--------|--------||--------|--------||--------|--------||||--------|--------||--------|--------||--------|--------||--------|--------| set
cpu-bind=MASK - n2cn0890, task 911 15 [236933]: mask 0x|--------|-------B||--------|--------||--------|--------||--------|--------||||--------|--------||--------|--------||--------|--------||--------|--------| set
cpu-bind=MASK - n2cn0891, task 1026  2 [293866]: mask 0x|--B-----|--------||--------|--------||--------|--------||--------|--------||||--------|--------||--------|--------||--------|--------||--------|--------| set
cpu-bind=MASK - n2cn1026, task 1300 20 [292046]: mask 0x|--------|--------||----B---|--------||--------|--------||--------|--------||||--------|--------||--------|--------||--------|--------||--------|--------| set
cpu-bind=MASK - n2cn0180, task 143 15 [336728]: mask 0x|--------|-------B||--------|--------||--------|--------||--------|--------||||--------|--------||--------|--------||--------|--------||--------|--------| set
cpu-bind=MASK - n2cn1154, task 1674 10 [344347]: mask 0x|--------|--B-----||--------|--------||--------|--------||--------|--------||||--------|--------||--------|--------||--------|--------||--------|--------| set
cpu-bind=MASK - n2cn0290, task 640  0 [244642]: mask 0x|B-------|--------||--------|--------||--------|--------||--------|--------||||--------|--------||--------|--------||--------|--------||--------|--------| set
cpu-bind=MASK - n2cn1193, task 1930 10 [267026]: mask 0x|--------|--B-----||--------|--------||--------|--------||--------|--------||||--------|--------||--------|--------||--------|--------||--------|--------| set
cpu-bind=MASK - n2cn0183, task 525 13 [212768]: mask 0x|--------|-----B--||--------|--------||--------|--------||--------|--------||||--------|--------||--------|--------||--------|--------||--------|--------| set
cpu-bind=MASK - n2cn0182, task 384  0 [221858]: mask 0x|B-------|--------||--------|--------||--------|--------||--------|--------||||--------|--------||--------|--------||--------|--------||--------|--------| set
cpu-bind=MASK - n2cn0181, task 274 18 [212653]: mask 0x|--------|--------||--B-----|--------||--------|--------||--------|--------||||--------|--------||--------|--------||--------|--------||--------|--------| set
cpu-bind=MASK - n2cn1151, task 1418 10 [265395]: mask 0x|--------|--B-----||--------|--------||--------|--------||--------|--------||||--------|--------||--------|--------||--------|--------||--------|--------| set
cpu-bind=MASK - n2cn1026, task 1301 21 [292047]: mask 0x|--------|--------||-----B--|--------||--------|--------||--------|--------||||--------|--------||--------|--------||--------|--------||--------|--------| set
cpu-bind=MASK - n2cn1157, task 1810 18 [2086760]: mask 0x|--------|--------||--B-----|--------||--------|--------||--------|--------||||--------|--------||--------|--------||--------|--------||--------|--------| set
cpu-bind=MASK - n2cn0890, task 912 16 [236934]: mask 0x|--------|--------||B-------|--------||--------|--------||--------|--------||||--------|--------||--------|--------||--------|--------||--------|--------| set
cpu-bind=MASK - n2cn1025, task 1155  3 [146326]: mask 0x|---B----|--------||--------|--------||--------|--------||--------|--------||||--------|--------||--------|--------||--------|--------||--------|--------| set
cpu-bind=MASK - n2cn0180, task 144 16 [336729]: mask 0x|--------|--------||B-------|--------||--------|--------||--------|--------||||--------|--------||--------|--------||--------|--------||--------|--------| set
cpu-bind=MASK - n2cn0891, task 1027  3 [293867]: mask 0x|---B----|--------||--------|--------||--------|--------||--------|--------||||--------|--------||--------|--------||--------|--------||--------|--------| set
cpu-bind=MASK - n2cn1154, task 1675 11 [344348]: mask 0x|--------|---B----||--------|--------||--------|--------||--------|--------||||--------|--------||--------|--------||--------|--------||--------|--------| set
cpu-bind=MASK - n2cn0290, task 641  1 [244643]: mask 0x|-B------|--------||--------|--------||--------|--------||--------|--------||||--------|--------||--------|--------||--------|--------||--------|--------| set
cpu-bind=MASK - n2cn1193, task 1931 11 [267027]: mask 0x|--------|---B----||--------|--------||--------|--------||--------|--------||||--------|--------||--------|--------||--------|--------||--------|--------| set
cpu-bind=MASK - n2cn0183, task 526 14 [212769]: mask 0x|--------|------B-||--------|--------||--------|--------||--------|--------||||--------|--------||--------|--------||--------|--------||--------|--------| set
cpu-bind=MASK - n2cn0181, task 275 19 [212654]: mask 0x|--------|--------||---B----|--------||--------|--------||--------|--------||||--------|--------||--------|--------||--------|--------||--------|--------| set
cpu-bind=MASK - n2cn0182, task 385  1 [221859]: mask 0x|-B------|--------||--------|--------||--------|--------||--------|--------||||--------|--------||--------|--------||--------|--------||--------|--------| set
cpu-bind=MASK - n2cn1151, task 1419 11 [265396]: mask 0x|--------|---B----||--------|--------||--------|--------||--------|--------||||--------|--------||--------|--------||--------|--------||--------|--------| set
cpu-bind=MASK - n2cn1026, task 1302 22 [292048]: mask 0x|--------|--------||------B-|--------||--------|--------||--------|--------||||--------|--------||--------|--------||--------|--------||--------|--------| set
cpu-bind=MASK - n2cn0890, task 913 17 [236935]: mask 0x|--------|--------||-B------|--------||--------|--------||--------|--------||||--------|--------||--------|--------||--------|--------||--------|--------| set
cpu-bind=MASK - n2cn1025, task 1156  4 [146327]: mask 0x|----B---|--------||--------|--------||--------|--------||--------|--------||||--------|--------||--------|--------||--------|--------||--------|--------| set
cpu-bind=MASK - n2cn0891, task 1028  4 [293868]: mask 0x|----B---|--------||--------|--------||--------|--------||--------|--------||||--------|--------||--------|--------||--------|--------||--------|--------| set
cpu-bind=MASK - n2cn0180, task 145 17 [336730]: mask 0x|--------|--------||-B------|--------||--------|--------||--------|--------||||--------|--------||--------|--------||--------|--------||--------|--------| set
cpu-bind=MASK - n2cn0183, task 527 15 [212770]: mask 0x|--------|-------B||--------|--------||--------|--------||--------|--------||||--------|--------||--------|--------||--------|--------||--------|--------| set
cpu-bind=MASK - n2cn1154, task 1676 12 [344349]: mask 0x|--------|----B---||--------|--------||--------|--------||--------|--------||||--------|--------||--------|--------||--------|--------||--------|--------| set
cpu-bind=MASK - n2cn1157, task 1811 19 [2086761]: mask 0x|--------|--------||---B----|--------||--------|--------||--------|--------||||--------|--------||--------|--------||--------|--------||--------|--------| set
cpu-bind=MASK - n2cn0181, task 276 20 [212655]: mask 0x|--------|--------||----B---|--------||--------|--------||--------|--------||||--------|--------||--------|--------||--------|--------||--------|--------| set
cpu-bind=MASK - n2cn0290, task 642  2 [244644]: mask 0x|--B-----|--------||--------|--------||--------|--------||--------|--------||||--------|--------||--------|--------||--------|--------||--------|--------| set
cpu-bind=MASK - n2cn1193, task 1932 12 [267028]: mask 0x|--------|----B---||--------|--------||--------|--------||--------|--------||||--------|--------||--------|--------||--------|--------||--------|--------| set
cpu-bind=MASK - n2cn0182, task 386  2 [221860]: mask 0x|--B-----|--------||--------|--------||--------|--------||--------|--------||||--------|--------||--------|--------||--------|--------||--------|--------| set
cpu-bind=MASK - n2cn1151, task 1420 12 [265397]: mask 0x|--------|----B---||--------|--------||--------|--------||--------|--------||||--------|--------||--------|--------||--------|--------||--------|--------| set
cpu-bind=MASK - n2cn1026, task 1303 23 [292049]: mask 0x|--------|--------||-------B|--------||--------|--------||--------|--------||||--------|--------||--------|--------||--------|--------||--------|--------| set
cpu-bind=MASK - n2cn1152, task 1536  0 [241704]: mask 0x|B-------|--------||--------|--------||--------|--------||--------|--------||||--------|--------||--------|--------||--------|--------||--------|--------| set
cpu-bind=MASK - n2cn1025, task 1157  5 [146328]: mask 0x|-----B--|--------||--------|--------||--------|--------||--------|--------||||--------|--------||--------|--------||--------|--------||--------|--------| set
cpu-bind=MASK - n2cn0891, task 1029  5 [293869]: mask 0x|-----B--|--------||--------|--------||--------|--------||--------|--------||||--------|--------||--------|--------||--------|--------||--------|--------| set
cpu-bind=MASK - n2cn0183, task 528 16 [212771]: mask 0x|--------|--------||B-------|--------||--------|--------||--------|--------||||--------|--------||--------|--------||--------|--------||--------|--------| set
cpu-bind=MASK - n2cn0181, task 277 21 [212656]: mask 0x|--------|--------||-----B--|--------||--------|--------||--------|--------||||--------|--------||--------|--------||--------|--------||--------|--------| set
cpu-bind=MASK - n2cn1154, task 1677 13 [344350]: mask 0x|--------|-----B--||--------|--------||--------|--------||--------|--------||||--------|--------||--------|--------||--------|--------||--------|--------| set
cpu-bind=MASK - n2cn0890, task 914 18 [236936]: mask 0x|--------|--------||--B-----|--------||--------|--------||--------|--------||||--------|--------||--------|--------||--------|--------||--------|--------| set
cpu-bind=MASK - n2cn1157, task 1812 20 [2086762]: mask 0x|--------|--------||----B---|--------||--------|--------||--------|--------||||--------|--------||--------|--------||--------|--------||--------|--------| set
cpu-bind=MASK - n2cn0290, task 643  3 [244645]: mask 0x|---B----|--------||--------|--------||--------|--------||--------|--------||||--------|--------||--------|--------||--------|--------||--------|--------| set
cpu-bind=MASK - n2cn1193, task 1933 13 [267029]: mask 0x|--------|-----B--||--------|--------||--------|--------||--------|--------||||--------|--------||--------|--------||--------|--------||--------|--------| set
cpu-bind=MASK - n2cn0182, task 387  3 [221861]: mask 0x|---B----|--------||--------|--------||--------|--------||--------|--------||||--------|--------||--------|--------||--------|--------||--------|--------| set
cpu-bind=MASK - n2cn1151, task 1421 13 [265398]: mask 0x|--------|-----B--||--------|--------||--------|--------||--------|--------||||--------|--------||--------|--------||--------|--------||--------|--------| set
cpu-bind=MASK - n2cn1026, task 1304 24 [292050]: mask 0x|--------|--------||--------|B-------||--------|--------||--------|--------||||--------|--------||--------|--------||--------|--------||--------|--------| set
cpu-bind=MASK - n2cn0180, task 146 18 [336731]: mask 0x|--------|--------||--B-----|--------||--------|--------||--------|--------||||--------|--------||--------|--------||--------|--------||--------|--------| set
cpu-bind=MASK - n2cn0183, task 529 17 [212772]: mask 0x|--------|--------||-B------|--------||--------|--------||--------|--------||||--------|--------||--------|--------||--------|--------||--------|--------| set
cpu-bind=MASK - n2cn1025, task 1158  6 [146329]: mask 0x|------B-|--------||--------|--------||--------|--------||--------|--------||||--------|--------||--------|--------||--------|--------||--------|--------| set
cpu-bind=MASK - n2cn0891, task 1030  6 [293870]: mask 0x|------B-|--------||--------|--------||--------|--------||--------|--------||||--------|--------||--------|--------||--------|--------||--------|--------| set
cpu-bind=MASK - n2cn1152, task 1537  1 [241705]: mask 0x|-B------|--------||--------|--------||--------|--------||--------|--------||||--------|--------||--------|--------||--------|--------||--------|--------| set
cpu-bind=MASK - n2cn0181, task 278 22 [212657]: mask 0x|--------|--------||------B-|--------||--------|--------||--------|--------||||--------|--------||--------|--------||--------|--------||--------|--------| set
cpu-bind=MASK - n2cn0853, task 768  0 [302579]: mask 0x|B-------|--------||--------|--------||--------|--------||--------|--------||||--------|--------||--------|--------||--------|--------||--------|--------| set
cpu-bind=MASK - n2cn0890, task 915 19 [236937]: mask 0x|--------|--------||---B----|--------||--------|--------||--------|--------||||--------|--------||--------|--------||--------|--------||--------|--------| set
cpu-bind=MASK - n2cn1154, task 1678 14 [344351]: mask 0x|--------|------B-||--------|--------||--------|--------||--------|--------||||--------|--------||--------|--------||--------|--------||--------|--------| set
cpu-bind=MASK - n2cn1157, task 1813 21 [2086763]: mask 0x|--------|--------||-----B--|--------||--------|--------||--------|--------||||--------|--------||--------|--------||--------|--------||--------|--------| set
cpu-bind=MASK - n2cn0290, task 644  4 [244646]: mask 0x|----B---|--------||--------|--------||--------|--------||--------|--------||||--------|--------||--------|--------||--------|--------||--------|--------| set
cpu-bind=MASK - n2cn0182, task 388  4 [221862]: mask 0x|----B---|--------||--------|--------||--------|--------||--------|--------||||--------|--------||--------|--------||--------|--------||--------|--------| set
cpu-bind=MASK - n2cn1193, task 1934 14 [267030]: mask 0x|--------|------B-||--------|--------||--------|--------||--------|--------||||--------|--------||--------|--------||--------|--------||--------|--------| set
cpu-bind=MASK - n2cn0180, task 147 19 [336732]: mask 0x|--------|--------||---B----|--------||--------|--------||--------|--------||||--------|--------||--------|--------||--------|--------||--------|--------| set
cpu-bind=MASK - n2cn1026, task 1305 25 [292051]: mask 0x|--------|--------||--------|-B------||--------|--------||--------|--------||||--------|--------||--------|--------||--------|--------||--------|--------| set
cpu-bind=MASK - n2cn0183, task 530 18 [212773]: mask 0x|--------|--------||--B-----|--------||--------|--------||--------|--------||||--------|--------||--------|--------||--------|--------||--------|--------| set
cpu-bind=MASK - n2cn1151, task 1422 14 [265399]: mask 0x|--------|------B-||--------|--------||--------|--------||--------|--------||||--------|--------||--------|--------||--------|--------||--------|--------| set
cpu-bind=MASK - n2cn0181, task 279 23 [212658]: mask 0x|--------|--------||-------B|--------||--------|--------||--------|--------||||--------|--------||--------|--------||--------|--------||--------|--------| set
cpu-bind=MASK - n2cn1025, task 1159  7 [146330]: mask 0x|-------B|--------||--------|--------||--------|--------||--------|--------||||--------|--------||--------|--------||--------|--------||--------|--------| set
cpu-bind=MASK - n2cn0891, task 1031  7 [293871]: mask 0x|-------B|--------||--------|--------||--------|--------||--------|--------||||--------|--------||--------|--------||--------|--------||--------|--------| set
cpu-bind=MASK - n2cn1152, task 1538  2 [241706]: mask 0x|--B-----|--------||--------|--------||--------|--------||--------|--------||||--------|--------||--------|--------||--------|--------||--------|--------| set
cpu-bind=MASK - n2cn0853, task 769  1 [302580]: mask 0x|-B------|--------||--------|--------||--------|--------||--------|--------||||--------|--------||--------|--------||--------|--------||--------|--------| set
cpu-bind=MASK - n2cn0890, task 916 20 [236938]: mask 0x|--------|--------||----B---|--------||--------|--------||--------|--------||||--------|--------||--------|--------||--------|--------||--------|--------| set
cpu-bind=MASK - n2cn1154, task 1679 15 [344352]: mask 0x|--------|-------B||--------|--------||--------|--------||--------|--------||||--------|--------||--------|--------||--------|--------||--------|--------| set
cpu-bind=MASK - n2cn1157, task 1814 22 [2086764]: mask 0x|--------|--------||------B-|--------||--------|--------||--------|--------||||--------|--------||--------|--------||--------|--------||--------|--------| set
cpu-bind=MASK - n2cn0290, task 645  5 [244647]: mask 0x|-----B--|--------||--------|--------||--------|--------||--------|--------||||--------|--------||--------|--------||--------|--------||--------|--------| set
cpu-bind=MASK - n2cn0182, task 389  5 [221863]: mask 0x|-----B--|--------||--------|--------||--------|--------||--------|--------||||--------|--------||--------|--------||--------|--------||--------|--------| set
cpu-bind=MASK - n2cn1193, task 1935 15 [267031]: mask 0x|--------|-------B||--------|--------||--------|--------||--------|--------||||--------|--------||--------|--------||--------|--------||--------|--------| set
cpu-bind=MASK - n2cn0180, task 148 20 [336733]: mask 0x|--------|--------||----B---|--------||--------|--------||--------|--------||||--------|--------||--------|--------||--------|--------||--------|--------| set
cpu-bind=MASK - n2cn1026, task 1306 26 [292052]: mask 0x|--------|--------||--------|--B-----||--------|--------||--------|--------||||--------|--------||--------|--------||--------|--------||--------|--------| set
cpu-bind=MASK - n2cn0183, task 531 19 [212774]: mask 0x|--------|--------||---B----|--------||--------|--------||--------|--------||||--------|--------||--------|--------||--------|--------||--------|--------| set
cpu-bind=MASK - n2cn1151, task 1423 15 [265400]: mask 0x|--------|-------B||--------|--------||--------|--------||--------|--------||||--------|--------||--------|--------||--------|--------||--------|--------| set
cpu-bind=MASK - n2cn0181, task 280 24 [212659]: mask 0x|--------|--------||--------|B-------||--------|--------||--------|--------||||--------|--------||--------|--------||--------|--------||--------|--------| set
cpu-bind=MASK - n2cn1025, task 1160  8 [146331]: mask 0x|--------|B-------||--------|--------||--------|--------||--------|--------||||--------|--------||--------|--------||--------|--------||--------|--------| set
cpu-bind=MASK - n2cn0891, task 1032  8 [293872]: mask 0x|--------|B-------||--------|--------||--------|--------||--------|--------||||--------|--------||--------|--------||--------|--------||--------|--------| set
cpu-bind=MASK - n2cn0890, task 917 21 [236939]: mask 0x|--------|--------||-----B--|--------||--------|--------||--------|--------||||--------|--------||--------|--------||--------|--------||--------|--------| set
cpu-bind=MASK - n2cn1152, task 1539  3 [241707]: mask 0x|---B----|--------||--------|--------||--------|--------||--------|--------||||--------|--------||--------|--------||--------|--------||--------|--------| set
cpu-bind=MASK - n2cn0853, task 770  2 [302581]: mask 0x|--B-----|--------||--------|--------||--------|--------||--------|--------||||--------|--------||--------|--------||--------|--------||--------|--------| set
cpu-bind=MASK - n2cn1157, task 1815 23 [2086765]: mask 0x|--------|--------||-------B|--------||--------|--------||--------|--------||||--------|--------||--------|--------||--------|--------||--------|--------| set
cpu-bind=MASK - n2cn1154, task 1680 16 [344353]: mask 0x|--------|--------||B-------|--------||--------|--------||--------|--------||||--------|--------||--------|--------||--------|--------||--------|--------| set
cpu-bind=MASK - n2cn0182, task 390  6 [221864]: mask 0x|------B-|--------||--------|--------||--------|--------||--------|--------||||--------|--------||--------|--------||--------|--------||--------|--------| set
cpu-bind=MASK - n2cn0290, task 646  6 [244648]: mask 0x|------B-|--------||--------|--------||--------|--------||--------|--------||||--------|--------||--------|--------||--------|--------||--------|--------| set
cpu-bind=MASK - n2cn1193, task 1936 16 [267032]: mask 0x|--------|--------||B-------|--------||--------|--------||--------|--------||||--------|--------||--------|--------||--------|--------||--------|--------| set
cpu-bind=MASK - n2cn1026, task 1307 27 [292053]: mask 0x|--------|--------||--------|---B----||--------|--------||--------|--------||||--------|--------||--------|--------||--------|--------||--------|--------| set
cpu-bind=MASK - n2cn0180, task 149 21 [336734]: mask 0x|--------|--------||-----B--|--------||--------|--------||--------|--------||||--------|--------||--------|--------||--------|--------||--------|--------| set
cpu-bind=MASK - n2cn0183, task 532 20 [212775]: mask 0x|--------|--------||----B---|--------||--------|--------||--------|--------||||--------|--------||--------|--------||--------|--------||--------|--------| set
cpu-bind=MASK - n2cn0181, task 281 25 [212660]: mask 0x|--------|--------||--------|-B------||--------|--------||--------|--------||||--------|--------||--------|--------||--------|--------||--------|--------| set
cpu-bind=MASK - n2cn1151, task 1424 16 [265401]: mask 0x|--------|--------||B-------|--------||--------|--------||--------|--------||||--------|--------||--------|--------||--------|--------||--------|--------| set
cpu-bind=MASK - n2cn1025, task 1161  9 [146332]: mask 0x|--------|-B------||--------|--------||--------|--------||--------|--------||||--------|--------||--------|--------||--------|--------||--------|--------| set
cpu-bind=MASK - n2cn0891, task 1033  9 [293873]: mask 0x|--------|-B------||--------|--------||--------|--------||--------|--------||||--------|--------||--------|--------||--------|--------||--------|--------| set
cpu-bind=MASK - n2cn0890, task 918 22 [236940]: mask 0x|--------|--------||------B-|--------||--------|--------||--------|--------||||--------|--------||--------|--------||--------|--------||--------|--------| set
cpu-bind=MASK - n2cn1152, task 1540  4 [241708]: mask 0x|----B---|--------||--------|--------||--------|--------||--------|--------||||--------|--------||--------|--------||--------|--------||--------|--------| set
cpu-bind=MASK - n2cn1154, task 1681 17 [344354]: mask 0x|--------|--------||-B------|--------||--------|--------||--------|--------||||--------|--------||--------|--------||--------|--------||--------|--------| set
cpu-bind=MASK - n2cn1157, task 1816 24 [2086766]: mask 0x|--------|--------||--------|B-------||--------|--------||--------|--------||||--------|--------||--------|--------||--------|--------||--------|--------| set
cpu-bind=MASK - n2cn0182, task 391  7 [221865]: mask 0x|-------B|--------||--------|--------||--------|--------||--------|--------||||--------|--------||--------|--------||--------|--------||--------|--------| set
cpu-bind=MASK - n2cn1193, task 1937 17 [267033]: mask 0x|--------|--------||-B------|--------||--------|--------||--------|--------||||--------|--------||--------|--------||--------|--------||--------|--------| set
cpu-bind=MASK - n2cn1026, task 1308 28 [292054]: mask 0x|--------|--------||--------|----B---||--------|--------||--------|--------||||--------|--------||--------|--------||--------|--------||--------|--------| set
cpu-bind=MASK - n2cn0290, task 647  7 [244649]: mask 0x|-------B|--------||--------|--------||--------|--------||--------|--------||||--------|--------||--------|--------||--------|--------||--------|--------| set
cpu-bind=MASK - n2cn0183, task 533 21 [212776]: mask 0x|--------|--------||-----B--|--------||--------|--------||--------|--------||||--------|--------||--------|--------||--------|--------||--------|--------| set
cpu-bind=MASK - n2cn0853, task 771  3 [302582]: mask 0x|---B----|--------||--------|--------||--------|--------||--------|--------||||--------|--------||--------|--------||--------|--------||--------|--------| set
cpu-bind=MASK - n2cn0180, task 150 22 [336735]: mask 0x|--------|--------||------B-|--------||--------|--------||--------|--------||||--------|--------||--------|--------||--------|--------||--------|--------| set
cpu-bind=MASK - n2cn0181, task 282 26 [212661]: mask 0x|--------|--------||--------|--B-----||--------|--------||--------|--------||||--------|--------||--------|--------||--------|--------||--------|--------| set
cpu-bind=MASK - n2cn1025, task 1162 10 [146333]: mask 0x|--------|--B-----||--------|--------||--------|--------||--------|--------||||--------|--------||--------|--------||--------|--------||--------|--------| set
cpu-bind=MASK - n2cn0179, task  0  0 [212774]: mask 0x|B-------|--------||--------|--------||--------|--------||--------|--------||||--------|--------||--------|--------||--------|--------||--------|--------| set
cpu-bind=MASK - n2cn0890, task 919 23 [236941]: mask 0x|--------|--------||-------B|--------||--------|--------||--------|--------||||--------|--------||--------|--------||--------|--------||--------|--------| set
cpu-bind=MASK - n2cn1152, task 1541  5 [241709]: mask 0x|-----B--|--------||--------|--------||--------|--------||--------|--------||||--------|--------||--------|--------||--------|--------||--------|--------| set
cpu-bind=MASK - n2cn0891, task 1034 10 [293874]: mask 0x|--------|--B-----||--------|--------||--------|--------||--------|--------||||--------|--------||--------|--------||--------|--------||--------|--------| set
cpu-bind=MASK - n2cn1151, task 1425 17 [265402]: mask 0x|--------|--------||-B------|--------||--------|--------||--------|--------||||--------|--------||--------|--------||--------|--------||--------|--------| set
cpu-bind=MASK - n2cn1157, task 1817 25 [2086767]: mask 0x|--------|--------||--------|-B------||--------|--------||--------|--------||||--------|--------||--------|--------||--------|--------||--------|--------| set
cpu-bind=MASK - n2cn1154, task 1682 18 [344355]: mask 0x|--------|--------||--B-----|--------||--------|--------||--------|--------||||--------|--------||--------|--------||--------|--------||--------|--------| set
cpu-bind=MASK - n2cn0182, task 392  8 [221866]: mask 0x|--------|B-------||--------|--------||--------|--------||--------|--------||||--------|--------||--------|--------||--------|--------||--------|--------| set
cpu-bind=MASK - n2cn1026, task 1309 29 [292055]: mask 0x|--------|--------||--------|-----B--||--------|--------||--------|--------||||--------|--------||--------|--------||--------|--------||--------|--------| set
cpu-bind=MASK - n2cn1193, task 1938 18 [267034]: mask 0x|--------|--------||--B-----|--------||--------|--------||--------|--------||||--------|--------||--------|--------||--------|--------||--------|--------| set
cpu-bind=MASK - n2cn0183, task 534 22 [212777]: mask 0x|--------|--------||------B-|--------||--------|--------||--------|--------||||--------|--------||--------|--------||--------|--------||--------|--------| set
cpu-bind=MASK - n2cn0180, task 151 23 [336736]: mask 0x|--------|--------||-------B|--------||--------|--------||--------|--------||||--------|--------||--------|--------||--------|--------||--------|--------| set
cpu-bind=MASK - n2cn0290, task 648  8 [244650]: mask 0x|--------|B-------||--------|--------||--------|--------||--------|--------||||--------|--------||--------|--------||--------|--------||--------|--------| set
cpu-bind=MASK - n2cn0853, task 772  4 [302583]: mask 0x|----B---|--------||--------|--------||--------|--------||--------|--------||||--------|--------||--------|--------||--------|--------||--------|--------| set
cpu-bind=MASK - n2cn1025, task 1163 11 [146334]: mask 0x|--------|---B----||--------|--------||--------|--------||--------|--------||||--------|--------||--------|--------||--------|--------||--------|--------| set
cpu-bind=MASK - n2cn0890, task 920 24 [236942]: mask 0x|--------|--------||--------|B-------||--------|--------||--------|--------||||--------|--------||--------|--------||--------|--------||--------|--------| set
cpu-bind=MASK - n2cn0179, task  1  1 [212775]: mask 0x|-B------|--------||--------|--------||--------|--------||--------|--------||||--------|--------||--------|--------||--------|--------||--------|--------| set
cpu-bind=MASK - n2cn1152, task 1542  6 [241710]: mask 0x|------B-|--------||--------|--------||--------|--------||--------|--------||||--------|--------||--------|--------||--------|--------||--------|--------| set
cpu-bind=MASK - n2cn1157, task 1818 26 [2086768]: mask 0x|--------|--------||--------|--B-----||--------|--------||--------|--------||||--------|--------||--------|--------||--------|--------||--------|--------| set
cpu-bind=MASK - n2cn0891, task 1035 11 [293875]: mask 0x|--------|---B----||--------|--------||--------|--------||--------|--------||||--------|--------||--------|--------||--------|--------||--------|--------| set
cpu-bind=MASK - n2cn1151, task 1426 18 [265403]: mask 0x|--------|--------||--B-----|--------||--------|--------||--------|--------||||--------|--------||--------|--------||--------|--------||--------|--------| set
cpu-bind=MASK - n2cn0182, task 393  9 [221867]: mask 0x|--------|-B------||--------|--------||--------|--------||--------|--------||||--------|--------||--------|--------||--------|--------||--------|--------| set
cpu-bind=MASK - n2cn1026, task 1310 30 [292056]: mask 0x|--------|--------||--------|------B-||--------|--------||--------|--------||||--------|--------||--------|--------||--------|--------||--------|--------| set
cpu-bind=MASK - n2cn0180, task 152 24 [336737]: mask 0x|--------|--------||--------|B-------||--------|--------||--------|--------||||--------|--------||--------|--------||--------|--------||--------|--------| set
cpu-bind=MASK - n2cn0290, task 649  9 [244651]: mask 0x|--------|-B------||--------|--------||--------|--------||--------|--------||||--------|--------||--------|--------||--------|--------||--------|--------| set
cpu-bind=MASK - n2cn0853, task 773  5 [302584]: mask 0x|-----B--|--------||--------|--------||--------|--------||--------|--------||||--------|--------||--------|--------||--------|--------||--------|--------| set
cpu-bind=MASK - n2cn0181, task 283 27 [212662]: mask 0x|--------|--------||--------|---B----||--------|--------||--------|--------||||--------|--------||--------|--------||--------|--------||--------|--------| set
cpu-bind=MASK - n2cn1154, task 1683 19 [344356]: mask 0x|--------|--------||---B----|--------||--------|--------||--------|--------||||--------|--------||--------|--------||--------|--------||--------|--------| set
cpu-bind=MASK - n2cn1193, task 1939 19 [267035]: mask 0x|--------|--------||---B----|--------||--------|--------||--------|--------||||--------|--------||--------|--------||--------|--------||--------|--------| set
cpu-bind=MASK - n2cn0183, task 535 23 [212778]: mask 0x|--------|--------||-------B|--------||--------|--------||--------|--------||||--------|--------||--------|--------||--------|--------||--------|--------| set
cpu-bind=MASK - n2cn1025, task 1164 12 [146335]: mask 0x|--------|----B---||--------|--------||--------|--------||--------|--------||||--------|--------||--------|--------||--------|--------||--------|--------| set
cpu-bind=MASK - n2cn0890, task 921 25 [236943]: mask 0x|--------|--------||--------|-B------||--------|--------||--------|--------||||--------|--------||--------|--------||--------|--------||--------|--------| set
cpu-bind=MASK - n2cn1152, task 1543  7 [241711]: mask 0x|-------B|--------||--------|--------||--------|--------||--------|--------||||--------|--------||--------|--------||--------|--------||--------|--------| set
cpu-bind=MASK - n2cn0179, task  2  2 [212776]: mask 0x|--B-----|--------||--------|--------||--------|--------||--------|--------||||--------|--------||--------|--------||--------|--------||--------|--------| set
cpu-bind=MASK - n2cn1157, task 1819 27 [2086769]: mask 0x|--------|--------||--------|---B----||--------|--------||--------|--------||||--------|--------||--------|--------||--------|--------||--------|--------| set
cpu-bind=MASK - n2cn1026, task 1311 31 [292057]: mask 0x|--------|--------||--------|-------B||--------|--------||--------|--------||||--------|--------||--------|--------||--------|--------||--------|--------| set
cpu-bind=MASK - n2cn1151, task 1427 19 [265404]: mask 0x|--------|--------||---B----|--------||--------|--------||--------|--------||||--------|--------||--------|--------||--------|--------||--------|--------| set
cpu-bind=MASK - n2cn0182, task 394 10 [221868]: mask 0x|--------|--B-----||--------|--------||--------|--------||--------|--------||||--------|--------||--------|--------||--------|--------||--------|--------| set
cpu-bind=MASK - n2cn0891, task 1036 12 [293876]: mask 0x|--------|----B---||--------|--------||--------|--------||--------|--------||||--------|--------||--------|--------||--------|--------||--------|--------| set
cpu-bind=MASK - n2cn0180, task 153 25 [336738]: mask 0x|--------|--------||--------|-B------||--------|--------||--------|--------||||--------|--------||--------|--------||--------|--------||--------|--------| set
cpu-bind=MASK - n2cn0290, task 650 10 [244652]: mask 0x|--------|--B-----||--------|--------||--------|--------||--------|--------||||--------|--------||--------|--------||--------|--------||--------|--------| set
cpu-bind=MASK - n2cn0853, task 774  6 [302585]: mask 0x|------B-|--------||--------|--------||--------|--------||--------|--------||||--------|--------||--------|--------||--------|--------||--------|--------| set
cpu-bind=MASK - n2cn0181, task 284 28 [212663]: mask 0x|--------|--------||--------|----B---||--------|--------||--------|--------||||--------|--------||--------|--------||--------|--------||--------|--------| set
cpu-bind=MASK - n2cn1154, task 1684 20 [344357]: mask 0x|--------|--------||----B---|--------||--------|--------||--------|--------||||--------|--------||--------|--------||--------|--------||--------|--------| set
cpu-bind=MASK - n2cn1193, task 1940 20 [267036]: mask 0x|--------|--------||----B---|--------||--------|--------||--------|--------||||--------|--------||--------|--------||--------|--------||--------|--------| set
cpu-bind=MASK - n2cn0183, task 536 24 [212779]: mask 0x|--------|--------||--------|B-------||--------|--------||--------|--------||||--------|--------||--------|--------||--------|--------||--------|--------| set
cpu-bind=MASK - n2cn0890, task 922 26 [236944]: mask 0x|--------|--------||--------|--B-----||--------|--------||--------|--------||||--------|--------||--------|--------||--------|--------||--------|--------| set
cpu-bind=MASK - n2cn1025, task 1165 13 [146336]: mask 0x|--------|-----B--||--------|--------||--------|--------||--------|--------||||--------|--------||--------|--------||--------|--------||--------|--------| set
cpu-bind=MASK - n2cn1157, task 1820 28 [2086770]: mask 0x|--------|--------||--------|----B---||--------|--------||--------|--------||||--------|--------||--------|--------||--------|--------||--------|--------| set
cpu-bind=MASK - n2cn1026, task 1312 32 [292058]: mask 0x|--------|--------||--------|--------||B-------|--------||--------|--------||||--------|--------||--------|--------||--------|--------||--------|--------| set
cpu-bind=MASK - n2cn1152, task 1544  8 [241712]: mask 0x|--------|B-------||--------|--------||--------|--------||--------|--------||||--------|--------||--------|--------||--------|--------||--------|--------| set
cpu-bind=MASK - n2cn0179, task  3  3 [212777]: mask 0x|---B----|--------||--------|--------||--------|--------||--------|--------||||--------|--------||--------|--------||--------|--------||--------|--------| set
cpu-bind=MASK - n2cn1151, task 1428 20 [265405]: mask 0x|--------|--------||----B---|--------||--------|--------||--------|--------||||--------|--------||--------|--------||--------|--------||--------|--------| set
cpu-bind=MASK - n2cn0182, task 395 11 [221869]: mask 0x|--------|---B----||--------|--------||--------|--------||--------|--------||||--------|--------||--------|--------||--------|--------||--------|--------| set
cpu-bind=MASK - n2cn0180, task 154 26 [336739]: mask 0x|--------|--------||--------|--B-----||--------|--------||--------|--------||||--------|--------||--------|--------||--------|--------||--------|--------| set
cpu-bind=MASK - n2cn0891, task 1037 13 [293877]: mask 0x|--------|-----B--||--------|--------||--------|--------||--------|--------||||--------|--------||--------|--------||--------|--------||--------|--------| set
cpu-bind=MASK - n2cn0853, task 775  7 [302586]: mask 0x|-------B|--------||--------|--------||--------|--------||--------|--------||||--------|--------||--------|--------||--------|--------||--------|--------| set
cpu-bind=MASK - n2cn0181, task 285 29 [212664]: mask 0x|--------|--------||--------|-----B--||--------|--------||--------|--------||||--------|--------||--------|--------||--------|--------||--------|--------| set
cpu-bind=MASK - n2cn0290, task 651 11 [244653]: mask 0x|--------|---B----||--------|--------||--------|--------||--------|--------||||--------|--------||--------|--------||--------|--------||--------|--------| set
cpu-bind=MASK - n2cn1193, task 1941 21 [267037]: mask 0x|--------|--------||-----B--|--------||--------|--------||--------|--------||||--------|--------||--------|--------||--------|--------||--------|--------| set
cpu-bind=MASK - n2cn1154, task 1685 21 [344358]: mask 0x|--------|--------||-----B--|--------||--------|--------||--------|--------||||--------|--------||--------|--------||--------|--------||--------|--------| set
cpu-bind=MASK - n2cn0183, task 537 25 [212780]: mask 0x|--------|--------||--------|-B------||--------|--------||--------|--------||||--------|--------||--------|--------||--------|--------||--------|--------| set
cpu-bind=MASK - n2cn0890, task 923 27 [236945]: mask 0x|--------|--------||--------|---B----||--------|--------||--------|--------||||--------|--------||--------|--------||--------|--------||--------|--------| set
cpu-bind=MASK - n2cn1157, task 1821 29 [2086771]: mask 0x|--------|--------||--------|-----B--||--------|--------||--------|--------||||--------|--------||--------|--------||--------|--------||--------|--------| set
cpu-bind=MASK - n2cn1152, task 1545  9 [241713]: mask 0x|--------|-B------||--------|--------||--------|--------||--------|--------||||--------|--------||--------|--------||--------|--------||--------|--------| set
cpu-bind=MASK - n2cn1026, task 1313 33 [292059]: mask 0x|--------|--------||--------|--------||-B------|--------||--------|--------||||--------|--------||--------|--------||--------|--------||--------|--------| set
cpu-bind=MASK - n2cn1151, task 1429 21 [265406]: mask 0x|--------|--------||-----B--|--------||--------|--------||--------|--------||||--------|--------||--------|--------||--------|--------||--------|--------| set
cpu-bind=MASK - n2cn0179, task  4  4 [212778]: mask 0x|----B---|--------||--------|--------||--------|--------||--------|--------||||--------|--------||--------|--------||--------|--------||--------|--------| set
cpu-bind=MASK - n2cn1025, task 1166 14 [146337]: mask 0x|--------|------B-||--------|--------||--------|--------||--------|--------||||--------|--------||--------|--------||--------|--------||--------|--------| set
cpu-bind=MASK - n2cn0180, task 155 27 [336740]: mask 0x|--------|--------||--------|---B----||--------|--------||--------|--------||||--------|--------||--------|--------||--------|--------||--------|--------| set
cpu-bind=MASK - n2cn0182, task 396 12 [221870]: mask 0x|--------|----B---||--------|--------||--------|--------||--------|--------||||--------|--------||--------|--------||--------|--------||--------|--------| set
cpu-bind=MASK - n2cn0891, task 1038 14 [293878]: mask 0x|--------|------B-||--------|--------||--------|--------||--------|--------||||--------|--------||--------|--------||--------|--------||--------|--------| set
cpu-bind=MASK - n2cn0853, task 776  8 [302587]: mask 0x|--------|B-------||--------|--------||--------|--------||--------|--------||||--------|--------||--------|--------||--------|--------||--------|--------| set
cpu-bind=MASK - n2cn1193, task 1942 22 [267038]: mask 0x|--------|--------||------B-|--------||--------|--------||--------|--------||||--------|--------||--------|--------||--------|--------||--------|--------| set
cpu-bind=MASK - n2cn0181, task 286 30 [212665]: mask 0x|--------|--------||--------|------B-||--------|--------||--------|--------||||--------|--------||--------|--------||--------|--------||--------|--------| set
cpu-bind=MASK - n2cn0290, task 652 12 [244654]: mask 0x|--------|----B---||--------|--------||--------|--------||--------|--------||||--------|--------||--------|--------||--------|--------||--------|--------| set
cpu-bind=MASK - n2cn0183, task 538 26 [212781]: mask 0x|--------|--------||--------|--B-----||--------|--------||--------|--------||||--------|--------||--------|--------||--------|--------||--------|--------| set
cpu-bind=MASK - n2cn1154, task 1686 22 [344359]: mask 0x|--------|--------||------B-|--------||--------|--------||--------|--------||||--------|--------||--------|--------||--------|--------||--------|--------| set
cpu-bind=MASK - n2cn0890, task 924 28 [236946]: mask 0x|--------|--------||--------|----B---||--------|--------||--------|--------||||--------|--------||--------|--------||--------|--------||--------|--------| set
cpu-bind=MASK - n2cn1152, task 1546 10 [241714]: mask 0x|--------|--B-----||--------|--------||--------|--------||--------|--------||||--------|--------||--------|--------||--------|--------||--------|--------| set
cpu-bind=MASK - n2cn0180, task 156 28 [336741]: mask 0x|--------|--------||--------|----B---||--------|--------||--------|--------||||--------|--------||--------|--------||--------|--------||--------|--------| set
cpu-bind=MASK - n2cn1151, task 1430 22 [265407]: mask 0x|--------|--------||------B-|--------||--------|--------||--------|--------||||--------|--------||--------|--------||--------|--------||--------|--------| set
cpu-bind=MASK - n2cn0179, task  5  5 [212779]: mask 0x|-----B--|--------||--------|--------||--------|--------||--------|--------||||--------|--------||--------|--------||--------|--------||--------|--------| set
cpu-bind=MASK - n2cn1025, task 1167 15 [146338]: mask 0x|--------|-------B||--------|--------||--------|--------||--------|--------||||--------|--------||--------|--------||--------|--------||--------|--------| set
cpu-bind=MASK - n2cn0182, task 397 13 [221871]: mask 0x|--------|-----B--||--------|--------||--------|--------||--------|--------||||--------|--------||--------|--------||--------|--------||--------|--------| set
cpu-bind=MASK - n2cn1026, task 1314 34 [292060]: mask 0x|--------|--------||--------|--------||--B-----|--------||--------|--------||||--------|--------||--------|--------||--------|--------||--------|--------| set
cpu-bind=MASK - n2cn1157, task 1822 30 [2086772]: mask 0x|--------|--------||--------|------B-||--------|--------||--------|--------||||--------|--------||--------|--------||--------|--------||--------|--------| set
cpu-bind=MASK - n2cn0891, task 1039 15 [293879]: mask 0x|--------|-------B||--------|--------||--------|--------||--------|--------||||--------|--------||--------|--------||--------|--------||--------|--------| set
cpu-bind=MASK - n2cn1193, task 1943 23 [267039]: mask 0x|--------|--------||-------B|--------||--------|--------||--------|--------||||--------|--------||--------|--------||--------|--------||--------|--------| set
cpu-bind=MASK - n2cn0181, task 287 31 [212666]: mask 0x|--------|--------||--------|-------B||--------|--------||--------|--------||||--------|--------||--------|--------||--------|--------||--------|--------| set
cpu-bind=MASK - n2cn0853, task 777  9 [302588]: mask 0x|--------|-B------||--------|--------||--------|--------||--------|--------||||--------|--------||--------|--------||--------|--------||--------|--------| set
cpu-bind=MASK - n2cn0290, task 653 13 [244655]: mask 0x|--------|-----B--||--------|--------||--------|--------||--------|--------||||--------|--------||--------|--------||--------|--------||--------|--------| set
cpu-bind=MASK - n2cn0183, task 539 27 [212782]: mask 0x|--------|--------||--------|---B----||--------|--------||--------|--------||||--------|--------||--------|--------||--------|--------||--------|--------| set
cpu-bind=MASK - n2cn0890, task 925 29 [236947]: mask 0x|--------|--------||--------|-----B--||--------|--------||--------|--------||||--------|--------||--------|--------||--------|--------||--------|--------| set
cpu-bind=MASK - n2cn1154, task 1687 23 [344360]: mask 0x|--------|--------||-------B|--------||--------|--------||--------|--------||||--------|--------||--------|--------||--------|--------||--------|--------| set
cpu-bind=MASK - n2cn0180, task 157 29 [336742]: mask 0x|--------|--------||--------|-----B--||--------|--------||--------|--------||||--------|--------||--------|--------||--------|--------||--------|--------| set
cpu-bind=MASK - n2cn1152, task 1547 11 [241715]: mask 0x|--------|---B----||--------|--------||--------|--------||--------|--------||||--------|--------||--------|--------||--------|--------||--------|--------| set
cpu-bind=MASK - n2cn1151, task 1431 23 [265408]: mask 0x|--------|--------||-------B|--------||--------|--------||--------|--------||||--------|--------||--------|--------||--------|--------||--------|--------| set
cpu-bind=MASK - n2cn1025, task 1168 16 [146339]: mask 0x|--------|--------||B-------|--------||--------|--------||--------|--------||||--------|--------||--------|--------||--------|--------||--------|--------| set
cpu-bind=MASK - n2cn0179, task  6  6 [212780]: mask 0x|------B-|--------||--------|--------||--------|--------||--------|--------||||--------|--------||--------|--------||--------|--------||--------|--------| set
cpu-bind=MASK - n2cn0182, task 398 14 [221872]: mask 0x|--------|------B-||--------|--------||--------|--------||--------|--------||||--------|--------||--------|--------||--------|--------||--------|--------| set
cpu-bind=MASK - n2cn1026, task 1315 35 [292061]: mask 0x|--------|--------||--------|--------||---B----|--------||--------|--------||||--------|--------||--------|--------||--------|--------||--------|--------| set
cpu-bind=MASK - n2cn1157, task 1823 31 [2086773]: mask 0x|--------|--------||--------|-------B||--------|--------||--------|--------||||--------|--------||--------|--------||--------|--------||--------|--------| set
cpu-bind=MASK - n2cn0891, task 1040 16 [293880]: mask 0x|--------|--------||B-------|--------||--------|--------||--------|--------||||--------|--------||--------|--------||--------|--------||--------|--------| set
cpu-bind=MASK - n2cn1193, task 1944 24 [267040]: mask 0x|--------|--------||--------|B-------||--------|--------||--------|--------||||--------|--------||--------|--------||--------|--------||--------|--------| set
cpu-bind=MASK - n2cn0181, task 288 32 [212667]: mask 0x|--------|--------||--------|--------||B-------|--------||--------|--------||||--------|--------||--------|--------||--------|--------||--------|--------| set
cpu-bind=MASK - n2cn0290, task 654 14 [244656]: mask 0x|--------|------B-||--------|--------||--------|--------||--------|--------||||--------|--------||--------|--------||--------|--------||--------|--------| set
cpu-bind=MASK - n2cn0853, task 778 10 [302589]: mask 0x|--------|--B-----||--------|--------||--------|--------||--------|--------||||--------|--------||--------|--------||--------|--------||--------|--------| set
cpu-bind=MASK - n2cn0183, task 540 28 [212783]: mask 0x|--------|--------||--------|----B---||--------|--------||--------|--------||||--------|--------||--------|--------||--------|--------||--------|--------| set
cpu-bind=MASK - n2cn0890, task 926 30 [236948]: mask 0x|--------|--------||--------|------B-||--------|--------||--------|--------||||--------|--------||--------|--------||--------|--------||--------|--------| set
cpu-bind=MASK - n2cn1154, task 1688 24 [344361]: mask 0x|--------|--------||--------|B-------||--------|--------||--------|--------||||--------|--------||--------|--------||--------|--------||--------|--------| set
cpu-bind=MASK - n2cn0180, task 158 30 [336743]: mask 0x|--------|--------||--------|------B-||--------|--------||--------|--------||||--------|--------||--------|--------||--------|--------||--------|--------| set
cpu-bind=MASK - n2cn1151, task 1432 24 [265409]: mask 0x|--------|--------||--------|B-------||--------|--------||--------|--------||||--------|--------||--------|--------||--------|--------||--------|--------| set
cpu-bind=MASK - n2cn1152, task 1548 12 [241716]: mask 0x|--------|----B---||--------|--------||--------|--------||--------|--------||||--------|--------||--------|--------||--------|--------||--------|--------| set
cpu-bind=MASK - n2cn1025, task 1169 17 [146340]: mask 0x|--------|--------||-B------|--------||--------|--------||--------|--------||||--------|--------||--------|--------||--------|--------||--------|--------| set
cpu-bind=MASK - n2cn0179, task  7  7 [212781]: mask 0x|-------B|--------||--------|--------||--------|--------||--------|--------||||--------|--------||--------|--------||--------|--------||--------|--------| set
cpu-bind=MASK - n2cn0182, task 399 15 [221873]: mask 0x|--------|-------B||--------|--------||--------|--------||--------|--------||||--------|--------||--------|--------||--------|--------||--------|--------| set
cpu-bind=MASK - n2cn1026, task 1316 36 [292062]: mask 0x|--------|--------||--------|--------||----B---|--------||--------|--------||||--------|--------||--------|--------||--------|--------||--------|--------| set
cpu-bind=MASK - n2cn1157, task 1824 32 [2086774]: mask 0x|--------|--------||--------|--------||B-------|--------||--------|--------||||--------|--------||--------|--------||--------|--------||--------|--------| set
cpu-bind=MASK - n2cn1193, task 1945 25 [267041]: mask 0x|--------|--------||--------|-B------||--------|--------||--------|--------||||--------|--------||--------|--------||--------|--------||--------|--------| set
cpu-bind=MASK - n2cn0891, task 1041 17 [293881]: mask 0x|--------|--------||-B------|--------||--------|--------||--------|--------||||--------|--------||--------|--------||--------|--------||--------|--------| set
cpu-bind=MASK - n2cn0290, task 655 15 [244657]: mask 0x|--------|-------B||--------|--------||--------|--------||--------|--------||||--------|--------||--------|--------||--------|--------||--------|--------| set
cpu-bind=MASK - n2cn0183, task 541 29 [212784]: mask 0x|--------|--------||--------|-----B--||--------|--------||--------|--------||||--------|--------||--------|--------||--------|--------||--------|--------| set
cpu-bind=MASK - n2cn0853, task 779 11 [302590]: mask 0x|--------|---B----||--------|--------||--------|--------||--------|--------||||--------|--------||--------|--------||--------|--------||--------|--------| set
cpu-bind=MASK - n2cn0890, task 927 31 [236949]: mask 0x|--------|--------||--------|-------B||--------|--------||--------|--------||||--------|--------||--------|--------||--------|--------||--------|--------| set
cpu-bind=MASK - n2cn0180, task 159 31 [336744]: mask 0x|--------|--------||--------|-------B||--------|--------||--------|--------||||--------|--------||--------|--------||--------|--------||--------|--------| set
cpu-bind=MASK - n2cn1154, task 1689 25 [344362]: mask 0x|--------|--------||--------|-B------||--------|--------||--------|--------||||--------|--------||--------|--------||--------|--------||--------|--------| set
cpu-bind=MASK - n2cn1151, task 1433 25 [265410]: mask 0x|--------|--------||--------|-B------||--------|--------||--------|--------||||--------|--------||--------|--------||--------|--------||--------|--------| set
cpu-bind=MASK - n2cn1152, task 1549 13 [241717]: mask 0x|--------|-----B--||--------|--------||--------|--------||--------|--------||||--------|--------||--------|--------||--------|--------||--------|--------| set
cpu-bind=MASK - n2cn0179, task  8  8 [212782]: mask 0x|--------|B-------||--------|--------||--------|--------||--------|--------||||--------|--------||--------|--------||--------|--------||--------|--------| set
cpu-bind=MASK - n2cn0182, task 400 16 [221874]: mask 0x|--------|--------||B-------|--------||--------|--------||--------|--------||||--------|--------||--------|--------||--------|--------||--------|--------| set
cpu-bind=MASK - n2cn1025, task 1170 18 [146341]: mask 0x|--------|--------||--B-----|--------||--------|--------||--------|--------||||--------|--------||--------|--------||--------|--------||--------|--------| set
cpu-bind=MASK - n2cn1026, task 1317 37 [292063]: mask 0x|--------|--------||--------|--------||-----B--|--------||--------|--------||||--------|--------||--------|--------||--------|--------||--------|--------| set
cpu-bind=MASK - n2cn1157, task 1825 33 [2086775]: mask 0x|--------|--------||--------|--------||-B------|--------||--------|--------||||--------|--------||--------|--------||--------|--------||--------|--------| set
cpu-bind=MASK - n2cn0181, task 289 33 [212668]: mask 0x|--------|--------||--------|--------||-B------|--------||--------|--------||||--------|--------||--------|--------||--------|--------||--------|--------| set
cpu-bind=MASK - n2cn1193, task 1946 26 [267042]: mask 0x|--------|--------||--------|--B-----||--------|--------||--------|--------||||--------|--------||--------|--------||--------|--------||--------|--------| set
cpu-bind=MASK - n2cn0891, task 1042 18 [293882]: mask 0x|--------|--------||--B-----|--------||--------|--------||--------|--------||||--------|--------||--------|--------||--------|--------||--------|--------| set
cpu-bind=MASK - n2cn0180, task 160 32 [336745]: mask 0x|--------|--------||--------|--------||B-------|--------||--------|--------||||--------|--------||--------|--------||--------|--------||--------|--------| set
cpu-bind=MASK - n2cn0183, task 542 30 [212785]: mask 0x|--------|--------||--------|------B-||--------|--------||--------|--------||||--------|--------||--------|--------||--------|--------||--------|--------| set
cpu-bind=MASK - n2cn0890, task 928 32 [236950]: mask 0x|--------|--------||--------|--------||B-------|--------||--------|--------||||--------|--------||--------|--------||--------|--------||--------|--------| set
cpu-bind=MASK - n2cn0853, task 780 12 [302591]: mask 0x|--------|----B---||--------|--------||--------|--------||--------|--------||||--------|--------||--------|--------||--------|--------||--------|--------| set
cpu-bind=MASK - n2cn1154, task 1690 26 [344363]: mask 0x|--------|--------||--------|--B-----||--------|--------||--------|--------||||--------|--------||--------|--------||--------|--------||--------|--------| set
cpu-bind=MASK - n2cn0290, task 656 16 [244658]: mask 0x|--------|--------||B-------|--------||--------|--------||--------|--------||||--------|--------||--------|--------||--------|--------||--------|--------| set
cpu-bind=MASK - n2cn1152, task 1550 14 [241718]: mask 0x|--------|------B-||--------|--------||--------|--------||--------|--------||||--------|--------||--------|--------||--------|--------||--------|--------| set
cpu-bind=MASK - n2cn1151, task 1434 26 [265411]: mask 0x|--------|--------||--------|--B-----||--------|--------||--------|--------||||--------|--------||--------|--------||--------|--------||--------|--------| set
cpu-bind=MASK - n2cn0179, task  9  9 [212783]: mask 0x|--------|-B------||--------|--------||--------|--------||--------|--------||||--------|--------||--------|--------||--------|--------||--------|--------| set
cpu-bind=MASK - n2cn0182, task 401 17 [221875]: mask 0x|--------|--------||-B------|--------||--------|--------||--------|--------||||--------|--------||--------|--------||--------|--------||--------|--------| set
cpu-bind=MASK - n2cn1026, task 1318 38 [292064]: mask 0x|--------|--------||--------|--------||------B-|--------||--------|--------||||--------|--------||--------|--------||--------|--------||--------|--------| set
cpu-bind=MASK - n2cn1025, task 1171 19 [146342]: mask 0x|--------|--------||---B----|--------||--------|--------||--------|--------||||--------|--------||--------|--------||--------|--------||--------|--------| set
cpu-bind=MASK - n2cn1157, task 1826 34 [2086776]: mask 0x|--------|--------||--------|--------||--B-----|--------||--------|--------||||--------|--------||--------|--------||--------|--------||--------|--------| set
cpu-bind=MASK - n2cn0181, task 290 34 [212669]: mask 0x|--------|--------||--------|--------||--B-----|--------||--------|--------||||--------|--------||--------|--------||--------|--------||--------|--------| set
cpu-bind=MASK - n2cn0891, task 1043 19 [293883]: mask 0x|--------|--------||---B----|--------||--------|--------||--------|--------||||--------|--------||--------|--------||--------|--------||--------|--------| set
cpu-bind=MASK - n2cn1193, task 1947 27 [267043]: mask 0x|--------|--------||--------|---B----||--------|--------||--------|--------||||--------|--------||--------|--------||--------|--------||--------|--------| set
cpu-bind=MASK - n2cn0180, task 161 33 [336746]: mask 0x|--------|--------||--------|--------||-B------|--------||--------|--------||||--------|--------||--------|--------||--------|--------||--------|--------| set
cpu-bind=MASK - n2cn0853, task 781 13 [302592]: mask 0x|--------|-----B--||--------|--------||--------|--------||--------|--------||||--------|--------||--------|--------||--------|--------||--------|--------| set
cpu-bind=MASK - n2cn1154, task 1691 27 [344364]: mask 0x|--------|--------||--------|---B----||--------|--------||--------|--------||||--------|--------||--------|--------||--------|--------||--------|--------| set
cpu-bind=MASK - n2cn1152, task 1551 15 [241719]: mask 0x|--------|-------B||--------|--------||--------|--------||--------|--------||||--------|--------||--------|--------||--------|--------||--------|--------| set
cpu-bind=MASK - n2cn1151, task 1435 27 [265412]: mask 0x|--------|--------||--------|---B----||--------|--------||--------|--------||||--------|--------||--------|--------||--------|--------||--------|--------| set
cpu-bind=MASK - n2cn0290, task 657 17 [244659]: mask 0x|--------|--------||-B------|--------||--------|--------||--------|--------||||--------|--------||--------|--------||--------|--------||--------|--------| set
cpu-bind=MASK - n2cn0890, task 929 33 [236951]: mask 0x|--------|--------||--------|--------||-B------|--------||--------|--------||||--------|--------||--------|--------||--------|--------||--------|--------| set
cpu-bind=MASK - n2cn1026, task 1319 39 [292065]: mask 0x|--------|--------||--------|--------||-------B|--------||--------|--------||||--------|--------||--------|--------||--------|--------||--------|--------| set
cpu-bind=MASK - n2cn0182, task 402 18 [221876]: mask 0x|--------|--------||--B-----|--------||--------|--------||--------|--------||||--------|--------||--------|--------||--------|--------||--------|--------| set
cpu-bind=MASK - n2cn0179, task 10 10 [212784]: mask 0x|--------|--B-----||--------|--------||--------|--------||--------|--------||||--------|--------||--------|--------||--------|--------||--------|--------| set
cpu-bind=MASK - n2cn1025, task 1172 20 [146343]: mask 0x|--------|--------||----B---|--------||--------|--------||--------|--------||||--------|--------||--------|--------||--------|--------||--------|--------| set
cpu-bind=MASK - n2cn0183, task 543 31 [212786]: mask 0x|--------|--------||--------|-------B||--------|--------||--------|--------||||--------|--------||--------|--------||--------|--------||--------|--------| set
cpu-bind=MASK - n2cn0181, task 291 35 [212670]: mask 0x|--------|--------||--------|--------||---B----|--------||--------|--------||||--------|--------||--------|--------||--------|--------||--------|--------| set
cpu-bind=MASK - n2cn0891, task 1044 20 [293884]: mask 0x|--------|--------||----B---|--------||--------|--------||--------|--------||||--------|--------||--------|--------||--------|--------||--------|--------| set
cpu-bind=MASK - n2cn0180, task 162 34 [336747]: mask 0x|--------|--------||--------|--------||--B-----|--------||--------|--------||||--------|--------||--------|--------||--------|--------||--------|--------| set
cpu-bind=MASK - n2cn1193, task 1948 28 [267044]: mask 0x|--------|--------||--------|----B---||--------|--------||--------|--------||||--------|--------||--------|--------||--------|--------||--------|--------| set
cpu-bind=MASK - n2cn1157, task 1827 35 [2086777]: mask 0x|--------|--------||--------|--------||---B----|--------||--------|--------||||--------|--------||--------|--------||--------|--------||--------|--------| set
cpu-bind=MASK - n2cn1154, task 1692 28 [344365]: mask 0x|--------|--------||--------|----B---||--------|--------||--------|--------||||--------|--------||--------|--------||--------|--------||--------|--------| set
cpu-bind=MASK - n2cn0853, task 782 14 [302593]: mask 0x|--------|------B-||--------|--------||--------|--------||--------|--------||||--------|--------||--------|--------||--------|--------||--------|--------| set
cpu-bind=MASK - n2cn1151, task 1436 28 [265413]: mask 0x|--------|--------||--------|----B---||--------|--------||--------|--------||||--------|--------||--------|--------||--------|--------||--------|--------| set
cpu-bind=MASK - n2cn1152, task 1552 16 [241720]: mask 0x|--------|--------||B-------|--------||--------|--------||--------|--------||||--------|--------||--------|--------||--------|--------||--------|--------| set
cpu-bind=MASK - n2cn0290, task 658 18 [244660]: mask 0x|--------|--------||--B-----|--------||--------|--------||--------|--------||||--------|--------||--------|--------||--------|--------||--------|--------| set
cpu-bind=MASK - n2cn0890, task 930 34 [236952]: mask 0x|--------|--------||--------|--------||--B-----|--------||--------|--------||||--------|--------||--------|--------||--------|--------||--------|--------| set
cpu-bind=MASK - n2cn1026, task 1320 40 [292066]: mask 0x|--------|--------||--------|--------||--------|B-------||--------|--------||||--------|--------||--------|--------||--------|--------||--------|--------| set
cpu-bind=MASK - n2cn1025, task 1173 21 [146344]: mask 0x|--------|--------||-----B--|--------||--------|--------||--------|--------||||--------|--------||--------|--------||--------|--------||--------|--------| set
cpu-bind=MASK - n2cn0179, task 11 11 [212785]: mask 0x|--------|---B----||--------|--------||--------|--------||--------|--------||||--------|--------||--------|--------||--------|--------||--------|--------| set
cpu-bind=MASK - n2cn0181, task 292 36 [212671]: mask 0x|--------|--------||--------|--------||----B---|--------||--------|--------||||--------|--------||--------|--------||--------|--------||--------|--------| set
cpu-bind=MASK - n2cn0180, task 163 35 [336748]: mask 0x|--------|--------||--------|--------||---B----|--------||--------|--------||||--------|--------||--------|--------||--------|--------||--------|--------| set
cpu-bind=MASK - n2cn0891, task 1045 21 [293885]: mask 0x|--------|--------||-----B--|--------||--------|--------||--------|--------||||--------|--------||--------|--------||--------|--------||--------|--------| set
cpu-bind=MASK - n2cn0183, task 544 32 [212787]: mask 0x|--------|--------||--------|--------||B-------|--------||--------|--------||||--------|--------||--------|--------||--------|--------||--------|--------| set
cpu-bind=MASK - n2cn1157, task 1828 36 [2086778]: mask 0x|--------|--------||--------|--------||----B---|--------||--------|--------||||--------|--------||--------|--------||--------|--------||--------|--------| set
cpu-bind=MASK - n2cn1154, task 1693 29 [344366]: mask 0x|--------|--------||--------|-----B--||--------|--------||--------|--------||||--------|--------||--------|--------||--------|--------||--------|--------| set
cpu-bind=MASK - n2cn1193, task 1949 29 [267045]: mask 0x|--------|--------||--------|-----B--||--------|--------||--------|--------||||--------|--------||--------|--------||--------|--------||--------|--------| set
cpu-bind=MASK - n2cn0182, task 403 19 [221877]: mask 0x|--------|--------||---B----|--------||--------|--------||--------|--------||||--------|--------||--------|--------||--------|--------||--------|--------| set
cpu-bind=MASK - n2cn0853, task 783 15 [302594]: mask 0x|--------|-------B||--------|--------||--------|--------||--------|--------||||--------|--------||--------|--------||--------|--------||--------|--------| set
cpu-bind=MASK - n2cn1152, task 1553 17 [241721]: mask 0x|--------|--------||-B------|--------||--------|--------||--------|--------||||--------|--------||--------|--------||--------|--------||--------|--------| set
cpu-bind=MASK - n2cn1151, task 1437 29 [265414]: mask 0x|--------|--------||--------|-----B--||--------|--------||--------|--------||||--------|--------||--------|--------||--------|--------||--------|--------| set
cpu-bind=MASK - n2cn1026, task 1321 41 [292067]: mask 0x|--------|--------||--------|--------||--------|-B------||--------|--------||||--------|--------||--------|--------||--------|--------||--------|--------| set
cpu-bind=MASK - n2cn0290, task 659 19 [244661]: mask 0x|--------|--------||---B----|--------||--------|--------||--------|--------||||--------|--------||--------|--------||--------|--------||--------|--------| set
cpu-bind=MASK - n2cn0890, task 931 35 [236953]: mask 0x|--------|--------||--------|--------||---B----|--------||--------|--------||||--------|--------||--------|--------||--------|--------||--------|--------| set
cpu-bind=MASK - n2cn1025, task 1174 22 [146345]: mask 0x|--------|--------||------B-|--------||--------|--------||--------|--------||||--------|--------||--------|--------||--------|--------||--------|--------| set
cpu-bind=MASK - n2cn0179, task 12 12 [212786]: mask 0x|--------|----B---||--------|--------||--------|--------||--------|--------||||--------|--------||--------|--------||--------|--------||--------|--------| set
cpu-bind=MASK - n2cn0180, task 164 36 [336749]: mask 0x|--------|--------||--------|--------||----B---|--------||--------|--------||||--------|--------||--------|--------||--------|--------||--------|--------| set
cpu-bind=MASK - n2cn0891, task 1046 22 [293886]: mask 0x|--------|--------||------B-|--------||--------|--------||--------|--------||||--------|--------||--------|--------||--------|--------||--------|--------| set
cpu-bind=MASK - n2cn0181, task 293 37 [212672]: mask 0x|--------|--------||--------|--------||-----B--|--------||--------|--------||||--------|--------||--------|--------||--------|--------||--------|--------| set
cpu-bind=MASK - n2cn0183, task 545 33 [212788]: mask 0x|--------|--------||--------|--------||-B------|--------||--------|--------||||--------|--------||--------|--------||--------|--------||--------|--------| set
cpu-bind=MASK - n2cn1157, task 1829 37 [2086779]: mask 0x|--------|--------||--------|--------||-----B--|--------||--------|--------||||--------|--------||--------|--------||--------|--------||--------|--------| set
cpu-bind=MASK - n2cn1152, task 1554 18 [241722]: mask 0x|--------|--------||--B-----|--------||--------|--------||--------|--------||||--------|--------||--------|--------||--------|--------||--------|--------| set
cpu-bind=MASK - n2cn1193, task 1950 30 [267046]: mask 0x|--------|--------||--------|------B-||--------|--------||--------|--------||||--------|--------||--------|--------||--------|--------||--------|--------| set
cpu-bind=MASK - n2cn0182, task 404 20 [221878]: mask 0x|--------|--------||----B---|--------||--------|--------||--------|--------||||--------|--------||--------|--------||--------|--------||--------|--------| set
cpu-bind=MASK - n2cn1151, task 1438 30 [265415]: mask 0x|--------|--------||--------|------B-||--------|--------||--------|--------||||--------|--------||--------|--------||--------|--------||--------|--------| set
cpu-bind=MASK - n2cn1026, task 1322 42 [292068]: mask 0x|--------|--------||--------|--------||--------|--B-----||--------|--------||||--------|--------||--------|--------||--------|--------||--------|--------| set
cpu-bind=MASK - n2cn1154, task 1694 30 [344367]: mask 0x|--------|--------||--------|------B-||--------|--------||--------|--------||||--------|--------||--------|--------||--------|--------||--------|--------| set
cpu-bind=MASK - n2cn0853, task 784 16 [302595]: mask 0x|--------|--------||B-------|--------||--------|--------||--------|--------||||--------|--------||--------|--------||--------|--------||--------|--------| set
cpu-bind=MASK - n2cn0290, task 660 20 [244662]: mask 0x|--------|--------||----B---|--------||--------|--------||--------|--------||||--------|--------||--------|--------||--------|--------||--------|--------| set
cpu-bind=MASK - n2cn0890, task 932 36 [236954]: mask 0x|--------|--------||--------|--------||----B---|--------||--------|--------||||--------|--------||--------|--------||--------|--------||--------|--------| set
cpu-bind=MASK - n2cn0179, task 13 13 [212787]: mask 0x|--------|-----B--||--------|--------||--------|--------||--------|--------||||--------|--------||--------|--------||--------|--------||--------|--------| set
cpu-bind=MASK - n2cn0180, task 165 37 [336750]: mask 0x|--------|--------||--------|--------||-----B--|--------||--------|--------||||--------|--------||--------|--------||--------|--------||--------|--------| set
cpu-bind=MASK - n2cn1025, task 1175 23 [146346]: mask 0x|--------|--------||-------B|--------||--------|--------||--------|--------||||--------|--------||--------|--------||--------|--------||--------|--------| set
cpu-bind=MASK - n2cn0181, task 294 38 [212673]: mask 0x|--------|--------||--------|--------||------B-|--------||--------|--------||||--------|--------||--------|--------||--------|--------||--------|--------| set
cpu-bind=MASK - n2cn0183, task 546 34 [212789]: mask 0x|--------|--------||--------|--------||--B-----|--------||--------|--------||||--------|--------||--------|--------||--------|--------||--------|--------| set
cpu-bind=MASK - n2cn1157, task 1830 38 [2086780]: mask 0x|--------|--------||--------|--------||------B-|--------||--------|--------||||--------|--------||--------|--------||--------|--------||--------|--------| set
cpu-bind=MASK - n2cn1152, task 1555 19 [241723]: mask 0x|--------|--------||---B----|--------||--------|--------||--------|--------||||--------|--------||--------|--------||--------|--------||--------|--------| set
cpu-bind=MASK - n2cn1154, task 1695 31 [344368]: mask 0x|--------|--------||--------|-------B||--------|--------||--------|--------||||--------|--------||--------|--------||--------|--------||--------|--------| set
cpu-bind=MASK - n2cn1151, task 1439 31 [265416]: mask 0x|--------|--------||--------|-------B||--------|--------||--------|--------||||--------|--------||--------|--------||--------|--------||--------|--------| set
cpu-bind=MASK - n2cn1193, task 1951 31 [267047]: mask 0x|--------|--------||--------|-------B||--------|--------||--------|--------||||--------|--------||--------|--------||--------|--------||--------|--------| set
cpu-bind=MASK - n2cn0853, task 785 17 [302596]: mask 0x|--------|--------||-B------|--------||--------|--------||--------|--------||||--------|--------||--------|--------||--------|--------||--------|--------| set
cpu-bind=MASK - n2cn0891, task 1047 23 [293887]: mask 0x|--------|--------||-------B|--------||--------|--------||--------|--------||||--------|--------||--------|--------||--------|--------||--------|--------| set
cpu-bind=MASK - n2cn0182, task 405 21 [221879]: mask 0x|--------|--------||-----B--|--------||--------|--------||--------|--------||||--------|--------||--------|--------||--------|--------||--------|--------| set
cpu-bind=MASK - n2cn0290, task 661 21 [244663]: mask 0x|--------|--------||-----B--|--------||--------|--------||--------|--------||||--------|--------||--------|--------||--------|--------||--------|--------| set
cpu-bind=MASK - n2cn0890, task 933 37 [236955]: mask 0x|--------|--------||--------|--------||-----B--|--------||--------|--------||||--------|--------||--------|--------||--------|--------||--------|--------| set
cpu-bind=MASK - n2cn0180, task 166 38 [336751]: mask 0x|--------|--------||--------|--------||------B-|--------||--------|--------||||--------|--------||--------|--------||--------|--------||--------|--------| set
cpu-bind=MASK - n2cn1026, task 1323 43 [292069]: mask 0x|--------|--------||--------|--------||--------|---B----||--------|--------||||--------|--------||--------|--------||--------|--------||--------|--------| set
cpu-bind=MASK - n2cn0179, task 14 14 [212788]: mask 0x|--------|------B-||--------|--------||--------|--------||--------|--------||||--------|--------||--------|--------||--------|--------||--------|--------| set
cpu-bind=MASK - n2cn1025, task 1176 24 [146347]: mask 0x|--------|--------||--------|B-------||--------|--------||--------|--------||||--------|--------||--------|--------||--------|--------||--------|--------| set
cpu-bind=MASK - n2cn1157, task 1831 39 [2086781]: mask 0x|--------|--------||--------|--------||-------B|--------||--------|--------||||--------|--------||--------|--------||--------|--------||--------|--------| set
cpu-bind=MASK - n2cn0181, task 295 39 [212674]: mask 0x|--------|--------||--------|--------||-------B|--------||--------|--------||||--------|--------||--------|--------||--------|--------||--------|--------| set
cpu-bind=MASK - n2cn0183, task 547 35 [212790]: mask 0x|--------|--------||--------|--------||---B----|--------||--------|--------||||--------|--------||--------|--------||--------|--------||--------|--------| set
cpu-bind=MASK - n2cn1151, task 1440 32 [265417]: mask 0x|--------|--------||--------|--------||B-------|--------||--------|--------||||--------|--------||--------|--------||--------|--------||--------|--------| set
cpu-bind=MASK - n2cn1152, task 1556 20 [241724]: mask 0x|--------|--------||----B---|--------||--------|--------||--------|--------||||--------|--------||--------|--------||--------|--------||--------|--------| set
cpu-bind=MASK - n2cn1193, task 1952 32 [267048]: mask 0x|--------|--------||--------|--------||B-------|--------||--------|--------||||--------|--------||--------|--------||--------|--------||--------|--------| set
cpu-bind=MASK - n2cn0182, task 406 22 [221880]: mask 0x|--------|--------||------B-|--------||--------|--------||--------|--------||||--------|--------||--------|--------||--------|--------||--------|--------| set
cpu-bind=MASK - n2cn0891, task 1048 24 [293888]: mask 0x|--------|--------||--------|B-------||--------|--------||--------|--------||||--------|--------||--------|--------||--------|--------||--------|--------| set
cpu-bind=MASK - n2cn0180, task 167 39 [336752]: mask 0x|--------|--------||--------|--------||-------B|--------||--------|--------||||--------|--------||--------|--------||--------|--------||--------|--------| set
cpu-bind=MASK - n2cn1154, task 1696 32 [344369]: mask 0x|--------|--------||--------|--------||B-------|--------||--------|--------||||--------|--------||--------|--------||--------|--------||--------|--------| set
cpu-bind=MASK - n2cn0290, task 662 22 [244664]: mask 0x|--------|--------||------B-|--------||--------|--------||--------|--------||||--------|--------||--------|--------||--------|--------||--------|--------| set
cpu-bind=MASK - n2cn0890, task 934 38 [236956]: mask 0x|--------|--------||--------|--------||------B-|--------||--------|--------||||--------|--------||--------|--------||--------|--------||--------|--------| set
cpu-bind=MASK - n2cn0853, task 786 18 [302597]: mask 0x|--------|--------||--B-----|--------||--------|--------||--------|--------||||--------|--------||--------|--------||--------|--------||--------|--------| set
cpu-bind=MASK - n2cn0179, task 15 15 [212789]: mask 0x|--------|-------B||--------|--------||--------|--------||--------|--------||||--------|--------||--------|--------||--------|--------||--------|--------| set
cpu-bind=MASK - n2cn1026, task 1324 44 [292070]: mask 0x|--------|--------||--------|--------||--------|----B---||--------|--------||||--------|--------||--------|--------||--------|--------||--------|--------| set
cpu-bind=MASK - n2cn1025, task 1177 25 [146348]: mask 0x|--------|--------||--------|-B------||--------|--------||--------|--------||||--------|--------||--------|--------||--------|--------||--------|--------| set
cpu-bind=MASK - n2cn1151, task 1441 33 [265418]: mask 0x|--------|--------||--------|--------||-B------|--------||--------|--------||||--------|--------||--------|--------||--------|--------||--------|--------| set
cpu-bind=MASK - n2cn1157, task 1832 40 [2086782]: mask 0x|--------|--------||--------|--------||--------|B-------||--------|--------||||--------|--------||--------|--------||--------|--------||--------|--------| set
cpu-bind=MASK - n2cn0183, task 548 36 [212791]: mask 0x|--------|--------||--------|--------||----B---|--------||--------|--------||||--------|--------||--------|--------||--------|--------||--------|--------| set
cpu-bind=MASK - n2cn0181, task 296 40 [212675]: mask 0x|--------|--------||--------|--------||--------|B-------||--------|--------||||--------|--------||--------|--------||--------|--------||--------|--------| set
cpu-bind=MASK - n2cn1193, task 1953 33 [267049]: mask 0x|--------|--------||--------|--------||-B------|--------||--------|--------||||--------|--------||--------|--------||--------|--------||--------|--------| set
cpu-bind=MASK - n2cn0180, task 168 40 [336753]: mask 0x|--------|--------||--------|--------||--------|B-------||--------|--------||||--------|--------||--------|--------||--------|--------||--------|--------| set
cpu-bind=MASK - n2cn1154, task 1697 33 [344370]: mask 0x|--------|--------||--------|--------||-B------|--------||--------|--------||||--------|--------||--------|--------||--------|--------||--------|--------| set
cpu-bind=MASK - n2cn0891, task 1049 25 [293889]: mask 0x|--------|--------||--------|-B------||--------|--------||--------|--------||||--------|--------||--------|--------||--------|--------||--------|--------| set
cpu-bind=MASK - n2cn0182, task 407 23 [221881]: mask 0x|--------|--------||-------B|--------||--------|--------||--------|--------||||--------|--------||--------|--------||--------|--------||--------|--------| set
cpu-bind=MASK - n2cn1152, task 1557 21 [241725]: mask 0x|--------|--------||-----B--|--------||--------|--------||--------|--------||||--------|--------||--------|--------||--------|--------||--------|--------| set
cpu-bind=MASK - n2cn0290, task 663 23 [244665]: mask 0x|--------|--------||-------B|--------||--------|--------||--------|--------||||--------|--------||--------|--------||--------|--------||--------|--------| set
cpu-bind=MASK - n2cn0890, task 935 39 [236957]: mask 0x|--------|--------||--------|--------||-------B|--------||--------|--------||||--------|--------||--------|--------||--------|--------||--------|--------| set
cpu-bind=MASK - n2cn0853, task 787 19 [302598]: mask 0x|--------|--------||---B----|--------||--------|--------||--------|--------||||--------|--------||--------|--------||--------|--------||--------|--------| set
cpu-bind=MASK - n2cn0179, task 16 16 [212790]: mask 0x|--------|--------||B-------|--------||--------|--------||--------|--------||||--------|--------||--------|--------||--------|--------||--------|--------| set
cpu-bind=MASK - n2cn1026, task 1325 45 [292071]: mask 0x|--------|--------||--------|--------||--------|-----B--||--------|--------||||--------|--------||--------|--------||--------|--------||--------|--------| set
cpu-bind=MASK - n2cn1025, task 1178 26 [146349]: mask 0x|--------|--------||--------|--B-----||--------|--------||--------|--------||||--------|--------||--------|--------||--------|--------||--------|--------| set
cpu-bind=MASK - n2cn1157, task 1833 41 [2086783]: mask 0x|--------|--------||--------|--------||--------|-B------||--------|--------||||--------|--------||--------|--------||--------|--------||--------|--------| set
cpu-bind=MASK - n2cn1151, task 1442 34 [265419]: mask 0x|--------|--------||--------|--------||--B-----|--------||--------|--------||||--------|--------||--------|--------||--------|--------||--------|--------| set
cpu-bind=MASK - n2cn0181, task 297 41 [212676]: mask 0x|--------|--------||--------|--------||--------|-B------||--------|--------||||--------|--------||--------|--------||--------|--------||--------|--------| set
cpu-bind=MASK - n2cn0183, task 549 37 [212792]: mask 0x|--------|--------||--------|--------||-----B--|--------||--------|--------||||--------|--------||--------|--------||--------|--------||--------|--------| set
cpu-bind=MASK - n2cn1193, task 1954 34 [267050]: mask 0x|--------|--------||--------|--------||--B-----|--------||--------|--------||||--------|--------||--------|--------||--------|--------||--------|--------| set
cpu-bind=MASK - n2cn0180, task 169 41 [336754]: mask 0x|--------|--------||--------|--------||--------|-B------||--------|--------||||--------|--------||--------|--------||--------|--------||--------|--------| set
cpu-bind=MASK - n2cn1154, task 1698 34 [344371]: mask 0x|--------|--------||--------|--------||--B-----|--------||--------|--------||||--------|--------||--------|--------||--------|--------||--------|--------| set
cpu-bind=MASK - n2cn0182, task 408 24 [221882]: mask 0x|--------|--------||--------|B-------||--------|--------||--------|--------||||--------|--------||--------|--------||--------|--------||--------|--------| set
cpu-bind=MASK - n2cn0290, task 664 24 [244666]: mask 0x|--------|--------||--------|B-------||--------|--------||--------|--------||||--------|--------||--------|--------||--------|--------||--------|--------| set
cpu-bind=MASK - n2cn0891, task 1050 26 [293890]: mask 0x|--------|--------||--------|--B-----||--------|--------||--------|--------||||--------|--------||--------|--------||--------|--------||--------|--------| set
cpu-bind=MASK - n2cn1152, task 1558 22 [241726]: mask 0x|--------|--------||------B-|--------||--------|--------||--------|--------||||--------|--------||--------|--------||--------|--------||--------|--------| set
cpu-bind=MASK - n2cn0890, task 936 40 [236958]: mask 0x|--------|--------||--------|--------||--------|B-------||--------|--------||||--------|--------||--------|--------||--------|--------||--------|--------| set
cpu-bind=MASK - n2cn0853, task 788 20 [302599]: mask 0x|--------|--------||----B---|--------||--------|--------||--------|--------||||--------|--------||--------|--------||--------|--------||--------|--------| set
cpu-bind=MASK - n2cn1026, task 1326 46 [292072]: mask 0x|--------|--------||--------|--------||--------|------B-||--------|--------||||--------|--------||--------|--------||--------|--------||--------|--------| set
cpu-bind=MASK - n2cn1157, task 1834 42 [2086784]: mask 0x|--------|--------||--------|--------||--------|--B-----||--------|--------||||--------|--------||--------|--------||--------|--------||--------|--------| set
cpu-bind=MASK - n2cn1025, task 1179 27 [146350]: mask 0x|--------|--------||--------|---B----||--------|--------||--------|--------||||--------|--------||--------|--------||--------|--------||--------|--------| set
cpu-bind=MASK - n2cn0179, task 17 17 [212791]: mask 0x|--------|--------||-B------|--------||--------|--------||--------|--------||||--------|--------||--------|--------||--------|--------||--------|--------| set
cpu-bind=MASK - n2cn1151, task 1443 35 [265420]: mask 0x|--------|--------||--------|--------||---B----|--------||--------|--------||||--------|--------||--------|--------||--------|--------||--------|--------| set
cpu-bind=MASK - n2cn0183, task 550 38 [212793]: mask 0x|--------|--------||--------|--------||------B-|--------||--------|--------||||--------|--------||--------|--------||--------|--------||--------|--------| set
cpu-bind=MASK - n2cn0181, task 298 42 [212677]: mask 0x|--------|--------||--------|--------||--------|--B-----||--------|--------||||--------|--------||--------|--------||--------|--------||--------|--------| set
cpu-bind=MASK - n2cn0180, task 170 42 [336755]: mask 0x|--------|--------||--------|--------||--------|--B-----||--------|--------||||--------|--------||--------|--------||--------|--------||--------|--------| set
cpu-bind=MASK - n2cn1193, task 1955 35 [267051]: mask 0x|--------|--------||--------|--------||---B----|--------||--------|--------||||--------|--------||--------|--------||--------|--------||--------|--------| set
cpu-bind=MASK - n2cn0182, task 409 25 [221883]: mask 0x|--------|--------||--------|-B------||--------|--------||--------|--------||||--------|--------||--------|--------||--------|--------||--------|--------| set
cpu-bind=MASK - n2cn1154, task 1699 35 [344372]: mask 0x|--------|--------||--------|--------||---B----|--------||--------|--------||||--------|--------||--------|--------||--------|--------||--------|--------| set
cpu-bind=MASK - n2cn1152, task 1559 23 [241727]: mask 0x|--------|--------||-------B|--------||--------|--------||--------|--------||||--------|--------||--------|--------||--------|--------||--------|--------| set
cpu-bind=MASK - n2cn0290, task 665 25 [244667]: mask 0x|--------|--------||--------|-B------||--------|--------||--------|--------||||--------|--------||--------|--------||--------|--------||--------|--------| set
cpu-bind=MASK - n2cn0891, task 1051 27 [293891]: mask 0x|--------|--------||--------|---B----||--------|--------||--------|--------||||--------|--------||--------|--------||--------|--------||--------|--------| set
cpu-bind=MASK - n2cn0890, task 937 41 [236959]: mask 0x|--------|--------||--------|--------||--------|-B------||--------|--------||||--------|--------||--------|--------||--------|--------||--------|--------| set
cpu-bind=MASK - n2cn0853, task 789 21 [302600]: mask 0x|--------|--------||-----B--|--------||--------|--------||--------|--------||||--------|--------||--------|--------||--------|--------||--------|--------| set
cpu-bind=MASK - n2cn1157, task 1835 43 [2086785]: mask 0x|--------|--------||--------|--------||--------|---B----||--------|--------||||--------|--------||--------|--------||--------|--------||--------|--------| set
cpu-bind=MASK - n2cn1026, task 1327 47 [292073]: mask 0x|--------|--------||--------|--------||--------|-------B||--------|--------||||--------|--------||--------|--------||--------|--------||--------|--------| set
cpu-bind=MASK - n2cn1151, task 1444 36 [265421]: mask 0x|--------|--------||--------|--------||----B---|--------||--------|--------||||--------|--------||--------|--------||--------|--------||--------|--------| set
cpu-bind=MASK - n2cn1025, task 1180 28 [146351]: mask 0x|--------|--------||--------|----B---||--------|--------||--------|--------||||--------|--------||--------|--------||--------|--------||--------|--------| set
cpu-bind=MASK - n2cn0179, task 18 18 [212792]: mask 0x|--------|--------||--B-----|--------||--------|--------||--------|--------||||--------|--------||--------|--------||--------|--------||--------|--------| set
cpu-bind=MASK - n2cn0183, task 551 39 [212794]: mask 0x|--------|--------||--------|--------||-------B|--------||--------|--------||||--------|--------||--------|--------||--------|--------||--------|--------| set
cpu-bind=MASK - n2cn0180, task 171 43 [336756]: mask 0x|--------|--------||--------|--------||--------|---B----||--------|--------||||--------|--------||--------|--------||--------|--------||--------|--------| set
cpu-bind=MASK - n2cn0181, task 299 43 [212678]: mask 0x|--------|--------||--------|--------||--------|---B----||--------|--------||||--------|--------||--------|--------||--------|--------||--------|--------| set
cpu-bind=MASK - n2cn0182, task 410 26 [221884]: mask 0x|--------|--------||--------|--B-----||--------|--------||--------|--------||||--------|--------||--------|--------||--------|--------||--------|--------| set
cpu-bind=MASK - n2cn1193, task 1956 36 [267052]: mask 0x|--------|--------||--------|--------||----B---|--------||--------|--------||||--------|--------||--------|--------||--------|--------||--------|--------| set
cpu-bind=MASK - n2cn1152, task 1560 24 [241728]: mask 0x|--------|--------||--------|B-------||--------|--------||--------|--------||||--------|--------||--------|--------||--------|--------||--------|--------| set
cpu-bind=MASK - n2cn1154, task 1700 36 [344373]: mask 0x|--------|--------||--------|--------||----B---|--------||--------|--------||||--------|--------||--------|--------||--------|--------||--------|--------| set
cpu-bind=MASK - n2cn0290, task 666 26 [244668]: mask 0x|--------|--------||--------|--B-----||--------|--------||--------|--------||||--------|--------||--------|--------||--------|--------||--------|--------| set
cpu-bind=MASK - n2cn0891, task 1052 28 [293892]: mask 0x|--------|--------||--------|----B---||--------|--------||--------|--------||||--------|--------||--------|--------||--------|--------||--------|--------| set
cpu-bind=MASK - n2cn0890, task 938 42 [236960]: mask 0x|--------|--------||--------|--------||--------|--B-----||--------|--------||||--------|--------||--------|--------||--------|--------||--------|--------| set
cpu-bind=MASK - n2cn1026, task 1328 48 [292074]: mask 0x|--------|--------||--------|--------||--------|--------||B-------|--------||||--------|--------||--------|--------||--------|--------||--------|--------| set
cpu-bind=MASK - n2cn0853, task 790 22 [302601]: mask 0x|--------|--------||------B-|--------||--------|--------||--------|--------||||--------|--------||--------|--------||--------|--------||--------|--------| set
cpu-bind=MASK - n2cn1157, task 1836 44 [2086786]: mask 0x|--------|--------||--------|--------||--------|----B---||--------|--------||||--------|--------||--------|--------||--------|--------||--------|--------| set
cpu-bind=MASK - n2cn1025, task 1181 29 [146352]: mask 0x|--------|--------||--------|-----B--||--------|--------||--------|--------||||--------|--------||--------|--------||--------|--------||--------|--------| set
cpu-bind=MASK - n2cn1151, task 1445 37 [265422]: mask 0x|--------|--------||--------|--------||-----B--|--------||--------|--------||||--------|--------||--------|--------||--------|--------||--------|--------| set
cpu-bind=MASK - n2cn0179, task 19 19 [212793]: mask 0x|--------|--------||---B----|--------||--------|--------||--------|--------||||--------|--------||--------|--------||--------|--------||--------|--------| set
cpu-bind=MASK - n2cn0183, task 552 40 [212795]: mask 0x|--------|--------||--------|--------||--------|B-------||--------|--------||||--------|--------||--------|--------||--------|--------||--------|--------| set
cpu-bind=MASK - n2cn0180, task 172 44 [336757]: mask 0x|--------|--------||--------|--------||--------|----B---||--------|--------||||--------|--------||--------|--------||--------|--------||--------|--------| set
cpu-bind=MASK - n2cn0182, task 411 27 [221885]: mask 0x|--------|--------||--------|---B----||--------|--------||--------|--------||||--------|--------||--------|--------||--------|--------||--------|--------| set
cpu-bind=MASK - n2cn1193, task 1957 37 [267053]: mask 0x|--------|--------||--------|--------||-----B--|--------||--------|--------||||--------|--------||--------|--------||--------|--------||--------|--------| set
cpu-bind=MASK - n2cn0181, task 300 44 [212679]: mask 0x|--------|--------||--------|--------||--------|----B---||--------|--------||||--------|--------||--------|--------||--------|--------||--------|--------| set
cpu-bind=MASK - n2cn1152, task 1561 25 [241729]: mask 0x|--------|--------||--------|-B------||--------|--------||--------|--------||||--------|--------||--------|--------||--------|--------||--------|--------| set
cpu-bind=MASK - n2cn1154, task 1701 37 [344374]: mask 0x|--------|--------||--------|--------||-----B--|--------||--------|--------||||--------|--------||--------|--------||--------|--------||--------|--------| set
cpu-bind=MASK - n2cn0290, task 667 27 [244669]: mask 0x|--------|--------||--------|---B----||--------|--------||--------|--------||||--------|--------||--------|--------||--------|--------||--------|--------| set
cpu-bind=MASK - n2cn0891, task 1053 29 [293893]: mask 0x|--------|--------||--------|-----B--||--------|--------||--------|--------||||--------|--------||--------|--------||--------|--------||--------|--------| set
cpu-bind=MASK - n2cn1026, task 1329 49 [292075]: mask 0x|--------|--------||--------|--------||--------|--------||-B------|--------||||--------|--------||--------|--------||--------|--------||--------|--------| set
cpu-bind=MASK - n2cn0853, task 791 23 [302602]: mask 0x|--------|--------||-------B|--------||--------|--------||--------|--------||||--------|--------||--------|--------||--------|--------||--------|--------| set
cpu-bind=MASK - n2cn0890, task 939 43 [236961]: mask 0x|--------|--------||--------|--------||--------|---B----||--------|--------||||--------|--------||--------|--------||--------|--------||--------|--------| set
cpu-bind=MASK - n2cn1157, task 1837 45 [2086787]: mask 0x|--------|--------||--------|--------||--------|-----B--||--------|--------||||--------|--------||--------|--------||--------|--------||--------|--------| set
cpu-bind=MASK - n2cn1025, task 1182 30 [146353]: mask 0x|--------|--------||--------|------B-||--------|--------||--------|--------||||--------|--------||--------|--------||--------|--------||--------|--------| set
cpu-bind=MASK - n2cn0179, task 20 20 [212794]: mask 0x|--------|--------||----B---|--------||--------|--------||--------|--------||||--------|--------||--------|--------||--------|--------||--------|--------| set
cpu-bind=MASK - n2cn0180, task 173 45 [336758]: mask 0x|--------|--------||--------|--------||--------|-----B--||--------|--------||||--------|--------||--------|--------||--------|--------||--------|--------| set
cpu-bind=MASK - n2cn0183, task 553 41 [212796]: mask 0x|--------|--------||--------|--------||--------|-B------||--------|--------||||--------|--------||--------|--------||--------|--------||--------|--------| set
cpu-bind=MASK - n2cn0182, task 412 28 [221886]: mask 0x|--------|--------||--------|----B---||--------|--------||--------|--------||||--------|--------||--------|--------||--------|--------||--------|--------| set
cpu-bind=MASK - n2cn1193, task 1958 38 [267054]: mask 0x|--------|--------||--------|--------||------B-|--------||--------|--------||||--------|--------||--------|--------||--------|--------||--------|--------| set
cpu-bind=MASK - n2cn0181, task 301 45 [212680]: mask 0x|--------|--------||--------|--------||--------|-----B--||--------|--------||||--------|--------||--------|--------||--------|--------||--------|--------| set
cpu-bind=MASK - n2cn1151, task 1446 38 [265423]: mask 0x|--------|--------||--------|--------||------B-|--------||--------|--------||||--------|--------||--------|--------||--------|--------||--------|--------| set
cpu-bind=MASK - n2cn1152, task 1562 26 [241730]: mask 0x|--------|--------||--------|--B-----||--------|--------||--------|--------||||--------|--------||--------|--------||--------|--------||--------|--------| set
cpu-bind=MASK - n2cn1154, task 1702 38 [344375]: mask 0x|--------|--------||--------|--------||------B-|--------||--------|--------||||--------|--------||--------|--------||--------|--------||--------|--------| set
cpu-bind=MASK - n2cn0290, task 668 28 [244670]: mask 0x|--------|--------||--------|----B---||--------|--------||--------|--------||||--------|--------||--------|--------||--------|--------||--------|--------| set
cpu-bind=MASK - n2cn0891, task 1054 30 [293894]: mask 0x|--------|--------||--------|------B-||--------|--------||--------|--------||||--------|--------||--------|--------||--------|--------||--------|--------| set
cpu-bind=MASK - n2cn1026, task 1330 50 [292076]: mask 0x|--------|--------||--------|--------||--------|--------||--B-----|--------||||--------|--------||--------|--------||--------|--------||--------|--------| set
cpu-bind=MASK - n2cn0853, task 792 24 [302603]: mask 0x|--------|--------||--------|B-------||--------|--------||--------|--------||||--------|--------||--------|--------||--------|--------||--------|--------| set
cpu-bind=MASK - n2cn1157, task 1838 46 [2086788]: mask 0x|--------|--------||--------|--------||--------|------B-||--------|--------||||--------|--------||--------|--------||--------|--------||--------|--------| set
cpu-bind=MASK - n2cn0890, task 940 44 [236962]: mask 0x|--------|--------||--------|--------||--------|----B---||--------|--------||||--------|--------||--------|--------||--------|--------||--------|--------| set
cpu-bind=MASK - n2cn0180, task 174 46 [336759]: mask 0x|--------|--------||--------|--------||--------|------B-||--------|--------||||--------|--------||--------|--------||--------|--------||--------|--------| set
cpu-bind=MASK - n2cn0183, task 554 42 [212797]: mask 0x|--------|--------||--------|--------||--------|--B-----||--------|--------||||--------|--------||--------|--------||--------|--------||--------|--------| set
cpu-bind=MASK - n2cn1025, task 1183 31 [146354]: mask 0x|--------|--------||--------|-------B||--------|--------||--------|--------||||--------|--------||--------|--------||--------|--------||--------|--------| set
cpu-bind=MASK - n2cn0182, task 413 29 [221887]: mask 0x|--------|--------||--------|-----B--||--------|--------||--------|--------||||--------|--------||--------|--------||--------|--------||--------|--------| set
cpu-bind=MASK - n2cn0181, task 302 46 [212681]: mask 0x|--------|--------||--------|--------||--------|------B-||--------|--------||||--------|--------||--------|--------||--------|--------||--------|--------| set
cpu-bind=MASK - n2cn0179, task 21 21 [212795]: mask 0x|--------|--------||-----B--|--------||--------|--------||--------|--------||||--------|--------||--------|--------||--------|--------||--------|--------| set
cpu-bind=MASK - n2cn1154, task 1703 39 [344376]: mask 0x|--------|--------||--------|--------||-------B|--------||--------|--------||||--------|--------||--------|--------||--------|--------||--------|--------| set
cpu-bind=MASK - n2cn1152, task 1563 27 [241731]: mask 0x|--------|--------||--------|---B----||--------|--------||--------|--------||||--------|--------||--------|--------||--------|--------||--------|--------| set
cpu-bind=MASK - n2cn1193, task 1959 39 [267055]: mask 0x|--------|--------||--------|--------||-------B|--------||--------|--------||||--------|--------||--------|--------||--------|--------||--------|--------| set
cpu-bind=MASK - n2cn1151, task 1447 39 [265424]: mask 0x|--------|--------||--------|--------||-------B|--------||--------|--------||||--------|--------||--------|--------||--------|--------||--------|--------| set
cpu-bind=MASK - n2cn0290, task 669 29 [244671]: mask 0x|--------|--------||--------|-----B--||--------|--------||--------|--------||||--------|--------||--------|--------||--------|--------||--------|--------| set
cpu-bind=MASK - n2cn0891, task 1055 31 [293895]: mask 0x|--------|--------||--------|-------B||--------|--------||--------|--------||||--------|--------||--------|--------||--------|--------||--------|--------| set
cpu-bind=MASK - n2cn1026, task 1331 51 [292077]: mask 0x|--------|--------||--------|--------||--------|--------||---B----|--------||||--------|--------||--------|--------||--------|--------||--------|--------| set
cpu-bind=MASK - n2cn0853, task 793 25 [302604]: mask 0x|--------|--------||--------|-B------||--------|--------||--------|--------||||--------|--------||--------|--------||--------|--------||--------|--------| set
cpu-bind=MASK - n2cn1157, task 1839 47 [2086789]: mask 0x|--------|--------||--------|--------||--------|-------B||--------|--------||||--------|--------||--------|--------||--------|--------||--------|--------| set
cpu-bind=MASK - n2cn0890, task 941 45 [236963]: mask 0x|--------|--------||--------|--------||--------|-----B--||--------|--------||||--------|--------||--------|--------||--------|--------||--------|--------| set
cpu-bind=MASK - n2cn0183, task 555 43 [212798]: mask 0x|--------|--------||--------|--------||--------|---B----||--------|--------||||--------|--------||--------|--------||--------|--------||--------|--------| set
cpu-bind=MASK - n2cn0182, task 414 30 [221888]: mask 0x|--------|--------||--------|------B-||--------|--------||--------|--------||||--------|--------||--------|--------||--------|--------||--------|--------| set
cpu-bind=MASK - n2cn1025, task 1184 32 [146355]: mask 0x|--------|--------||--------|--------||B-------|--------||--------|--------||||--------|--------||--------|--------||--------|--------||--------|--------| set
cpu-bind=MASK - n2cn0179, task 22 22 [212796]: mask 0x|--------|--------||------B-|--------||--------|--------||--------|--------||||--------|--------||--------|--------||--------|--------||--------|--------| set
cpu-bind=MASK - n2cn1152, task 1564 28 [241732]: mask 0x|--------|--------||--------|----B---||--------|--------||--------|--------||||--------|--------||--------|--------||--------|--------||--------|--------| set
cpu-bind=MASK - n2cn0181, task 303 47 [212682]: mask 0x|--------|--------||--------|--------||--------|-------B||--------|--------||||--------|--------||--------|--------||--------|--------||--------|--------| set
cpu-bind=MASK - n2cn1154, task 1704 40 [344377]: mask 0x|--------|--------||--------|--------||--------|B-------||--------|--------||||--------|--------||--------|--------||--------|--------||--------|--------| set
cpu-bind=MASK - n2cn0891, task 1056 32 [293896]: mask 0x|--------|--------||--------|--------||B-------|--------||--------|--------||||--------|--------||--------|--------||--------|--------||--------|--------| set
cpu-bind=MASK - n2cn1151, task 1448 40 [265425]: mask 0x|--------|--------||--------|--------||--------|B-------||--------|--------||||--------|--------||--------|--------||--------|--------||--------|--------| set
cpu-bind=MASK - n2cn1193, task 1960 40 [267056]: mask 0x|--------|--------||--------|--------||--------|B-------||--------|--------||||--------|--------||--------|--------||--------|--------||--------|--------| set
cpu-bind=MASK - n2cn0853, task 794 26 [302605]: mask 0x|--------|--------||--------|--B-----||--------|--------||--------|--------||||--------|--------||--------|--------||--------|--------||--------|--------| set
cpu-bind=MASK - n2cn1026, task 1332 52 [292078]: mask 0x|--------|--------||--------|--------||--------|--------||----B---|--------||||--------|--------||--------|--------||--------|--------||--------|--------| set
cpu-bind=MASK - n2cn0290, task 670 30 [244672]: mask 0x|--------|--------||--------|------B-||--------|--------||--------|--------||||--------|--------||--------|--------||--------|--------||--------|--------| set
cpu-bind=MASK - n2cn1157, task 1840 48 [2086790]: mask 0x|--------|--------||--------|--------||--------|--------||B-------|--------||||--------|--------||--------|--------||--------|--------||--------|--------| set
cpu-bind=MASK - n2cn0890, task 942 46 [236964]: mask 0x|--------|--------||--------|--------||--------|------B-||--------|--------||||--------|--------||--------|--------||--------|--------||--------|--------| set
cpu-bind=MASK - n2cn0183, task 556 44 [212799]: mask 0x|--------|--------||--------|--------||--------|----B---||--------|--------||||--------|--------||--------|--------||--------|--------||--------|--------| set
cpu-bind=MASK - n2cn0182, task 415 31 [221889]: mask 0x|--------|--------||--------|-------B||--------|--------||--------|--------||||--------|--------||--------|--------||--------|--------||--------|--------| set
cpu-bind=MASK - n2cn0180, task 175 47 [336760]: mask 0x|--------|--------||--------|--------||--------|-------B||--------|--------||||--------|--------||--------|--------||--------|--------||--------|--------| set
cpu-bind=MASK - n2cn1025, task 1185 33 [146356]: mask 0x|--------|--------||--------|--------||-B------|--------||--------|--------||||--------|--------||--------|--------||--------|--------||--------|--------| set
cpu-bind=MASK - n2cn0179, task 23 23 [212797]: mask 0x|--------|--------||-------B|--------||--------|--------||--------|--------||||--------|--------||--------|--------||--------|--------||--------|--------| set
cpu-bind=MASK - n2cn1152, task 1565 29 [241733]: mask 0x|--------|--------||--------|-----B--||--------|--------||--------|--------||||--------|--------||--------|--------||--------|--------||--------|--------| set
cpu-bind=MASK - n2cn0181, task 304 48 [212683]: mask 0x|--------|--------||--------|--------||--------|--------||B-------|--------||||--------|--------||--------|--------||--------|--------||--------|--------| set
cpu-bind=MASK - n2cn0891, task 1057 33 [293897]: mask 0x|--------|--------||--------|--------||-B------|--------||--------|--------||||--------|--------||--------|--------||--------|--------||--------|--------| set
cpu-bind=MASK - n2cn1154, task 1705 41 [344378]: mask 0x|--------|--------||--------|--------||--------|-B------||--------|--------||||--------|--------||--------|--------||--------|--------||--------|--------| set
cpu-bind=MASK - n2cn1193, task 1961 41 [267057]: mask 0x|--------|--------||--------|--------||--------|-B------||--------|--------||||--------|--------||--------|--------||--------|--------||--------|--------| set
cpu-bind=MASK - n2cn0853, task 795 27 [302606]: mask 0x|--------|--------||--------|---B----||--------|--------||--------|--------||||--------|--------||--------|--------||--------|--------||--------|--------| set
cpu-bind=MASK - n2cn1151, task 1449 41 [265426]: mask 0x|--------|--------||--------|--------||--------|-B------||--------|--------||||--------|--------||--------|--------||--------|--------||--------|--------| set
cpu-bind=MASK - n2cn1026, task 1333 53 [292079]: mask 0x|--------|--------||--------|--------||--------|--------||-----B--|--------||||--------|--------||--------|--------||--------|--------||--------|--------| set
cpu-bind=MASK - n2cn0290, task 671 31 [244673]: mask 0x|--------|--------||--------|-------B||--------|--------||--------|--------||||--------|--------||--------|--------||--------|--------||--------|--------| set
cpu-bind=MASK - n2cn1157, task 1841 49 [2086791]: mask 0x|--------|--------||--------|--------||--------|--------||-B------|--------||||--------|--------||--------|--------||--------|--------||--------|--------| set
cpu-bind=MASK - n2cn0182, task 416 32 [221890]: mask 0x|--------|--------||--------|--------||B-------|--------||--------|--------||||--------|--------||--------|--------||--------|--------||--------|--------| set
cpu-bind=MASK - n2cn0183, task 557 45 [212800]: mask 0x|--------|--------||--------|--------||--------|-----B--||--------|--------||||--------|--------||--------|--------||--------|--------||--------|--------| set
cpu-bind=MASK - n2cn0890, task 943 47 [236965]: mask 0x|--------|--------||--------|--------||--------|-------B||--------|--------||||--------|--------||--------|--------||--------|--------||--------|--------| set
cpu-bind=MASK - n2cn0180, task 176 48 [336761]: mask 0x|--------|--------||--------|--------||--------|--------||B-------|--------||||--------|--------||--------|--------||--------|--------||--------|--------| set
cpu-bind=MASK - n2cn1025, task 1186 34 [146357]: mask 0x|--------|--------||--------|--------||--B-----|--------||--------|--------||||--------|--------||--------|--------||--------|--------||--------|--------| set
cpu-bind=MASK - n2cn1152, task 1566 30 [241734]: mask 0x|--------|--------||--------|------B-||--------|--------||--------|--------||||--------|--------||--------|--------||--------|--------||--------|--------| set
cpu-bind=MASK - n2cn0181, task 305 49 [212684]: mask 0x|--------|--------||--------|--------||--------|--------||-B------|--------||||--------|--------||--------|--------||--------|--------||--------|--------| set
cpu-bind=MASK - n2cn0179, task 24 24 [212798]: mask 0x|--------|--------||--------|B-------||--------|--------||--------|--------||||--------|--------||--------|--------||--------|--------||--------|--------| set
cpu-bind=MASK - n2cn1154, task 1706 42 [344379]: mask 0x|--------|--------||--------|--------||--------|--B-----||--------|--------||||--------|--------||--------|--------||--------|--------||--------|--------| set
cpu-bind=MASK - n2cn0853, task 796 28 [302607]: mask 0x|--------|--------||--------|----B---||--------|--------||--------|--------||||--------|--------||--------|--------||--------|--------||--------|--------| set
cpu-bind=MASK - n2cn1193, task 1962 42 [267058]: mask 0x|--------|--------||--------|--------||--------|--B-----||--------|--------||||--------|--------||--------|--------||--------|--------||--------|--------| set
cpu-bind=MASK - n2cn1026, task 1334 54 [292080]: mask 0x|--------|--------||--------|--------||--------|--------||------B-|--------||||--------|--------||--------|--------||--------|--------||--------|--------| set
cpu-bind=MASK - n2cn1151, task 1450 42 [265427]: mask 0x|--------|--------||--------|--------||--------|--B-----||--------|--------||||--------|--------||--------|--------||--------|--------||--------|--------| set
cpu-bind=MASK - n2cn0182, task 417 33 [221891]: mask 0x|--------|--------||--------|--------||-B------|--------||--------|--------||||--------|--------||--------|--------||--------|--------||--------|--------| set
cpu-bind=MASK - n2cn1157, task 1842 50 [2086792]: mask 0x|--------|--------||--------|--------||--------|--------||--B-----|--------||||--------|--------||--------|--------||--------|--------||--------|--------| set
cpu-bind=MASK - n2cn0183, task 558 46 [212801]: mask 0x|--------|--------||--------|--------||--------|------B-||--------|--------||||--------|--------||--------|--------||--------|--------||--------|--------| set
cpu-bind=MASK - n2cn0891, task 1058 34 [293898]: mask 0x|--------|--------||--------|--------||--B-----|--------||--------|--------||||--------|--------||--------|--------||--------|--------||--------|--------| set
cpu-bind=MASK - n2cn0890, task 944 48 [236966]: mask 0x|--------|--------||--------|--------||--------|--------||B-------|--------||||--------|--------||--------|--------||--------|--------||--------|--------| set
cpu-bind=MASK - n2cn0180, task 177 49 [336762]: mask 0x|--------|--------||--------|--------||--------|--------||-B------|--------||||--------|--------||--------|--------||--------|--------||--------|--------| set
cpu-bind=MASK - n2cn1025, task 1187 35 [146358]: mask 0x|--------|--------||--------|--------||---B----|--------||--------|--------||||--------|--------||--------|--------||--------|--------||--------|--------| set
cpu-bind=MASK - n2cn1152, task 1567 31 [241735]: mask 0x|--------|--------||--------|-------B||--------|--------||--------|--------||||--------|--------||--------|--------||--------|--------||--------|--------| set
cpu-bind=MASK - n2cn0290, task 672 32 [244674]: mask 0x|--------|--------||--------|--------||B-------|--------||--------|--------||||--------|--------||--------|--------||--------|--------||--------|--------| set
cpu-bind=MASK - n2cn0181, task 306 50 [212685]: mask 0x|--------|--------||--------|--------||--------|--------||--B-----|--------||||--------|--------||--------|--------||--------|--------||--------|--------| set
cpu-bind=MASK - n2cn0179, task 25 25 [212799]: mask 0x|--------|--------||--------|-B------||--------|--------||--------|--------||||--------|--------||--------|--------||--------|--------||--------|--------| set
cpu-bind=MASK - n2cn1154, task 1707 43 [344380]: mask 0x|--------|--------||--------|--------||--------|---B----||--------|--------||||--------|--------||--------|--------||--------|--------||--------|--------| set
cpu-bind=MASK - n2cn1026, task 1335 55 [292081]: mask 0x|--------|--------||--------|--------||--------|--------||-------B|--------||||--------|--------||--------|--------||--------|--------||--------|--------| set
cpu-bind=MASK - n2cn1193, task 1963 43 [267059]: mask 0x|--------|--------||--------|--------||--------|---B----||--------|--------||||--------|--------||--------|--------||--------|--------||--------|--------| set
cpu-bind=MASK - n2cn0182, task 418 34 [221892]: mask 0x|--------|--------||--------|--------||--B-----|--------||--------|--------||||--------|--------||--------|--------||--------|--------||--------|--------| set
cpu-bind=MASK - n2cn1157, task 1843 51 [2086793]: mask 0x|--------|--------||--------|--------||--------|--------||---B----|--------||||--------|--------||--------|--------||--------|--------||--------|--------| set
cpu-bind=MASK - n2cn0183, task 559 47 [212802]: mask 0x|--------|--------||--------|--------||--------|-------B||--------|--------||||--------|--------||--------|--------||--------|--------||--------|--------| set
cpu-bind=MASK - n2cn0853, task 797 29 [302608]: mask 0x|--------|--------||--------|-----B--||--------|--------||--------|--------||||--------|--------||--------|--------||--------|--------||--------|--------| set
cpu-bind=MASK - n2cn0890, task 945 49 [236967]: mask 0x|--------|--------||--------|--------||--------|--------||-B------|--------||||--------|--------||--------|--------||--------|--------||--------|--------| set
cpu-bind=MASK - n2cn0891, task 1059 35 [293899]: mask 0x|--------|--------||--------|--------||---B----|--------||--------|--------||||--------|--------||--------|--------||--------|--------||--------|--------| set
cpu-bind=MASK - n2cn0180, task 178 50 [336763]: mask 0x|--------|--------||--------|--------||--------|--------||--B-----|--------||||--------|--------||--------|--------||--------|--------||--------|--------| set
cpu-bind=MASK - n2cn1151, task 1451 43 [265428]: mask 0x|--------|--------||--------|--------||--------|---B----||--------|--------||||--------|--------||--------|--------||--------|--------||--------|--------| set
cpu-bind=MASK - n2cn1025, task 1188 36 [146359]: mask 0x|--------|--------||--------|--------||----B---|--------||--------|--------||||--------|--------||--------|--------||--------|--------||--------|--------| set
cpu-bind=MASK - n2cn0181, task 307 51 [212686]: mask 0x|--------|--------||--------|--------||--------|--------||---B----|--------||||--------|--------||--------|--------||--------|--------||--------|--------| set
cpu-bind=MASK - n2cn0290, task 673 33 [244675]: mask 0x|--------|--------||--------|--------||-B------|--------||--------|--------||||--------|--------||--------|--------||--------|--------||--------|--------| set
cpu-bind=MASK - n2cn0179, task 26 26 [212800]: mask 0x|--------|--------||--------|--B-----||--------|--------||--------|--------||||--------|--------||--------|--------||--------|--------||--------|--------| set
cpu-bind=MASK - n2cn1154, task 1708 44 [344381]: mask 0x|--------|--------||--------|--------||--------|----B---||--------|--------||||--------|--------||--------|--------||--------|--------||--------|--------| set
cpu-bind=MASK - n2cn1026, task 1336 56 [292082]: mask 0x|--------|--------||--------|--------||--------|--------||--------|B-------||||--------|--------||--------|--------||--------|--------||--------|--------| set
cpu-bind=MASK - n2cn0182, task 419 35 [221893]: mask 0x|--------|--------||--------|--------||---B----|--------||--------|--------||||--------|--------||--------|--------||--------|--------||--------|--------| set
cpu-bind=MASK - n2cn1193, task 1964 44 [267060]: mask 0x|--------|--------||--------|--------||--------|----B---||--------|--------||||--------|--------||--------|--------||--------|--------||--------|--------| set
cpu-bind=MASK - n2cn0183, task 560 48 [212803]: mask 0x|--------|--------||--------|--------||--------|--------||B-------|--------||||--------|--------||--------|--------||--------|--------||--------|--------| set
cpu-bind=MASK - n2cn1157, task 1844 52 [2086794]: mask 0x|--------|--------||--------|--------||--------|--------||----B---|--------||||--------|--------||--------|--------||--------|--------||--------|--------| set
cpu-bind=MASK - n2cn1152, task 1568 32 [241736]: mask 0x|--------|--------||--------|--------||B-------|--------||--------|--------||||--------|--------||--------|--------||--------|--------||--------|--------| set
cpu-bind=MASK - n2cn0853, task 798 30 [302609]: mask 0x|--------|--------||--------|------B-||--------|--------||--------|--------||||--------|--------||--------|--------||--------|--------||--------|--------| set
cpu-bind=MASK - n2cn0890, task 946 50 [236968]: mask 0x|--------|--------||--------|--------||--------|--------||--B-----|--------||||--------|--------||--------|--------||--------|--------||--------|--------| set
cpu-bind=MASK - n2cn0180, task 179 51 [336764]: mask 0x|--------|--------||--------|--------||--------|--------||---B----|--------||||--------|--------||--------|--------||--------|--------||--------|--------| set
cpu-bind=MASK - n2cn0891, task 1060 36 [293900]: mask 0x|--------|--------||--------|--------||----B---|--------||--------|--------||||--------|--------||--------|--------||--------|--------||--------|--------| set
cpu-bind=MASK - n2cn1151, task 1452 44 [265429]: mask 0x|--------|--------||--------|--------||--------|----B---||--------|--------||||--------|--------||--------|--------||--------|--------||--------|--------| set
cpu-bind=MASK - n2cn1025, task 1189 37 [146360]: mask 0x|--------|--------||--------|--------||-----B--|--------||--------|--------||||--------|--------||--------|--------||--------|--------||--------|--------| set
cpu-bind=MASK - n2cn0181, task 308 52 [212687]: mask 0x|--------|--------||--------|--------||--------|--------||----B---|--------||||--------|--------||--------|--------||--------|--------||--------|--------| set
cpu-bind=MASK - n2cn0179, task 27 27 [212801]: mask 0x|--------|--------||--------|---B----||--------|--------||--------|--------||||--------|--------||--------|--------||--------|--------||--------|--------| set
cpu-bind=MASK - n2cn1026, task 1337 57 [292083]: mask 0x|--------|--------||--------|--------||--------|--------||--------|-B------||||--------|--------||--------|--------||--------|--------||--------|--------| set
cpu-bind=MASK - n2cn0182, task 420 36 [221894]: mask 0x|--------|--------||--------|--------||----B---|--------||--------|--------||||--------|--------||--------|--------||--------|--------||--------|--------| set
cpu-bind=MASK - n2cn1154, task 1709 45 [344382]: mask 0x|--------|--------||--------|--------||--------|-----B--||--------|--------||||--------|--------||--------|--------||--------|--------||--------|--------| set
cpu-bind=MASK - n2cn0290, task 674 34 [244676]: mask 0x|--------|--------||--------|--------||--B-----|--------||--------|--------||||--------|--------||--------|--------||--------|--------||--------|--------| set
cpu-bind=MASK - n2cn0183, task 561 49 [212804]: mask 0x|--------|--------||--------|--------||--------|--------||-B------|--------||||--------|--------||--------|--------||--------|--------||--------|--------| set
cpu-bind=MASK - n2cn1193, task 1965 45 [267061]: mask 0x|--------|--------||--------|--------||--------|-----B--||--------|--------||||--------|--------||--------|--------||--------|--------||--------|--------| set
cpu-bind=MASK - n2cn1157, task 1845 53 [2086795]: mask 0x|--------|--------||--------|--------||--------|--------||-----B--|--------||||--------|--------||--------|--------||--------|--------||--------|--------| set
cpu-bind=MASK - n2cn0853, task 799 31 [302610]: mask 0x|--------|--------||--------|-------B||--------|--------||--------|--------||||--------|--------||--------|--------||--------|--------||--------|--------| set
cpu-bind=MASK - n2cn1152, task 1569 33 [241737]: mask 0x|--------|--------||--------|--------||-B------|--------||--------|--------||||--------|--------||--------|--------||--------|--------||--------|--------| set
cpu-bind=MASK - n2cn0890, task 947 51 [236969]: mask 0x|--------|--------||--------|--------||--------|--------||---B----|--------||||--------|--------||--------|--------||--------|--------||--------|--------| set
cpu-bind=MASK - n2cn0891, task 1061 37 [293901]: mask 0x|--------|--------||--------|--------||-----B--|--------||--------|--------||||--------|--------||--------|--------||--------|--------||--------|--------| set
cpu-bind=MASK - n2cn1025, task 1190 38 [146361]: mask 0x|--------|--------||--------|--------||------B-|--------||--------|--------||||--------|--------||--------|--------||--------|--------||--------|--------| set
cpu-bind=MASK - n2cn0181, task 309 53 [212688]: mask 0x|--------|--------||--------|--------||--------|--------||-----B--|--------||||--------|--------||--------|--------||--------|--------||--------|--------| set
cpu-bind=MASK - n2cn0179, task 28 28 [212802]: mask 0x|--------|--------||--------|----B---||--------|--------||--------|--------||||--------|--------||--------|--------||--------|--------||--------|--------| set
cpu-bind=MASK - n2cn1026, task 1338 58 [292084]: mask 0x|--------|--------||--------|--------||--------|--------||--------|--B-----||||--------|--------||--------|--------||--------|--------||--------|--------| set
cpu-bind=MASK - n2cn0182, task 421 37 [221895]: mask 0x|--------|--------||--------|--------||-----B--|--------||--------|--------||||--------|--------||--------|--------||--------|--------||--------|--------| set
cpu-bind=MASK - n2cn1151, task 1453 45 [265430]: mask 0x|--------|--------||--------|--------||--------|-----B--||--------|--------||||--------|--------||--------|--------||--------|--------||--------|--------| set
cpu-bind=MASK - n2cn0183, task 562 50 [212805]: mask 0x|--------|--------||--------|--------||--------|--------||--B-----|--------||||--------|--------||--------|--------||--------|--------||--------|--------| set
cpu-bind=MASK - n2cn1154, task 1710 46 [344383]: mask 0x|--------|--------||--------|--------||--------|------B-||--------|--------||||--------|--------||--------|--------||--------|--------||--------|--------| set
cpu-bind=MASK - n2cn1157, task 1846 54 [2086796]: mask 0x|--------|--------||--------|--------||--------|--------||------B-|--------||||--------|--------||--------|--------||--------|--------||--------|--------| set
cpu-bind=MASK - n2cn0290, task 675 35 [244677]: mask 0x|--------|--------||--------|--------||---B----|--------||--------|--------||||--------|--------||--------|--------||--------|--------||--------|--------| set
cpu-bind=MASK - n2cn1193, task 1966 46 [267062]: mask 0x|--------|--------||--------|--------||--------|------B-||--------|--------||||--------|--------||--------|--------||--------|--------||--------|--------| set
cpu-bind=MASK - n2cn0180, task 180 52 [336765]: mask 0x|--------|--------||--------|--------||--------|--------||----B---|--------||||--------|--------||--------|--------||--------|--------||--------|--------| set
cpu-bind=MASK - n2cn0853, task 800 32 [302611]: mask 0x|--------|--------||--------|--------||B-------|--------||--------|--------||||--------|--------||--------|--------||--------|--------||--------|--------| set
cpu-bind=MASK - n2cn0890, task 948 52 [236970]: mask 0x|--------|--------||--------|--------||--------|--------||----B---|--------||||--------|--------||--------|--------||--------|--------||--------|--------| set
cpu-bind=MASK - n2cn1152, task 1570 34 [241738]: mask 0x|--------|--------||--------|--------||--B-----|--------||--------|--------||||--------|--------||--------|--------||--------|--------||--------|--------| set
cpu-bind=MASK - n2cn0891, task 1062 38 [293902]: mask 0x|--------|--------||--------|--------||------B-|--------||--------|--------||||--------|--------||--------|--------||--------|--------||--------|--------| set
cpu-bind=MASK - n2cn1025, task 1191 39 [146362]: mask 0x|--------|--------||--------|--------||-------B|--------||--------|--------||||--------|--------||--------|--------||--------|--------||--------|--------| set
cpu-bind=MASK - n2cn0181, task 310 54 [212689]: mask 0x|--------|--------||--------|--------||--------|--------||------B-|--------||||--------|--------||--------|--------||--------|--------||--------|--------| set
cpu-bind=MASK - n2cn0179, task 29 29 [212803]: mask 0x|--------|--------||--------|-----B--||--------|--------||--------|--------||||--------|--------||--------|--------||--------|--------||--------|--------| set
cpu-bind=MASK - n2cn1026, task 1339 59 [292085]: mask 0x|--------|--------||--------|--------||--------|--------||--------|---B----||||--------|--------||--------|--------||--------|--------||--------|--------| set
cpu-bind=MASK - n2cn0182, task 422 38 [221896]: mask 0x|--------|--------||--------|--------||------B-|--------||--------|--------||||--------|--------||--------|--------||--------|--------||--------|--------| set
cpu-bind=MASK - n2cn1157, task 1847 55 [2086797]: mask 0x|--------|--------||--------|--------||--------|--------||-------B|--------||||--------|--------||--------|--------||--------|--------||--------|--------| set
cpu-bind=MASK - n2cn1154, task 1711 47 [344384]: mask 0x|--------|--------||--------|--------||--------|-------B||--------|--------||||--------|--------||--------|--------||--------|--------||--------|--------| set
cpu-bind=MASK - n2cn0183, task 563 51 [212806]: mask 0x|--------|--------||--------|--------||--------|--------||---B----|--------||||--------|--------||--------|--------||--------|--------||--------|--------| set
cpu-bind=MASK - n2cn0290, task 676 36 [244678]: mask 0x|--------|--------||--------|--------||----B---|--------||--------|--------||||--------|--------||--------|--------||--------|--------||--------|--------| set
cpu-bind=MASK - n2cn0180, task 181 53 [336766]: mask 0x|--------|--------||--------|--------||--------|--------||-----B--|--------||||--------|--------||--------|--------||--------|--------||--------|--------| set
cpu-bind=MASK - n2cn1152, task 1571 35 [241739]: mask 0x|--------|--------||--------|--------||---B----|--------||--------|--------||||--------|--------||--------|--------||--------|--------||--------|--------| set
cpu-bind=MASK - n2cn0853, task 801 33 [302612]: mask 0x|--------|--------||--------|--------||-B------|--------||--------|--------||||--------|--------||--------|--------||--------|--------||--------|--------| set
cpu-bind=MASK - n2cn0890, task 949 53 [236971]: mask 0x|--------|--------||--------|--------||--------|--------||-----B--|--------||||--------|--------||--------|--------||--------|--------||--------|--------| set
cpu-bind=MASK - n2cn1151, task 1454 46 [265431]: mask 0x|--------|--------||--------|--------||--------|------B-||--------|--------||||--------|--------||--------|--------||--------|--------||--------|--------| set
cpu-bind=MASK - n2cn1193, task 1967 47 [267063]: mask 0x|--------|--------||--------|--------||--------|-------B||--------|--------||||--------|--------||--------|--------||--------|--------||--------|--------| set
cpu-bind=MASK - n2cn0891, task 1063 39 [293903]: mask 0x|--------|--------||--------|--------||-------B|--------||--------|--------||||--------|--------||--------|--------||--------|--------||--------|--------| set
cpu-bind=MASK - n2cn1025, task 1192 40 [146363]: mask 0x|--------|--------||--------|--------||--------|B-------||--------|--------||||--------|--------||--------|--------||--------|--------||--------|--------| set
cpu-bind=MASK - n2cn0181, task 311 55 [212690]: mask 0x|--------|--------||--------|--------||--------|--------||-------B|--------||||--------|--------||--------|--------||--------|--------||--------|--------| set
cpu-bind=MASK - n2cn0182, task 423 39 [221897]: mask 0x|--------|--------||--------|--------||-------B|--------||--------|--------||||--------|--------||--------|--------||--------|--------||--------|--------| set
cpu-bind=MASK - n2cn1026, task 1340 60 [292086]: mask 0x|--------|--------||--------|--------||--------|--------||--------|----B---||||--------|--------||--------|--------||--------|--------||--------|--------| set
cpu-bind=MASK - n2cn1154, task 1712 48 [344385]: mask 0x|--------|--------||--------|--------||--------|--------||B-------|--------||||--------|--------||--------|--------||--------|--------||--------|--------| set
cpu-bind=MASK - n2cn1157, task 1848 56 [2086798]: mask 0x|--------|--------||--------|--------||--------|--------||--------|B-------||||--------|--------||--------|--------||--------|--------||--------|--------| set
cpu-bind=MASK - n2cn0183, task 564 52 [212807]: mask 0x|--------|--------||--------|--------||--------|--------||----B---|--------||||--------|--------||--------|--------||--------|--------||--------|--------| set
cpu-bind=MASK - n2cn0290, task 677 37 [244679]: mask 0x|--------|--------||--------|--------||-----B--|--------||--------|--------||||--------|--------||--------|--------||--------|--------||--------|--------| set
cpu-bind=MASK - n2cn0179, task 30 30 [212804]: mask 0x|--------|--------||--------|------B-||--------|--------||--------|--------||||--------|--------||--------|--------||--------|--------||--------|--------| set
cpu-bind=MASK - n2cn1152, task 1572 36 [241740]: mask 0x|--------|--------||--------|--------||----B---|--------||--------|--------||||--------|--------||--------|--------||--------|--------||--------|--------| set
cpu-bind=MASK - n2cn0890, task 950 54 [236972]: mask 0x|--------|--------||--------|--------||--------|--------||------B-|--------||||--------|--------||--------|--------||--------|--------||--------|--------| set
cpu-bind=MASK - n2cn0180, task 182 54 [336767]: mask 0x|--------|--------||--------|--------||--------|--------||------B-|--------||||--------|--------||--------|--------||--------|--------||--------|--------| set
cpu-bind=MASK - n2cn0853, task 802 34 [302613]: mask 0x|--------|--------||--------|--------||--B-----|--------||--------|--------||||--------|--------||--------|--------||--------|--------||--------|--------| set
cpu-bind=MASK - n2cn1151, task 1455 47 [265432]: mask 0x|--------|--------||--------|--------||--------|-------B||--------|--------||||--------|--------||--------|--------||--------|--------||--------|--------| set
cpu-bind=MASK - n2cn1193, task 1968 48 [267064]: mask 0x|--------|--------||--------|--------||--------|--------||B-------|--------||||--------|--------||--------|--------||--------|--------||--------|--------| set
cpu-bind=MASK - n2cn0891, task 1064 40 [293904]: mask 0x|--------|--------||--------|--------||--------|B-------||--------|--------||||--------|--------||--------|--------||--------|--------||--------|--------| set
cpu-bind=MASK - n2cn1025, task 1193 41 [146364]: mask 0x|--------|--------||--------|--------||--------|-B------||--------|--------||||--------|--------||--------|--------||--------|--------||--------|--------| set
cpu-bind=MASK - n2cn0181, task 312 56 [212691]: mask 0x|--------|--------||--------|--------||--------|--------||--------|B-------||||--------|--------||--------|--------||--------|--------||--------|--------| set
cpu-bind=MASK - n2cn0182, task 424 40 [221898]: mask 0x|--------|--------||--------|--------||--------|B-------||--------|--------||||--------|--------||--------|--------||--------|--------||--------|--------| set
cpu-bind=MASK - n2cn1026, task 1341 61 [292087]: mask 0x|--------|--------||--------|--------||--------|--------||--------|-----B--||||--------|--------||--------|--------||--------|--------||--------|--------| set
cpu-bind=MASK - n2cn1157, task 1849 57 [2086799]: mask 0x|--------|--------||--------|--------||--------|--------||--------|-B------||||--------|--------||--------|--------||--------|--------||--------|--------| set
cpu-bind=MASK - n2cn1154, task 1713 49 [344386]: mask 0x|--------|--------||--------|--------||--------|--------||-B------|--------||||--------|--------||--------|--------||--------|--------||--------|--------| set
cpu-bind=MASK - n2cn0183, task 565 53 [212808]: mask 0x|--------|--------||--------|--------||--------|--------||-----B--|--------||||--------|--------||--------|--------||--------|--------||--------|--------| set
cpu-bind=MASK - n2cn1152, task 1573 37 [241741]: mask 0x|--------|--------||--------|--------||-----B--|--------||--------|--------||||--------|--------||--------|--------||--------|--------||--------|--------| set
cpu-bind=MASK - n2cn0290, task 678 38 [244680]: mask 0x|--------|--------||--------|--------||------B-|--------||--------|--------||||--------|--------||--------|--------||--------|--------||--------|--------| set
cpu-bind=MASK - n2cn0180, task 183 55 [336768]: mask 0x|--------|--------||--------|--------||--------|--------||-------B|--------||||--------|--------||--------|--------||--------|--------||--------|--------| set
cpu-bind=MASK - n2cn0179, task 31 31 [212805]: mask 0x|--------|--------||--------|-------B||--------|--------||--------|--------||||--------|--------||--------|--------||--------|--------||--------|--------| set
cpu-bind=MASK - n2cn0890, task 951 55 [236973]: mask 0x|--------|--------||--------|--------||--------|--------||-------B|--------||||--------|--------||--------|--------||--------|--------||--------|--------| set
cpu-bind=MASK - n2cn0853, task 803 35 [302614]: mask 0x|--------|--------||--------|--------||---B----|--------||--------|--------||||--------|--------||--------|--------||--------|--------||--------|--------| set
cpu-bind=MASK - n2cn0891, task 1065 41 [293905]: mask 0x|--------|--------||--------|--------||--------|-B------||--------|--------||||--------|--------||--------|--------||--------|--------||--------|--------| set
cpu-bind=MASK - n2cn0181, task 313 57 [212692]: mask 0x|--------|--------||--------|--------||--------|--------||--------|-B------||||--------|--------||--------|--------||--------|--------||--------|--------| set
cpu-bind=MASK - n2cn1025, task 1194 42 [146365]: mask 0x|--------|--------||--------|--------||--------|--B-----||--------|--------||||--------|--------||--------|--------||--------|--------||--------|--------| set
cpu-bind=MASK - n2cn1151, task 1456 48 [265433]: mask 0x|--------|--------||--------|--------||--------|--------||B-------|--------||||--------|--------||--------|--------||--------|--------||--------|--------| set
cpu-bind=MASK - n2cn1193, task 1969 49 [267065]: mask 0x|--------|--------||--------|--------||--------|--------||-B------|--------||||--------|--------||--------|--------||--------|--------||--------|--------| set
cpu-bind=MASK - n2cn0182, task 425 41 [221899]: mask 0x|--------|--------||--------|--------||--------|-B------||--------|--------||||--------|--------||--------|--------||--------|--------||--------|--------| set
cpu-bind=MASK - n2cn1026, task 1342 62 [292088]: mask 0x|--------|--------||--------|--------||--------|--------||--------|------B-||||--------|--------||--------|--------||--------|--------||--------|--------| set
cpu-bind=MASK - n2cn1152, task 1574 38 [241742]: mask 0x|--------|--------||--------|--------||------B-|--------||--------|--------||||--------|--------||--------|--------||--------|--------||--------|--------| set
cpu-bind=MASK - n2cn1154, task 1714 50 [344387]: mask 0x|--------|--------||--------|--------||--------|--------||--B-----|--------||||--------|--------||--------|--------||--------|--------||--------|--------| set
cpu-bind=MASK - n2cn0890, task 952 56 [236974]: mask 0x|--------|--------||--------|--------||--------|--------||--------|B-------||||--------|--------||--------|--------||--------|--------||--------|--------| set
cpu-bind=MASK - n2cn0180, task 184 56 [336769]: mask 0x|--------|--------||--------|--------||--------|--------||--------|B-------||||--------|--------||--------|--------||--------|--------||--------|--------| set
cpu-bind=MASK - n2cn0290, task 679 39 [244681]: mask 0x|--------|--------||--------|--------||-------B|--------||--------|--------||||--------|--------||--------|--------||--------|--------||--------|--------| set
cpu-bind=MASK - n2cn0179, task 32 32 [212806]: mask 0x|--------|--------||--------|--------||B-------|--------||--------|--------||||--------|--------||--------|--------||--------|--------||--------|--------| set
cpu-bind=MASK - n2cn0853, task 804 36 [302615]: mask 0x|--------|--------||--------|--------||----B---|--------||--------|--------||||--------|--------||--------|--------||--------|--------||--------|--------| set
cpu-bind=MASK - n2cn1157, task 1850 58 [2086800]: mask 0x|--------|--------||--------|--------||--------|--------||--------|--B-----||||--------|--------||--------|--------||--------|--------||--------|--------| set
cpu-bind=MASK - n2cn0891, task 1066 42 [293906]: mask 0x|--------|--------||--------|--------||--------|--B-----||--------|--------||||--------|--------||--------|--------||--------|--------||--------|--------| set
cpu-bind=MASK - n2cn0181, task 314 58 [212693]: mask 0x|--------|--------||--------|--------||--------|--------||--------|--B-----||||--------|--------||--------|--------||--------|--------||--------|--------| set
cpu-bind=MASK - n2cn1025, task 1195 43 [146366]: mask 0x|--------|--------||--------|--------||--------|---B----||--------|--------||||--------|--------||--------|--------||--------|--------||--------|--------| set
cpu-bind=MASK - n2cn1151, task 1457 49 [265434]: mask 0x|--------|--------||--------|--------||--------|--------||-B------|--------||||--------|--------||--------|--------||--------|--------||--------|--------| set
cpu-bind=MASK - n2cn0183, task 566 54 [212809]: mask 0x|--------|--------||--------|--------||--------|--------||------B-|--------||||--------|--------||--------|--------||--------|--------||--------|--------| set
cpu-bind=MASK - n2cn1193, task 1970 50 [267066]: mask 0x|--------|--------||--------|--------||--------|--------||--B-----|--------||||--------|--------||--------|--------||--------|--------||--------|--------| set
cpu-bind=MASK - n2cn0182, task 426 42 [221900]: mask 0x|--------|--------||--------|--------||--------|--B-----||--------|--------||||--------|--------||--------|--------||--------|--------||--------|--------| set
cpu-bind=MASK - n2cn1152, task 1575 39 [241743]: mask 0x|--------|--------||--------|--------||-------B|--------||--------|--------||||--------|--------||--------|--------||--------|--------||--------|--------| set
cpu-bind=MASK - n2cn1154, task 1715 51 [344388]: mask 0x|--------|--------||--------|--------||--------|--------||---B----|--------||||--------|--------||--------|--------||--------|--------||--------|--------| set
cpu-bind=MASK - n2cn0890, task 953 57 [236975]: mask 0x|--------|--------||--------|--------||--------|--------||--------|-B------||||--------|--------||--------|--------||--------|--------||--------|--------| set
cpu-bind=MASK - n2cn1026, task 1343 63 [292089]: mask 0x|--------|--------||--------|--------||--------|--------||--------|-------B||||--------|--------||--------|--------||--------|--------||--------|--------| set
cpu-bind=MASK - n2cn0290, task 680 40 [244682]: mask 0x|--------|--------||--------|--------||--------|B-------||--------|--------||||--------|--------||--------|--------||--------|--------||--------|--------| set
cpu-bind=MASK - n2cn0181, task 315 59 [212694]: mask 0x|--------|--------||--------|--------||--------|--------||--------|---B----||||--------|--------||--------|--------||--------|--------||--------|--------| set
cpu-bind=MASK - n2cn0179, task 33 33 [212807]: mask 0x|--------|--------||--------|--------||-B------|--------||--------|--------||||--------|--------||--------|--------||--------|--------||--------|--------| set
cpu-bind=MASK - n2cn0891, task 1067 43 [293907]: mask 0x|--------|--------||--------|--------||--------|---B----||--------|--------||||--------|--------||--------|--------||--------|--------||--------|--------| set
cpu-bind=MASK - n2cn0853, task 805 37 [302616]: mask 0x|--------|--------||--------|--------||-----B--|--------||--------|--------||||--------|--------||--------|--------||--------|--------||--------|--------| set
cpu-bind=MASK - n2cn0180, task 185 57 [336770]: mask 0x|--------|--------||--------|--------||--------|--------||--------|-B------||||--------|--------||--------|--------||--------|--------||--------|--------| set
cpu-bind=MASK - n2cn1157, task 1851 59 [2086801]: mask 0x|--------|--------||--------|--------||--------|--------||--------|---B----||||--------|--------||--------|--------||--------|--------||--------|--------| set
cpu-bind=MASK - n2cn1025, task 1196 44 [146367]: mask 0x|--------|--------||--------|--------||--------|----B---||--------|--------||||--------|--------||--------|--------||--------|--------||--------|--------| set
cpu-bind=MASK - n2cn1151, task 1458 50 [265435]: mask 0x|--------|--------||--------|--------||--------|--------||--B-----|--------||||--------|--------||--------|--------||--------|--------||--------|--------| set
cpu-bind=MASK - n2cn0183, task 567 55 [212810]: mask 0x|--------|--------||--------|--------||--------|--------||-------B|--------||||--------|--------||--------|--------||--------|--------||--------|--------| set
cpu-bind=MASK - n2cn1193, task 1971 51 [267067]: mask 0x|--------|--------||--------|--------||--------|--------||---B----|--------||||--------|--------||--------|--------||--------|--------||--------|--------| set
cpu-bind=MASK - n2cn1154, task 1716 52 [344389]: mask 0x|--------|--------||--------|--------||--------|--------||----B---|--------||||--------|--------||--------|--------||--------|--------||--------|--------| set
cpu-bind=MASK - n2cn1152, task 1576 40 [241744]: mask 0x|--------|--------||--------|--------||--------|B-------||--------|--------||||--------|--------||--------|--------||--------|--------||--------|--------| set
cpu-bind=MASK - n2cn1026, task 1344 64 [292090]: mask 0x|--------|--------||--------|--------||--------|--------||--------|--------||||B-------|--------||--------|--------||--------|--------||--------|--------| set
cpu-bind=MASK - n2cn0890, task 954 58 [236976]: mask 0x|--------|--------||--------|--------||--------|--------||--------|--B-----||||--------|--------||--------|--------||--------|--------||--------|--------| set
cpu-bind=MASK - n2cn0290, task 681 41 [244683]: mask 0x|--------|--------||--------|--------||--------|-B------||--------|--------||||--------|--------||--------|--------||--------|--------||--------|--------| set
cpu-bind=MASK - n2cn0181, task 316 60 [212695]: mask 0x|--------|--------||--------|--------||--------|--------||--------|----B---||||--------|--------||--------|--------||--------|--------||--------|--------| set
cpu-bind=MASK - n2cn0891, task 1068 44 [293908]: mask 0x|--------|--------||--------|--------||--------|----B---||--------|--------||||--------|--------||--------|--------||--------|--------||--------|--------| set
cpu-bind=MASK - n2cn0179, task 34 34 [212808]: mask 0x|--------|--------||--------|--------||--B-----|--------||--------|--------||||--------|--------||--------|--------||--------|--------||--------|--------| set
cpu-bind=MASK - n2cn0180, task 186 58 [336771]: mask 0x|--------|--------||--------|--------||--------|--------||--------|--B-----||||--------|--------||--------|--------||--------|--------||--------|--------| set
cpu-bind=MASK - n2cn1157, task 1852 60 [2086802]: mask 0x|--------|--------||--------|--------||--------|--------||--------|----B---||||--------|--------||--------|--------||--------|--------||--------|--------| set
cpu-bind=MASK - n2cn1025, task 1197 45 [146368]: mask 0x|--------|--------||--------|--------||--------|-----B--||--------|--------||||--------|--------||--------|--------||--------|--------||--------|--------| set
cpu-bind=MASK - n2cn0853, task 806 38 [302617]: mask 0x|--------|--------||--------|--------||------B-|--------||--------|--------||||--------|--------||--------|--------||--------|--------||--------|--------| set
cpu-bind=MASK - n2cn1151, task 1459 51 [265436]: mask 0x|--------|--------||--------|--------||--------|--------||---B----|--------||||--------|--------||--------|--------||--------|--------||--------|--------| set
cpu-bind=MASK - n2cn0182, task 427 43 [221901]: mask 0x|--------|--------||--------|--------||--------|---B----||--------|--------||||--------|--------||--------|--------||--------|--------||--------|--------| set
cpu-bind=MASK - n2cn1193, task 1972 52 [267068]: mask 0x|--------|--------||--------|--------||--------|--------||----B---|--------||||--------|--------||--------|--------||--------|--------||--------|--------| set
cpu-bind=MASK - n2cn0183, task 568 56 [212811]: mask 0x|--------|--------||--------|--------||--------|--------||--------|B-------||||--------|--------||--------|--------||--------|--------||--------|--------| set
cpu-bind=MASK - n2cn1152, task 1577 41 [241745]: mask 0x|--------|--------||--------|--------||--------|-B------||--------|--------||||--------|--------||--------|--------||--------|--------||--------|--------| set
cpu-bind=MASK - n2cn1154, task 1717 53 [344390]: mask 0x|--------|--------||--------|--------||--------|--------||-----B--|--------||||--------|--------||--------|--------||--------|--------||--------|--------| set
cpu-bind=MASK - n2cn1026, task 1345 65 [292091]: mask 0x|--------|--------||--------|--------||--------|--------||--------|--------||||-B------|--------||--------|--------||--------|--------||--------|--------| set
cpu-bind=MASK - n2cn0181, task 317 61 [212696]: mask 0x|--------|--------||--------|--------||--------|--------||--------|-----B--||||--------|--------||--------|--------||--------|--------||--------|--------| set
cpu-bind=MASK - n2cn0890, task 955 59 [236977]: mask 0x|--------|--------||--------|--------||--------|--------||--------|---B----||||--------|--------||--------|--------||--------|--------||--------|--------| set
cpu-bind=MASK - n2cn0290, task 682 42 [244684]: mask 0x|--------|--------||--------|--------||--------|--B-----||--------|--------||||--------|--------||--------|--------||--------|--------||--------|--------| set
cpu-bind=MASK - n2cn0180, task 187 59 [336772]: mask 0x|--------|--------||--------|--------||--------|--------||--------|---B----||||--------|--------||--------|--------||--------|--------||--------|--------| set
cpu-bind=MASK - n2cn1157, task 1853 61 [2086803]: mask 0x|--------|--------||--------|--------||--------|--------||--------|-----B--||||--------|--------||--------|--------||--------|--------||--------|--------| set
cpu-bind=MASK - n2cn1025, task 1198 46 [146369]: mask 0x|--------|--------||--------|--------||--------|------B-||--------|--------||||--------|--------||--------|--------||--------|--------||--------|--------| set
cpu-bind=MASK - n2cn0853, task 807 39 [302618]: mask 0x|--------|--------||--------|--------||-------B|--------||--------|--------||||--------|--------||--------|--------||--------|--------||--------|--------| set
cpu-bind=MASK - n2cn0182, task 428 44 [221902]: mask 0x|--------|--------||--------|--------||--------|----B---||--------|--------||||--------|--------||--------|--------||--------|--------||--------|--------| set
cpu-bind=MASK - n2cn1193, task 1973 53 [267069]: mask 0x|--------|--------||--------|--------||--------|--------||-----B--|--------||||--------|--------||--------|--------||--------|--------||--------|--------| set
cpu-bind=MASK - n2cn0179, task 35 35 [212809]: mask 0x|--------|--------||--------|--------||---B----|--------||--------|--------||||--------|--------||--------|--------||--------|--------||--------|--------| set
cpu-bind=MASK - n2cn0891, task 1069 45 [293909]: mask 0x|--------|--------||--------|--------||--------|-----B--||--------|--------||||--------|--------||--------|--------||--------|--------||--------|--------| set
cpu-bind=MASK - n2cn0183, task 569 57 [212812]: mask 0x|--------|--------||--------|--------||--------|--------||--------|-B------||||--------|--------||--------|--------||--------|--------||--------|--------| set
cpu-bind=MASK - n2cn1151, task 1460 52 [265437]: mask 0x|--------|--------||--------|--------||--------|--------||----B---|--------||||--------|--------||--------|--------||--------|--------||--------|--------| set
cpu-bind=MASK - n2cn1152, task 1578 42 [241746]: mask 0x|--------|--------||--------|--------||--------|--B-----||--------|--------||||--------|--------||--------|--------||--------|--------||--------|--------| set
cpu-bind=MASK - n2cn1154, task 1718 54 [344391]: mask 0x|--------|--------||--------|--------||--------|--------||------B-|--------||||--------|--------||--------|--------||--------|--------||--------|--------| set
cpu-bind=MASK - n2cn0181, task 318 62 [212697]: mask 0x|--------|--------||--------|--------||--------|--------||--------|------B-||||--------|--------||--------|--------||--------|--------||--------|--------| set
cpu-bind=MASK - n2cn1026, task 1346 66 [292092]: mask 0x|--------|--------||--------|--------||--------|--------||--------|--------||||--B-----|--------||--------|--------||--------|--------||--------|--------| set
cpu-bind=MASK - n2cn0890, task 956 60 [236978]: mask 0x|--------|--------||--------|--------||--------|--------||--------|----B---||||--------|--------||--------|--------||--------|--------||--------|--------| set
cpu-bind=MASK - n2cn0290, task 683 43 [244685]: mask 0x|--------|--------||--------|--------||--------|---B----||--------|--------||||--------|--------||--------|--------||--------|--------||--------|--------| set
cpu-bind=MASK - n2cn0180, task 188 60 [336773]: mask 0x|--------|--------||--------|--------||--------|--------||--------|----B---||||--------|--------||--------|--------||--------|--------||--------|--------| set
cpu-bind=MASK - n2cn1025, task 1199 47 [146370]: mask 0x|--------|--------||--------|--------||--------|-------B||--------|--------||||--------|--------||--------|--------||--------|--------||--------|--------| set
cpu-bind=MASK - n2cn1157, task 1854 62 [2086804]: mask 0x|--------|--------||--------|--------||--------|--------||--------|------B-||||--------|--------||--------|--------||--------|--------||--------|--------| set
cpu-bind=MASK - n2cn0182, task 429 45 [221903]: mask 0x|--------|--------||--------|--------||--------|-----B--||--------|--------||||--------|--------||--------|--------||--------|--------||--------|--------| set
cpu-bind=MASK - n2cn0179, task 36 36 [212810]: mask 0x|--------|--------||--------|--------||----B---|--------||--------|--------||||--------|--------||--------|--------||--------|--------||--------|--------| set
cpu-bind=MASK - n2cn0891, task 1070 46 [293910]: mask 0x|--------|--------||--------|--------||--------|------B-||--------|--------||||--------|--------||--------|--------||--------|--------||--------|--------| set
cpu-bind=MASK - n2cn0183, task 570 58 [212813]: mask 0x|--------|--------||--------|--------||--------|--------||--------|--B-----||||--------|--------||--------|--------||--------|--------||--------|--------| set
cpu-bind=MASK - n2cn1193, task 1974 54 [267070]: mask 0x|--------|--------||--------|--------||--------|--------||------B-|--------||||--------|--------||--------|--------||--------|--------||--------|--------| set
cpu-bind=MASK - n2cn1151, task 1461 53 [265438]: mask 0x|--------|--------||--------|--------||--------|--------||-----B--|--------||||--------|--------||--------|--------||--------|--------||--------|--------| set
cpu-bind=MASK - n2cn0853, task 808 40 [302619]: mask 0x|--------|--------||--------|--------||--------|B-------||--------|--------||||--------|--------||--------|--------||--------|--------||--------|--------| set
cpu-bind=MASK - n2cn0181, task 319 63 [212698]: mask 0x|--------|--------||--------|--------||--------|--------||--------|-------B||||--------|--------||--------|--------||--------|--------||--------|--------| set
cpu-bind=MASK - n2cn1152, task 1579 43 [241747]: mask 0x|--------|--------||--------|--------||--------|---B----||--------|--------||||--------|--------||--------|--------||--------|--------||--------|--------| set
cpu-bind=MASK - n2cn1154, task 1719 55 [344392]: mask 0x|--------|--------||--------|--------||--------|--------||-------B|--------||||--------|--------||--------|--------||--------|--------||--------|--------| set
cpu-bind=MASK - n2cn1026, task 1347 67 [292093]: mask 0x|--------|--------||--------|--------||--------|--------||--------|--------||||---B----|--------||--------|--------||--------|--------||--------|--------| set
cpu-bind=MASK - n2cn0890, task 957 61 [236979]: mask 0x|--------|--------||--------|--------||--------|--------||--------|-----B--||||--------|--------||--------|--------||--------|--------||--------|--------| set
cpu-bind=MASK - n2cn0180, task 189 61 [336774]: mask 0x|--------|--------||--------|--------||--------|--------||--------|-----B--||||--------|--------||--------|--------||--------|--------||--------|--------| set
cpu-bind=MASK - n2cn0290, task 684 44 [244686]: mask 0x|--------|--------||--------|--------||--------|----B---||--------|--------||||--------|--------||--------|--------||--------|--------||--------|--------| set
cpu-bind=MASK - n2cn1025, task 1200 48 [146371]: mask 0x|--------|--------||--------|--------||--------|--------||B-------|--------||||--------|--------||--------|--------||--------|--------||--------|--------| set
cpu-bind=MASK - n2cn0182, task 430 46 [221904]: mask 0x|--------|--------||--------|--------||--------|------B-||--------|--------||||--------|--------||--------|--------||--------|--------||--------|--------| set
cpu-bind=MASK - n2cn1157, task 1855 63 [2086805]: mask 0x|--------|--------||--------|--------||--------|--------||--------|-------B||||--------|--------||--------|--------||--------|--------||--------|--------| set
cpu-bind=MASK - n2cn0179, task 37 37 [212811]: mask 0x|--------|--------||--------|--------||-----B--|--------||--------|--------||||--------|--------||--------|--------||--------|--------||--------|--------| set
cpu-bind=MASK - n2cn0891, task 1071 47 [293911]: mask 0x|--------|--------||--------|--------||--------|-------B||--------|--------||||--------|--------||--------|--------||--------|--------||--------|--------| set
cpu-bind=MASK - n2cn0183, task 571 59 [212814]: mask 0x|--------|--------||--------|--------||--------|--------||--------|---B----||||--------|--------||--------|--------||--------|--------||--------|--------| set
cpu-bind=MASK - n2cn1193, task 1975 55 [267071]: mask 0x|--------|--------||--------|--------||--------|--------||-------B|--------||||--------|--------||--------|--------||--------|--------||--------|--------| set
cpu-bind=MASK - n2cn0853, task 809 41 [302620]: mask 0x|--------|--------||--------|--------||--------|-B------||--------|--------||||--------|--------||--------|--------||--------|--------||--------|--------| set
cpu-bind=MASK - n2cn0181, task 320 64 [212699]: mask 0x|--------|--------||--------|--------||--------|--------||--------|--------||||B-------|--------||--------|--------||--------|--------||--------|--------| set
cpu-bind=MASK - n2cn1151, task 1462 54 [265439]: mask 0x|--------|--------||--------|--------||--------|--------||------B-|--------||||--------|--------||--------|--------||--------|--------||--------|--------| set
cpu-bind=MASK - n2cn1154, task 1720 56 [344393]: mask 0x|--------|--------||--------|--------||--------|--------||--------|B-------||||--------|--------||--------|--------||--------|--------||--------|--------| set
cpu-bind=MASK - n2cn1152, task 1580 44 [241748]: mask 0x|--------|--------||--------|--------||--------|----B---||--------|--------||||--------|--------||--------|--------||--------|--------||--------|--------| set
cpu-bind=MASK - n2cn0890, task 958 62 [236980]: mask 0x|--------|--------||--------|--------||--------|--------||--------|------B-||||--------|--------||--------|--------||--------|--------||--------|--------| set
cpu-bind=MASK - n2cn1026, task 1348 68 [292094]: mask 0x|--------|--------||--------|--------||--------|--------||--------|--------||||----B---|--------||--------|--------||--------|--------||--------|--------| set
cpu-bind=MASK - n2cn0180, task 190 62 [336775]: mask 0x|--------|--------||--------|--------||--------|--------||--------|------B-||||--------|--------||--------|--------||--------|--------||--------|--------| set
cpu-bind=MASK - n2cn0290, task 685 45 [244687]: mask 0x|--------|--------||--------|--------||--------|-----B--||--------|--------||||--------|--------||--------|--------||--------|--------||--------|--------| set
cpu-bind=MASK - n2cn1025, task 1201 49 [146372]: mask 0x|--------|--------||--------|--------||--------|--------||-B------|--------||||--------|--------||--------|--------||--------|--------||--------|--------| set
cpu-bind=MASK - n2cn0182, task 431 47 [221905]: mask 0x|--------|--------||--------|--------||--------|-------B||--------|--------||||--------|--------||--------|--------||--------|--------||--------|--------| set
cpu-bind=MASK - n2cn1157, task 1856 64 [2086806]: mask 0x|--------|--------||--------|--------||--------|--------||--------|--------||||B-------|--------||--------|--------||--------|--------||--------|--------| set
cpu-bind=MASK - n2cn0183, task 572 60 [212815]: mask 0x|--------|--------||--------|--------||--------|--------||--------|----B---||||--------|--------||--------|--------||--------|--------||--------|--------| set
cpu-bind=MASK - n2cn0179, task 38 38 [212812]: mask 0x|--------|--------||--------|--------||------B-|--------||--------|--------||||--------|--------||--------|--------||--------|--------||--------|--------| set
cpu-bind=MASK - n2cn1193, task 1976 56 [267072]: mask 0x|--------|--------||--------|--------||--------|--------||--------|B-------||||--------|--------||--------|--------||--------|--------||--------|--------| set
cpu-bind=MASK - n2cn0853, task 810 42 [302621]: mask 0x|--------|--------||--------|--------||--------|--B-----||--------|--------||||--------|--------||--------|--------||--------|--------||--------|--------| set
cpu-bind=MASK - n2cn0891, task 1072 48 [293912]: mask 0x|--------|--------||--------|--------||--------|--------||B-------|--------||||--------|--------||--------|--------||--------|--------||--------|--------| set
cpu-bind=MASK - n2cn0181, task 321 65 [212700]: mask 0x|--------|--------||--------|--------||--------|--------||--------|--------||||-B------|--------||--------|--------||--------|--------||--------|--------| set
cpu-bind=MASK - n2cn1026, task 1349 69 [292095]: mask 0x|--------|--------||--------|--------||--------|--------||--------|--------||||-----B--|--------||--------|--------||--------|--------||--------|--------| set
cpu-bind=MASK - n2cn1154, task 1721 57 [344394]: mask 0x|--------|--------||--------|--------||--------|--------||--------|-B------||||--------|--------||--------|--------||--------|--------||--------|--------| set
cpu-bind=MASK - n2cn1152, task 1581 45 [241749]: mask 0x|--------|--------||--------|--------||--------|-----B--||--------|--------||||--------|--------||--------|--------||--------|--------||--------|--------| set
cpu-bind=MASK - n2cn0890, task 959 63 [236981]: mask 0x|--------|--------||--------|--------||--------|--------||--------|-------B||||--------|--------||--------|--------||--------|--------||--------|--------| set
cpu-bind=MASK - n2cn1151, task 1463 55 [265440]: mask 0x|--------|--------||--------|--------||--------|--------||-------B|--------||||--------|--------||--------|--------||--------|--------||--------|--------| set
cpu-bind=MASK - n2cn1025, task 1202 50 [146373]: mask 0x|--------|--------||--------|--------||--------|--------||--B-----|--------||||--------|--------||--------|--------||--------|--------||--------|--------| set
cpu-bind=MASK - n2cn0290, task 686 46 [244688]: mask 0x|--------|--------||--------|--------||--------|------B-||--------|--------||||--------|--------||--------|--------||--------|--------||--------|--------| set
cpu-bind=MASK - n2cn0180, task 191 63 [336776]: mask 0x|--------|--------||--------|--------||--------|--------||--------|-------B||||--------|--------||--------|--------||--------|--------||--------|--------| set
cpu-bind=MASK - n2cn0182, task 432 48 [221906]: mask 0x|--------|--------||--------|--------||--------|--------||B-------|--------||||--------|--------||--------|--------||--------|--------||--------|--------| set
cpu-bind=MASK - n2cn0183, task 573 61 [212816]: mask 0x|--------|--------||--------|--------||--------|--------||--------|-----B--||||--------|--------||--------|--------||--------|--------||--------|--------| set
cpu-bind=MASK - n2cn1193, task 1977 57 [267073]: mask 0x|--------|--------||--------|--------||--------|--------||--------|-B------||||--------|--------||--------|--------||--------|--------||--------|--------| set
cpu-bind=MASK - n2cn0179, task 39 39 [212813]: mask 0x|--------|--------||--------|--------||-------B|--------||--------|--------||||--------|--------||--------|--------||--------|--------||--------|--------| set
cpu-bind=MASK - n2cn1157, task 1857 65 [2086807]: mask 0x|--------|--------||--------|--------||--------|--------||--------|--------||||-B------|--------||--------|--------||--------|--------||--------|--------| set
cpu-bind=MASK - n2cn0181, task 322 66 [212701]: mask 0x|--------|--------||--------|--------||--------|--------||--------|--------||||--B-----|--------||--------|--------||--------|--------||--------|--------| set
cpu-bind=MASK - n2cn0853, task 811 43 [302622]: mask 0x|--------|--------||--------|--------||--------|---B----||--------|--------||||--------|--------||--------|--------||--------|--------||--------|--------| set
cpu-bind=MASK - n2cn1026, task 1350 70 [292096]: mask 0x|--------|--------||--------|--------||--------|--------||--------|--------||||------B-|--------||--------|--------||--------|--------||--------|--------| set
cpu-bind=MASK - n2cn0891, task 1073 49 [293913]: mask 0x|--------|--------||--------|--------||--------|--------||-B------|--------||||--------|--------||--------|--------||--------|--------||--------|--------| set
cpu-bind=MASK - n2cn1154, task 1722 58 [344395]: mask 0x|--------|--------||--------|--------||--------|--------||--------|--B-----||||--------|--------||--------|--------||--------|--------||--------|--------| set
cpu-bind=MASK - n2cn1152, task 1582 46 [241750]: mask 0x|--------|--------||--------|--------||--------|------B-||--------|--------||||--------|--------||--------|--------||--------|--------||--------|--------| set
cpu-bind=MASK - n2cn0890, task 960 64 [236982]: mask 0x|--------|--------||--------|--------||--------|--------||--------|--------||||B-------|--------||--------|--------||--------|--------||--------|--------| set
cpu-bind=MASK - n2cn1151, task 1464 56 [265441]: mask 0x|--------|--------||--------|--------||--------|--------||--------|B-------||||--------|--------||--------|--------||--------|--------||--------|--------| set
cpu-bind=MASK - n2cn0180, task 192 64 [336777]: mask 0x|--------|--------||--------|--------||--------|--------||--------|--------||||B-------|--------||--------|--------||--------|--------||--------|--------| set
cpu-bind=MASK - n2cn0290, task 687 47 [244689]: mask 0x|--------|--------||--------|--------||--------|-------B||--------|--------||||--------|--------||--------|--------||--------|--------||--------|--------| set
cpu-bind=MASK - n2cn1025, task 1203 51 [146374]: mask 0x|--------|--------||--------|--------||--------|--------||---B----|--------||||--------|--------||--------|--------||--------|--------||--------|--------| set
cpu-bind=MASK - n2cn0183, task 574 62 [212817]: mask 0x|--------|--------||--------|--------||--------|--------||--------|------B-||||--------|--------||--------|--------||--------|--------||--------|--------| set
cpu-bind=MASK - n2cn0179, task 40 40 [212814]: mask 0x|--------|--------||--------|--------||--------|B-------||--------|--------||||--------|--------||--------|--------||--------|--------||--------|--------| set
cpu-bind=MASK - n2cn0181, task 323 67 [212702]: mask 0x|--------|--------||--------|--------||--------|--------||--------|--------||||---B----|--------||--------|--------||--------|--------||--------|--------| set
cpu-bind=MASK - n2cn1157, task 1858 66 [2086808]: mask 0x|--------|--------||--------|--------||--------|--------||--------|--------||||--B-----|--------||--------|--------||--------|--------||--------|--------| set
cpu-bind=MASK - n2cn1193, task 1978 58 [267074]: mask 0x|--------|--------||--------|--------||--------|--------||--------|--B-----||||--------|--------||--------|--------||--------|--------||--------|--------| set
cpu-bind=MASK - n2cn0853, task 812 44 [302623]: mask 0x|--------|--------||--------|--------||--------|----B---||--------|--------||||--------|--------||--------|--------||--------|--------||--------|--------| set
cpu-bind=MASK - n2cn1026, task 1351 71 [292097]: mask 0x|--------|--------||--------|--------||--------|--------||--------|--------||||-------B|--------||--------|--------||--------|--------||--------|--------| set
cpu-bind=MASK - n2cn0891, task 1074 50 [293914]: mask 0x|--------|--------||--------|--------||--------|--------||--B-----|--------||||--------|--------||--------|--------||--------|--------||--------|--------| set
cpu-bind=MASK - n2cn0890, task 961 65 [236983]: mask 0x|--------|--------||--------|--------||--------|--------||--------|--------||||-B------|--------||--------|--------||--------|--------||--------|--------| set
cpu-bind=MASK - n2cn1154, task 1723 59 [344396]: mask 0x|--------|--------||--------|--------||--------|--------||--------|---B----||||--------|--------||--------|--------||--------|--------||--------|--------| set
cpu-bind=MASK - n2cn1152, task 1583 47 [241751]: mask 0x|--------|--------||--------|--------||--------|-------B||--------|--------||||--------|--------||--------|--------||--------|--------||--------|--------| set
cpu-bind=MASK - n2cn0182, task 433 49 [221907]: mask 0x|--------|--------||--------|--------||--------|--------||-B------|--------||||--------|--------||--------|--------||--------|--------||--------|--------| set
cpu-bind=MASK - n2cn1151, task 1465 57 [265442]: mask 0x|--------|--------||--------|--------||--------|--------||--------|-B------||||--------|--------||--------|--------||--------|--------||--------|--------| set
cpu-bind=MASK - n2cn0180, task 193 65 [336778]: mask 0x|--------|--------||--------|--------||--------|--------||--------|--------||||-B------|--------||--------|--------||--------|--------||--------|--------| set
cpu-bind=MASK - n2cn1025, task 1204 52 [146375]: mask 0x|--------|--------||--------|--------||--------|--------||----B---|--------||||--------|--------||--------|--------||--------|--------||--------|--------| set
cpu-bind=MASK - n2cn0183, task 575 63 [212818]: mask 0x|--------|--------||--------|--------||--------|--------||--------|-------B||||--------|--------||--------|--------||--------|--------||--------|--------| set
cpu-bind=MASK - n2cn0290, task 688 48 [244690]: mask 0x|--------|--------||--------|--------||--------|--------||B-------|--------||||--------|--------||--------|--------||--------|--------||--------|--------| set
cpu-bind=MASK - n2cn0181, task 324 68 [212703]: mask 0x|--------|--------||--------|--------||--------|--------||--------|--------||||----B---|--------||--------|--------||--------|--------||--------|--------| set
cpu-bind=MASK - n2cn0179, task 41 41 [212815]: mask 0x|--------|--------||--------|--------||--------|-B------||--------|--------||||--------|--------||--------|--------||--------|--------||--------|--------| set
cpu-bind=MASK - n2cn1026, task 1352 72 [292098]: mask 0x|--------|--------||--------|--------||--------|--------||--------|--------||||--------|B-------||--------|--------||--------|--------||--------|--------| set
cpu-bind=MASK - n2cn1193, task 1979 59 [267075]: mask 0x|--------|--------||--------|--------||--------|--------||--------|---B----||||--------|--------||--------|--------||--------|--------||--------|--------| set
cpu-bind=MASK - n2cn1157, task 1859 67 [2086809]: mask 0x|--------|--------||--------|--------||--------|--------||--------|--------||||---B----|--------||--------|--------||--------|--------||--------|--------| set
cpu-bind=MASK - n2cn0853, task 813 45 [302624]: mask 0x|--------|--------||--------|--------||--------|-----B--||--------|--------||||--------|--------||--------|--------||--------|--------||--------|--------| set
cpu-bind=MASK - n2cn0891, task 1075 51 [293915]: mask 0x|--------|--------||--------|--------||--------|--------||---B----|--------||||--------|--------||--------|--------||--------|--------||--------|--------| set
cpu-bind=MASK - n2cn0890, task 962 66 [236984]: mask 0x|--------|--------||--------|--------||--------|--------||--------|--------||||--B-----|--------||--------|--------||--------|--------||--------|--------| set
cpu-bind=MASK - n2cn1154, task 1724 60 [344397]: mask 0x|--------|--------||--------|--------||--------|--------||--------|----B---||||--------|--------||--------|--------||--------|--------||--------|--------| set
cpu-bind=MASK - n2cn1152, task 1584 48 [241752]: mask 0x|--------|--------||--------|--------||--------|--------||B-------|--------||||--------|--------||--------|--------||--------|--------||--------|--------| set
cpu-bind=MASK - n2cn0182, task 434 50 [221908]: mask 0x|--------|--------||--------|--------||--------|--------||--B-----|--------||||--------|--------||--------|--------||--------|--------||--------|--------| set
cpu-bind=MASK - n2cn1151, task 1466 58 [265443]: mask 0x|--------|--------||--------|--------||--------|--------||--------|--B-----||||--------|--------||--------|--------||--------|--------||--------|--------| set
cpu-bind=MASK - n2cn0180, task 194 66 [336779]: mask 0x|--------|--------||--------|--------||--------|--------||--------|--------||||--B-----|--------||--------|--------||--------|--------||--------|--------| set
cpu-bind=MASK - n2cn1025, task 1205 53 [146376]: mask 0x|--------|--------||--------|--------||--------|--------||-----B--|--------||||--------|--------||--------|--------||--------|--------||--------|--------| set
cpu-bind=MASK - n2cn0181, task 325 69 [212704]: mask 0x|--------|--------||--------|--------||--------|--------||--------|--------||||-----B--|--------||--------|--------||--------|--------||--------|--------| set
cpu-bind=MASK - n2cn0183, task 576 64 [212819]: mask 0x|--------|--------||--------|--------||--------|--------||--------|--------||||B-------|--------||--------|--------||--------|--------||--------|--------| set
cpu-bind=MASK - n2cn1026, task 1353 73 [292099]: mask 0x|--------|--------||--------|--------||--------|--------||--------|--------||||--------|-B------||--------|--------||--------|--------||--------|--------| set
cpu-bind=MASK - n2cn0179, task 42 42 [212816]: mask 0x|--------|--------||--------|--------||--------|--B-----||--------|--------||||--------|--------||--------|--------||--------|--------||--------|--------| set
cpu-bind=MASK - n2cn0853, task 814 46 [302625]: mask 0x|--------|--------||--------|--------||--------|------B-||--------|--------||||--------|--------||--------|--------||--------|--------||--------|--------| set
cpu-bind=MASK - n2cn1157, task 1860 68 [2086810]: mask 0x|--------|--------||--------|--------||--------|--------||--------|--------||||----B---|--------||--------|--------||--------|--------||--------|--------| set
cpu-bind=MASK - n2cn1193, task 1980 60 [267076]: mask 0x|--------|--------||--------|--------||--------|--------||--------|----B---||||--------|--------||--------|--------||--------|--------||--------|--------| set
cpu-bind=MASK - n2cn0891, task 1076 52 [293916]: mask 0x|--------|--------||--------|--------||--------|--------||----B---|--------||||--------|--------||--------|--------||--------|--------||--------|--------| set
cpu-bind=MASK - n2cn0890, task 963 67 [236985]: mask 0x|--------|--------||--------|--------||--------|--------||--------|--------||||---B----|--------||--------|--------||--------|--------||--------|--------| set
cpu-bind=MASK - n2cn1154, task 1725 61 [344398]: mask 0x|--------|--------||--------|--------||--------|--------||--------|-----B--||||--------|--------||--------|--------||--------|--------||--------|--------| set
cpu-bind=MASK - n2cn1152, task 1585 49 [241753]: mask 0x|--------|--------||--------|--------||--------|--------||-B------|--------||||--------|--------||--------|--------||--------|--------||--------|--------| set
cpu-bind=MASK - n2cn0182, task 435 51 [221909]: mask 0x|--------|--------||--------|--------||--------|--------||---B----|--------||||--------|--------||--------|--------||--------|--------||--------|--------| set
cpu-bind=MASK - n2cn0180, task 195 67 [336780]: mask 0x|--------|--------||--------|--------||--------|--------||--------|--------||||---B----|--------||--------|--------||--------|--------||--------|--------| set
cpu-bind=MASK - n2cn1151, task 1467 59 [265444]: mask 0x|--------|--------||--------|--------||--------|--------||--------|---B----||||--------|--------||--------|--------||--------|--------||--------|--------| set
cpu-bind=MASK - n2cn0290, task 689 49 [244691]: mask 0x|--------|--------||--------|--------||--------|--------||-B------|--------||||--------|--------||--------|--------||--------|--------||--------|--------| set
cpu-bind=MASK - n2cn1026, task 1354 74 [292100]: mask 0x|--------|--------||--------|--------||--------|--------||--------|--------||||--------|--B-----||--------|--------||--------|--------||--------|--------| set
cpu-bind=MASK - n2cn0183, task 577 65 [212820]: mask 0x|--------|--------||--------|--------||--------|--------||--------|--------||||-B------|--------||--------|--------||--------|--------||--------|--------| set
cpu-bind=MASK - n2cn0179, task 43 43 [212817]: mask 0x|--------|--------||--------|--------||--------|---B----||--------|--------||||--------|--------||--------|--------||--------|--------||--------|--------| set
cpu-bind=MASK - n2cn0853, task 815 47 [302626]: mask 0x|--------|--------||--------|--------||--------|-------B||--------|--------||||--------|--------||--------|--------||--------|--------||--------|--------| set
cpu-bind=MASK - n2cn1025, task 1206 54 [146377]: mask 0x|--------|--------||--------|--------||--------|--------||------B-|--------||||--------|--------||--------|--------||--------|--------||--------|--------| set
cpu-bind=MASK - n2cn1193, task 1981 61 [267077]: mask 0x|--------|--------||--------|--------||--------|--------||--------|-----B--||||--------|--------||--------|--------||--------|--------||--------|--------| set
cpu-bind=MASK - n2cn1157, task 1861 69 [2086811]: mask 0x|--------|--------||--------|--------||--------|--------||--------|--------||||-----B--|--------||--------|--------||--------|--------||--------|--------| set
cpu-bind=MASK - n2cn0891, task 1077 53 [293917]: mask 0x|--------|--------||--------|--------||--------|--------||-----B--|--------||||--------|--------||--------|--------||--------|--------||--------|--------| set
cpu-bind=MASK - n2cn0890, task 964 68 [236986]: mask 0x|--------|--------||--------|--------||--------|--------||--------|--------||||----B---|--------||--------|--------||--------|--------||--------|--------| set
cpu-bind=MASK - n2cn1152, task 1586 50 [241754]: mask 0x|--------|--------||--------|--------||--------|--------||--B-----|--------||||--------|--------||--------|--------||--------|--------||--------|--------| set
cpu-bind=MASK - n2cn1154, task 1726 62 [344399]: mask 0x|--------|--------||--------|--------||--------|--------||--------|------B-||||--------|--------||--------|--------||--------|--------||--------|--------| set
cpu-bind=MASK - n2cn0182, task 436 52 [221910]: mask 0x|--------|--------||--------|--------||--------|--------||----B---|--------||||--------|--------||--------|--------||--------|--------||--------|--------| set
cpu-bind=MASK - n2cn0180, task 196 68 [336781]: mask 0x|--------|--------||--------|--------||--------|--------||--------|--------||||----B---|--------||--------|--------||--------|--------||--------|--------| set
cpu-bind=MASK - n2cn1151, task 1468 60 [265445]: mask 0x|--------|--------||--------|--------||--------|--------||--------|----B---||||--------|--------||--------|--------||--------|--------||--------|--------| set
cpu-bind=MASK - n2cn0290, task 690 50 [244692]: mask 0x|--------|--------||--------|--------||--------|--------||--B-----|--------||||--------|--------||--------|--------||--------|--------||--------|--------| set
cpu-bind=MASK - n2cn0181, task 326 70 [212705]: mask 0x|--------|--------||--------|--------||--------|--------||--------|--------||||------B-|--------||--------|--------||--------|--------||--------|--------| set
cpu-bind=MASK - n2cn1026, task 1355 75 [292101]: mask 0x|--------|--------||--------|--------||--------|--------||--------|--------||||--------|---B----||--------|--------||--------|--------||--------|--------| set
cpu-bind=MASK - n2cn0183, task 578 66 [212821]: mask 0x|--------|--------||--------|--------||--------|--------||--------|--------||||--B-----|--------||--------|--------||--------|--------||--------|--------| set
cpu-bind=MASK - n2cn0179, task 44 44 [212818]: mask 0x|--------|--------||--------|--------||--------|----B---||--------|--------||||--------|--------||--------|--------||--------|--------||--------|--------| set
cpu-bind=MASK - n2cn0853, task 816 48 [302627]: mask 0x|--------|--------||--------|--------||--------|--------||B-------|--------||||--------|--------||--------|--------||--------|--------||--------|--------| set
cpu-bind=MASK - n2cn1157, task 1862 70 [2086812]: mask 0x|--------|--------||--------|--------||--------|--------||--------|--------||||------B-|--------||--------|--------||--------|--------||--------|--------| set
cpu-bind=MASK - n2cn1025, task 1207 55 [146378]: mask 0x|--------|--------||--------|--------||--------|--------||-------B|--------||||--------|--------||--------|--------||--------|--------||--------|--------| set
cpu-bind=MASK - n2cn0891, task 1078 54 [293918]: mask 0x|--------|--------||--------|--------||--------|--------||------B-|--------||||--------|--------||--------|--------||--------|--------||--------|--------| set
cpu-bind=MASK - n2cn1193, task 1982 62 [267078]: mask 0x|--------|--------||--------|--------||--------|--------||--------|------B-||||--------|--------||--------|--------||--------|--------||--------|--------| set
cpu-bind=MASK - n2cn0890, task 965 69 [236987]: mask 0x|--------|--------||--------|--------||--------|--------||--------|--------||||-----B--|--------||--------|--------||--------|--------||--------|--------| set
cpu-bind=MASK - n2cn1152, task 1587 51 [241755]: mask 0x|--------|--------||--------|--------||--------|--------||---B----|--------||||--------|--------||--------|--------||--------|--------||--------|--------| set
cpu-bind=MASK - n2cn0182, task 437 53 [221911]: mask 0x|--------|--------||--------|--------||--------|--------||-----B--|--------||||--------|--------||--------|--------||--------|--------||--------|--------| set
cpu-bind=MASK - n2cn0180, task 197 69 [336782]: mask 0x|--------|--------||--------|--------||--------|--------||--------|--------||||-----B--|--------||--------|--------||--------|--------||--------|--------| set
cpu-bind=MASK - n2cn1154, task 1727 63 [344400]: mask 0x|--------|--------||--------|--------||--------|--------||--------|-------B||||--------|--------||--------|--------||--------|--------||--------|--------| set
cpu-bind=MASK - n2cn1151, task 1469 61 [265446]: mask 0x|--------|--------||--------|--------||--------|--------||--------|-----B--||||--------|--------||--------|--------||--------|--------||--------|--------| set
cpu-bind=MASK - n2cn0181, task 327 71 [212706]: mask 0x|--------|--------||--------|--------||--------|--------||--------|--------||||-------B|--------||--------|--------||--------|--------||--------|--------| set
cpu-bind=MASK - n2cn1026, task 1356 76 [292102]: mask 0x|--------|--------||--------|--------||--------|--------||--------|--------||||--------|----B---||--------|--------||--------|--------||--------|--------| set
cpu-bind=MASK - n2cn0290, task 691 51 [244693]: mask 0x|--------|--------||--------|--------||--------|--------||---B----|--------||||--------|--------||--------|--------||--------|--------||--------|--------| set
cpu-bind=MASK - n2cn0179, task 45 45 [212819]: mask 0x|--------|--------||--------|--------||--------|-----B--||--------|--------||||--------|--------||--------|--------||--------|--------||--------|--------| set
cpu-bind=MASK - n2cn0891, task 1079 55 [293919]: mask 0x|--------|--------||--------|--------||--------|--------||-------B|--------||||--------|--------||--------|--------||--------|--------||--------|--------| set
cpu-bind=MASK - n2cn0853, task 817 49 [302628]: mask 0x|--------|--------||--------|--------||--------|--------||-B------|--------||||--------|--------||--------|--------||--------|--------||--------|--------| set
cpu-bind=MASK - n2cn1193, task 1983 63 [267079]: mask 0x|--------|--------||--------|--------||--------|--------||--------|-------B||||--------|--------||--------|--------||--------|--------||--------|--------| set
cpu-bind=MASK - n2cn1025, task 1208 56 [146379]: mask 0x|--------|--------||--------|--------||--------|--------||--------|B-------||||--------|--------||--------|--------||--------|--------||--------|--------| set
cpu-bind=MASK - n2cn0890, task 966 70 [236988]: mask 0x|--------|--------||--------|--------||--------|--------||--------|--------||||------B-|--------||--------|--------||--------|--------||--------|--------| set
cpu-bind=MASK - n2cn0183, task 579 67 [212822]: mask 0x|--------|--------||--------|--------||--------|--------||--------|--------||||---B----|--------||--------|--------||--------|--------||--------|--------| set
cpu-bind=MASK - n2cn0182, task 438 54 [221912]: mask 0x|--------|--------||--------|--------||--------|--------||------B-|--------||||--------|--------||--------|--------||--------|--------||--------|--------| set
cpu-bind=MASK - n2cn0180, task 198 70 [336783]: mask 0x|--------|--------||--------|--------||--------|--------||--------|--------||||------B-|--------||--------|--------||--------|--------||--------|--------| set
cpu-bind=MASK - n2cn1157, task 1863 71 [2086813]: mask 0x|--------|--------||--------|--------||--------|--------||--------|--------||||-------B|--------||--------|--------||--------|--------||--------|--------| set
cpu-bind=MASK - n2cn1151, task 1470 62 [265447]: mask 0x|--------|--------||--------|--------||--------|--------||--------|------B-||||--------|--------||--------|--------||--------|--------||--------|--------| set
cpu-bind=MASK - n2cn1152, task 1588 52 [241756]: mask 0x|--------|--------||--------|--------||--------|--------||----B---|--------||||--------|--------||--------|--------||--------|--------||--------|--------| set
cpu-bind=MASK - n2cn1154, task 1728 64 [344401]: mask 0x|--------|--------||--------|--------||--------|--------||--------|--------||||B-------|--------||--------|--------||--------|--------||--------|--------| set
cpu-bind=MASK - n2cn0181, task 328 72 [212707]: mask 0x|--------|--------||--------|--------||--------|--------||--------|--------||||--------|B-------||--------|--------||--------|--------||--------|--------| set
cpu-bind=MASK - n2cn0290, task 692 52 [244694]: mask 0x|--------|--------||--------|--------||--------|--------||----B---|--------||||--------|--------||--------|--------||--------|--------||--------|--------| set
cpu-bind=MASK - n2cn0179, task 46 46 [212820]: mask 0x|--------|--------||--------|--------||--------|------B-||--------|--------||||--------|--------||--------|--------||--------|--------||--------|--------| set
cpu-bind=MASK - n2cn0853, task 818 50 [302629]: mask 0x|--------|--------||--------|--------||--------|--------||--B-----|--------||||--------|--------||--------|--------||--------|--------||--------|--------| set
cpu-bind=MASK - n2cn0891, task 1080 56 [293920]: mask 0x|--------|--------||--------|--------||--------|--------||--------|B-------||||--------|--------||--------|--------||--------|--------||--------|--------| set
cpu-bind=MASK - n2cn1026, task 1357 77 [292103]: mask 0x|--------|--------||--------|--------||--------|--------||--------|--------||||--------|-----B--||--------|--------||--------|--------||--------|--------| set
cpu-bind=MASK - n2cn0890, task 967 71 [236989]: mask 0x|--------|--------||--------|--------||--------|--------||--------|--------||||-------B|--------||--------|--------||--------|--------||--------|--------| set
cpu-bind=MASK - n2cn1025, task 1209 57 [146380]: mask 0x|--------|--------||--------|--------||--------|--------||--------|-B------||||--------|--------||--------|--------||--------|--------||--------|--------| set
cpu-bind=MASK - n2cn0183, task 580 68 [212823]: mask 0x|--------|--------||--------|--------||--------|--------||--------|--------||||----B---|--------||--------|--------||--------|--------||--------|--------| set
cpu-bind=MASK - n2cn0182, task 439 55 [221913]: mask 0x|--------|--------||--------|--------||--------|--------||-------B|--------||||--------|--------||--------|--------||--------|--------||--------|--------| set
cpu-bind=MASK - n2cn1193, task 1984 64 [267080]: mask 0x|--------|--------||--------|--------||--------|--------||--------|--------||||B-------|--------||--------|--------||--------|--------||--------|--------| set
cpu-bind=MASK - n2cn0180, task 199 71 [336784]: mask 0x|--------|--------||--------|--------||--------|--------||--------|--------||||-------B|--------||--------|--------||--------|--------||--------|--------| set
cpu-bind=MASK - n2cn1157, task 1864 72 [2086814]: mask 0x|--------|--------||--------|--------||--------|--------||--------|--------||||--------|B-------||--------|--------||--------|--------||--------|--------| set
cpu-bind=MASK - n2cn1152, task 1589 53 [241757]: mask 0x|--------|--------||--------|--------||--------|--------||-----B--|--------||||--------|--------||--------|--------||--------|--------||--------|--------| set
cpu-bind=MASK - n2cn1151, task 1471 63 [265448]: mask 0x|--------|--------||--------|--------||--------|--------||--------|-------B||||--------|--------||--------|--------||--------|--------||--------|--------| set
cpu-bind=MASK - n2cn1154, task 1729 65 [344402]: mask 0x|--------|--------||--------|--------||--------|--------||--------|--------||||-B------|--------||--------|--------||--------|--------||--------|--------| set
cpu-bind=MASK - n2cn0181, task 329 73 [212708]: mask 0x|--------|--------||--------|--------||--------|--------||--------|--------||||--------|-B------||--------|--------||--------|--------||--------|--------| set
cpu-bind=MASK - n2cn0290, task 693 53 [244695]: mask 0x|--------|--------||--------|--------||--------|--------||-----B--|--------||||--------|--------||--------|--------||--------|--------||--------|--------| set
cpu-bind=MASK - n2cn0891, task 1081 57 [293921]: mask 0x|--------|--------||--------|--------||--------|--------||--------|-B------||||--------|--------||--------|--------||--------|--------||--------|--------| set
cpu-bind=MASK - n2cn0179, task 47 47 [212821]: mask 0x|--------|--------||--------|--------||--------|-------B||--------|--------||||--------|--------||--------|--------||--------|--------||--------|--------| set
cpu-bind=MASK - n2cn0853, task 819 51 [302630]: mask 0x|--------|--------||--------|--------||--------|--------||---B----|--------||||--------|--------||--------|--------||--------|--------||--------|--------| set
cpu-bind=MASK - n2cn1026, task 1358 78 [292104]: mask 0x|--------|--------||--------|--------||--------|--------||--------|--------||||--------|------B-||--------|--------||--------|--------||--------|--------| set
cpu-bind=MASK - n2cn0182, task 440 56 [221914]: mask 0x|--------|--------||--------|--------||--------|--------||--------|B-------||||--------|--------||--------|--------||--------|--------||--------|--------| set
cpu-bind=MASK - n2cn0890, task 968 72 [236990]: mask 0x|--------|--------||--------|--------||--------|--------||--------|--------||||--------|B-------||--------|--------||--------|--------||--------|--------| set
cpu-bind=MASK - n2cn1193, task 1985 65 [267081]: mask 0x|--------|--------||--------|--------||--------|--------||--------|--------||||-B------|--------||--------|--------||--------|--------||--------|--------| set
cpu-bind=MASK - n2cn0183, task 581 69 [212824]: mask 0x|--------|--------||--------|--------||--------|--------||--------|--------||||-----B--|--------||--------|--------||--------|--------||--------|--------| set
cpu-bind=MASK - n2cn1025, task 1210 58 [146381]: mask 0x|--------|--------||--------|--------||--------|--------||--------|--B-----||||--------|--------||--------|--------||--------|--------||--------|--------| set
cpu-bind=MASK - n2cn1157, task 1865 73 [2086815]: mask 0x|--------|--------||--------|--------||--------|--------||--------|--------||||--------|-B------||--------|--------||--------|--------||--------|--------| set
cpu-bind=MASK - n2cn0180, task 200 72 [336785]: mask 0x|--------|--------||--------|--------||--------|--------||--------|--------||||--------|B-------||--------|--------||--------|--------||--------|--------| set
cpu-bind=MASK - n2cn1152, task 1590 54 [241758]: mask 0x|--------|--------||--------|--------||--------|--------||------B-|--------||||--------|--------||--------|--------||--------|--------||--------|--------| set
cpu-bind=MASK - n2cn1151, task 1472 64 [265449]: mask 0x|--------|--------||--------|--------||--------|--------||--------|--------||||B-------|--------||--------|--------||--------|--------||--------|--------| set
cpu-bind=MASK - n2cn0181, task 330 74 [212709]: mask 0x|--------|--------||--------|--------||--------|--------||--------|--------||||--------|--B-----||--------|--------||--------|--------||--------|--------| set
cpu-bind=MASK - n2cn0891, task 1082 58 [293922]: mask 0x|--------|--------||--------|--------||--------|--------||--------|--B-----||||--------|--------||--------|--------||--------|--------||--------|--------| set
cpu-bind=MASK - n2cn1154, task 1730 66 [344403]: mask 0x|--------|--------||--------|--------||--------|--------||--------|--------||||--B-----|--------||--------|--------||--------|--------||--------|--------| set
cpu-bind=MASK - n2cn0179, task 48 48 [212822]: mask 0x|--------|--------||--------|--------||--------|--------||B-------|--------||||--------|--------||--------|--------||--------|--------||--------|--------| set
cpu-bind=MASK - n2cn0853, task 820 52 [302631]: mask 0x|--------|--------||--------|--------||--------|--------||----B---|--------||||--------|--------||--------|--------||--------|--------||--------|--------| set
cpu-bind=MASK - n2cn1026, task 1359 79 [292105]: mask 0x|--------|--------||--------|--------||--------|--------||--------|--------||||--------|-------B||--------|--------||--------|--------||--------|--------| set
cpu-bind=MASK - n2cn0182, task 441 57 [221915]: mask 0x|--------|--------||--------|--------||--------|--------||--------|-B------||||--------|--------||--------|--------||--------|--------||--------|--------| set
cpu-bind=MASK - n2cn0290, task 694 54 [244696]: mask 0x|--------|--------||--------|--------||--------|--------||------B-|--------||||--------|--------||--------|--------||--------|--------||--------|--------| set
cpu-bind=MASK - n2cn1193, task 1986 66 [267082]: mask 0x|--------|--------||--------|--------||--------|--------||--------|--------||||--B-----|--------||--------|--------||--------|--------||--------|--------| set
cpu-bind=MASK - n2cn0183, task 582 70 [212825]: mask 0x|--------|--------||--------|--------||--------|--------||--------|--------||||------B-|--------||--------|--------||--------|--------||--------|--------| set
cpu-bind=MASK - n2cn1025, task 1211 59 [146382]: mask 0x|--------|--------||--------|--------||--------|--------||--------|---B----||||--------|--------||--------|--------||--------|--------||--------|--------| set
cpu-bind=MASK - n2cn0180, task 201 73 [336786]: mask 0x|--------|--------||--------|--------||--------|--------||--------|--------||||--------|-B------||--------|--------||--------|--------||--------|--------| set
cpu-bind=MASK - n2cn1157, task 1866 74 [2086816]: mask 0x|--------|--------||--------|--------||--------|--------||--------|--------||||--------|--B-----||--------|--------||--------|--------||--------|--------| set
cpu-bind=MASK - n2cn1152, task 1591 55 [241759]: mask 0x|--------|--------||--------|--------||--------|--------||-------B|--------||||--------|--------||--------|--------||--------|--------||--------|--------| set
cpu-bind=MASK - n2cn0890, task 969 73 [236991]: mask 0x|--------|--------||--------|--------||--------|--------||--------|--------||||--------|-B------||--------|--------||--------|--------||--------|--------| set
cpu-bind=MASK - n2cn0181, task 331 75 [212710]: mask 0x|--------|--------||--------|--------||--------|--------||--------|--------||||--------|---B----||--------|--------||--------|--------||--------|--------| set
cpu-bind=MASK - n2cn1151, task 1473 65 [265450]: mask 0x|--------|--------||--------|--------||--------|--------||--------|--------||||-B------|--------||--------|--------||--------|--------||--------|--------| set
cpu-bind=MASK - n2cn0891, task 1083 59 [293923]: mask 0x|--------|--------||--------|--------||--------|--------||--------|---B----||||--------|--------||--------|--------||--------|--------||--------|--------| set
cpu-bind=MASK - n2cn0179, task 49 49 [212823]: mask 0x|--------|--------||--------|--------||--------|--------||-B------|--------||||--------|--------||--------|--------||--------|--------||--------|--------| set
cpu-bind=MASK - n2cn1154, task 1731 67 [344404]: mask 0x|--------|--------||--------|--------||--------|--------||--------|--------||||---B----|--------||--------|--------||--------|--------||--------|--------| set
cpu-bind=MASK - n2cn0182, task 442 58 [221916]: mask 0x|--------|--------||--------|--------||--------|--------||--------|--B-----||||--------|--------||--------|--------||--------|--------||--------|--------| set
cpu-bind=MASK - n2cn0853, task 821 53 [302632]: mask 0x|--------|--------||--------|--------||--------|--------||-----B--|--------||||--------|--------||--------|--------||--------|--------||--------|--------| set
cpu-bind=MASK - n2cn0290, task 695 55 [244697]: mask 0x|--------|--------||--------|--------||--------|--------||-------B|--------||||--------|--------||--------|--------||--------|--------||--------|--------| set
cpu-bind=MASK - n2cn1026, task 1360 80 [292106]: mask 0x|--------|--------||--------|--------||--------|--------||--------|--------||||--------|--------||B-------|--------||--------|--------||--------|--------| set
cpu-bind=MASK - n2cn0183, task 583 71 [212826]: mask 0x|--------|--------||--------|--------||--------|--------||--------|--------||||-------B|--------||--------|--------||--------|--------||--------|--------| set
cpu-bind=MASK - n2cn1193, task 1987 67 [267083]: mask 0x|--------|--------||--------|--------||--------|--------||--------|--------||||---B----|--------||--------|--------||--------|--------||--------|--------| set
cpu-bind=MASK - n2cn1025, task 1212 60 [146383]: mask 0x|--------|--------||--------|--------||--------|--------||--------|----B---||||--------|--------||--------|--------||--------|--------||--------|--------| set
cpu-bind=MASK - n2cn0180, task 202 74 [336787]: mask 0x|--------|--------||--------|--------||--------|--------||--------|--------||||--------|--B-----||--------|--------||--------|--------||--------|--------| set
cpu-bind=MASK - n2cn1157, task 1867 75 [2086817]: mask 0x|--------|--------||--------|--------||--------|--------||--------|--------||||--------|---B----||--------|--------||--------|--------||--------|--------| set
cpu-bind=MASK - n2cn0890, task 970 74 [236992]: mask 0x|--------|--------||--------|--------||--------|--------||--------|--------||||--------|--B-----||--------|--------||--------|--------||--------|--------| set
cpu-bind=MASK - n2cn1152, task 1592 56 [241760]: mask 0x|--------|--------||--------|--------||--------|--------||--------|B-------||||--------|--------||--------|--------||--------|--------||--------|--------| set
cpu-bind=MASK - n2cn0891, task 1084 60 [293924]: mask 0x|--------|--------||--------|--------||--------|--------||--------|----B---||||--------|--------||--------|--------||--------|--------||--------|--------| set
cpu-bind=MASK - n2cn0181, task 332 76 [212711]: mask 0x|--------|--------||--------|--------||--------|--------||--------|--------||||--------|----B---||--------|--------||--------|--------||--------|--------| set
cpu-bind=MASK - n2cn1151, task 1474 66 [265451]: mask 0x|--------|--------||--------|--------||--------|--------||--------|--------||||--B-----|--------||--------|--------||--------|--------||--------|--------| set
cpu-bind=MASK - n2cn0182, task 443 59 [221917]: mask 0x|--------|--------||--------|--------||--------|--------||--------|---B----||||--------|--------||--------|--------||--------|--------||--------|--------| set
cpu-bind=MASK - n2cn0179, task 50 50 [212824]: mask 0x|--------|--------||--------|--------||--------|--------||--B-----|--------||||--------|--------||--------|--------||--------|--------||--------|--------| set
cpu-bind=MASK - n2cn0853, task 822 54 [302633]: mask 0x|--------|--------||--------|--------||--------|--------||------B-|--------||||--------|--------||--------|--------||--------|--------||--------|--------| set
cpu-bind=MASK - n2cn1154, task 1732 68 [344405]: mask 0x|--------|--------||--------|--------||--------|--------||--------|--------||||----B---|--------||--------|--------||--------|--------||--------|--------| set
cpu-bind=MASK - n2cn1026, task 1361 81 [292107]: mask 0x|--------|--------||--------|--------||--------|--------||--------|--------||||--------|--------||-B------|--------||--------|--------||--------|--------| set
cpu-bind=MASK - n2cn0290, task 696 56 [244698]: mask 0x|--------|--------||--------|--------||--------|--------||--------|B-------||||--------|--------||--------|--------||--------|--------||--------|--------| set
cpu-bind=MASK - n2cn0183, task 584 72 [212827]: mask 0x|--------|--------||--------|--------||--------|--------||--------|--------||||--------|B-------||--------|--------||--------|--------||--------|--------| set
cpu-bind=MASK - n2cn1193, task 1988 68 [267084]: mask 0x|--------|--------||--------|--------||--------|--------||--------|--------||||----B---|--------||--------|--------||--------|--------||--------|--------| set
cpu-bind=MASK - n2cn1025, task 1213 61 [146384]: mask 0x|--------|--------||--------|--------||--------|--------||--------|-----B--||||--------|--------||--------|--------||--------|--------||--------|--------| set
cpu-bind=MASK - n2cn0180, task 203 75 [336788]: mask 0x|--------|--------||--------|--------||--------|--------||--------|--------||||--------|---B----||--------|--------||--------|--------||--------|--------| set
cpu-bind=MASK - n2cn1157, task 1868 76 [2086818]: mask 0x|--------|--------||--------|--------||--------|--------||--------|--------||||--------|----B---||--------|--------||--------|--------||--------|--------| set
cpu-bind=MASK - n2cn0891, task 1085 61 [293925]: mask 0x|--------|--------||--------|--------||--------|--------||--------|-----B--||||--------|--------||--------|--------||--------|--------||--------|--------| set
cpu-bind=MASK - n2cn1152, task 1593 57 [241761]: mask 0x|--------|--------||--------|--------||--------|--------||--------|-B------||||--------|--------||--------|--------||--------|--------||--------|--------| set
cpu-bind=MASK - n2cn0181, task 333 77 [212712]: mask 0x|--------|--------||--------|--------||--------|--------||--------|--------||||--------|-----B--||--------|--------||--------|--------||--------|--------| set
cpu-bind=MASK - n2cn0890, task 971 75 [236993]: mask 0x|--------|--------||--------|--------||--------|--------||--------|--------||||--------|---B----||--------|--------||--------|--------||--------|--------| set
cpu-bind=MASK - n2cn1151, task 1475 67 [265452]: mask 0x|--------|--------||--------|--------||--------|--------||--------|--------||||---B----|--------||--------|--------||--------|--------||--------|--------| set
cpu-bind=MASK - n2cn0182, task 444 60 [221918]: mask 0x|--------|--------||--------|--------||--------|--------||--------|----B---||||--------|--------||--------|--------||--------|--------||--------|--------| set
cpu-bind=MASK - n2cn0853, task 823 55 [302634]: mask 0x|--------|--------||--------|--------||--------|--------||-------B|--------||||--------|--------||--------|--------||--------|--------||--------|--------| set
cpu-bind=MASK - n2cn0179, task 51 51 [212825]: mask 0x|--------|--------||--------|--------||--------|--------||---B----|--------||||--------|--------||--------|--------||--------|--------||--------|--------| set
cpu-bind=MASK - n2cn1154, task 1733 69 [344406]: mask 0x|--------|--------||--------|--------||--------|--------||--------|--------||||-----B--|--------||--------|--------||--------|--------||--------|--------| set
cpu-bind=MASK - n2cn0183, task 585 73 [212828]: mask 0x|--------|--------||--------|--------||--------|--------||--------|--------||||--------|-B------||--------|--------||--------|--------||--------|--------| set
cpu-bind=MASK - n2cn0290, task 697 57 [244699]: mask 0x|--------|--------||--------|--------||--------|--------||--------|-B------||||--------|--------||--------|--------||--------|--------||--------|--------| set
cpu-bind=MASK - n2cn1026, task 1362 82 [292108]: mask 0x|--------|--------||--------|--------||--------|--------||--------|--------||||--------|--------||--B-----|--------||--------|--------||--------|--------| set
cpu-bind=MASK - n2cn1193, task 1989 69 [267085]: mask 0x|--------|--------||--------|--------||--------|--------||--------|--------||||-----B--|--------||--------|--------||--------|--------||--------|--------| set
cpu-bind=MASK - n2cn1025, task 1214 62 [146385]: mask 0x|--------|--------||--------|--------||--------|--------||--------|------B-||||--------|--------||--------|--------||--------|--------||--------|--------| set
cpu-bind=MASK - n2cn1157, task 1869 77 [2086819]: mask 0x|--------|--------||--------|--------||--------|--------||--------|--------||||--------|-----B--||--------|--------||--------|--------||--------|--------| set
cpu-bind=MASK - n2cn0891, task 1086 62 [293926]: mask 0x|--------|--------||--------|--------||--------|--------||--------|------B-||||--------|--------||--------|--------||--------|--------||--------|--------| set
cpu-bind=MASK - n2cn0181, task 334 78 [212713]: mask 0x|--------|--------||--------|--------||--------|--------||--------|--------||||--------|------B-||--------|--------||--------|--------||--------|--------| set
cpu-bind=MASK - n2cn0182, task 445 61 [221919]: mask 0x|--------|--------||--------|--------||--------|--------||--------|-----B--||||--------|--------||--------|--------||--------|--------||--------|--------| set
cpu-bind=MASK - n2cn1152, task 1594 58 [241762]: mask 0x|--------|--------||--------|--------||--------|--------||--------|--B-----||||--------|--------||--------|--------||--------|--------||--------|--------| set
cpu-bind=MASK - n2cn0180, task 204 76 [336789]: mask 0x|--------|--------||--------|--------||--------|--------||--------|--------||||--------|----B---||--------|--------||--------|--------||--------|--------| set
cpu-bind=MASK - n2cn0853, task 824 56 [302635]: mask 0x|--------|--------||--------|--------||--------|--------||--------|B-------||||--------|--------||--------|--------||--------|--------||--------|--------| set
cpu-bind=MASK - n2cn0890, task 972 76 [236994]: mask 0x|--------|--------||--------|--------||--------|--------||--------|--------||||--------|----B---||--------|--------||--------|--------||--------|--------| set
cpu-bind=MASK - n2cn1151, task 1476 68 [265453]: mask 0x|--------|--------||--------|--------||--------|--------||--------|--------||||----B---|--------||--------|--------||--------|--------||--------|--------| set
cpu-bind=MASK - n2cn0183, task 586 74 [212829]: mask 0x|--------|--------||--------|--------||--------|--------||--------|--------||||--------|--B-----||--------|--------||--------|--------||--------|--------| set
cpu-bind=MASK - n2cn0179, task 52 52 [212826]: mask 0x|--------|--------||--------|--------||--------|--------||----B---|--------||||--------|--------||--------|--------||--------|--------||--------|--------| set
cpu-bind=MASK - n2cn1154, task 1734 70 [344407]: mask 0x|--------|--------||--------|--------||--------|--------||--------|--------||||------B-|--------||--------|--------||--------|--------||--------|--------| set
cpu-bind=MASK - n2cn0290, task 698 58 [244700]: mask 0x|--------|--------||--------|--------||--------|--------||--------|--B-----||||--------|--------||--------|--------||--------|--------||--------|--------| set
cpu-bind=MASK - n2cn1193, task 1990 70 [267086]: mask 0x|--------|--------||--------|--------||--------|--------||--------|--------||||------B-|--------||--------|--------||--------|--------||--------|--------| set
cpu-bind=MASK - n2cn1026, task 1363 83 [292109]: mask 0x|--------|--------||--------|--------||--------|--------||--------|--------||||--------|--------||---B----|--------||--------|--------||--------|--------| set
cpu-bind=MASK - n2cn1157, task 1870 78 [2086820]: mask 0x|--------|--------||--------|--------||--------|--------||--------|--------||||--------|------B-||--------|--------||--------|--------||--------|--------| set
cpu-bind=MASK - n2cn1025, task 1215 63 [146386]: mask 0x|--------|--------||--------|--------||--------|--------||--------|-------B||||--------|--------||--------|--------||--------|--------||--------|--------| set
cpu-bind=MASK - n2cn0181, task 335 79 [212714]: mask 0x|--------|--------||--------|--------||--------|--------||--------|--------||||--------|-------B||--------|--------||--------|--------||--------|--------| set
cpu-bind=MASK - n2cn0182, task 446 62 [221920]: mask 0x|--------|--------||--------|--------||--------|--------||--------|------B-||||--------|--------||--------|--------||--------|--------||--------|--------| set
cpu-bind=MASK - n2cn0891, task 1087 63 [293927]: mask 0x|--------|--------||--------|--------||--------|--------||--------|-------B||||--------|--------||--------|--------||--------|--------||--------|--------| set
cpu-bind=MASK - n2cn0853, task 825 57 [302636]: mask 0x|--------|--------||--------|--------||--------|--------||--------|-B------||||--------|--------||--------|--------||--------|--------||--------|--------| set
cpu-bind=MASK - n2cn0180, task 205 77 [336790]: mask 0x|--------|--------||--------|--------||--------|--------||--------|--------||||--------|-----B--||--------|--------||--------|--------||--------|--------| set
cpu-bind=MASK - n2cn1152, task 1595 59 [241763]: mask 0x|--------|--------||--------|--------||--------|--------||--------|---B----||||--------|--------||--------|--------||--------|--------||--------|--------| set
cpu-bind=MASK - n2cn0890, task 973 77 [236995]: mask 0x|--------|--------||--------|--------||--------|--------||--------|--------||||--------|-----B--||--------|--------||--------|--------||--------|--------| set
cpu-bind=MASK - n2cn1151, task 1477 69 [265454]: mask 0x|--------|--------||--------|--------||--------|--------||--------|--------||||-----B--|--------||--------|--------||--------|--------||--------|--------| set
cpu-bind=MASK - n2cn0183, task 587 75 [212830]: mask 0x|--------|--------||--------|--------||--------|--------||--------|--------||||--------|---B----||--------|--------||--------|--------||--------|--------| set
cpu-bind=MASK - n2cn0179, task 53 53 [212827]: mask 0x|--------|--------||--------|--------||--------|--------||-----B--|--------||||--------|--------||--------|--------||--------|--------||--------|--------| set
cpu-bind=MASK - n2cn1193, task 1991 71 [267087]: mask 0x|--------|--------||--------|--------||--------|--------||--------|--------||||-------B|--------||--------|--------||--------|--------||--------|--------| set
cpu-bind=MASK - n2cn1026, task 1364 84 [292110]: mask 0x|--------|--------||--------|--------||--------|--------||--------|--------||||--------|--------||----B---|--------||--------|--------||--------|--------| set
cpu-bind=MASK - n2cn0290, task 699 59 [244701]: mask 0x|--------|--------||--------|--------||--------|--------||--------|---B----||||--------|--------||--------|--------||--------|--------||--------|--------| set
cpu-bind=MASK - n2cn1154, task 1735 71 [344408]: mask 0x|--------|--------||--------|--------||--------|--------||--------|--------||||-------B|--------||--------|--------||--------|--------||--------|--------| set
cpu-bind=MASK - n2cn1157, task 1871 79 [2086821]: mask 0x|--------|--------||--------|--------||--------|--------||--------|--------||||--------|-------B||--------|--------||--------|--------||--------|--------| set
cpu-bind=MASK - n2cn1025, task 1216 64 [146387]: mask 0x|--------|--------||--------|--------||--------|--------||--------|--------||||B-------|--------||--------|--------||--------|--------||--------|--------| set
cpu-bind=MASK - n2cn0182, task 447 63 [221921]: mask 0x|--------|--------||--------|--------||--------|--------||--------|-------B||||--------|--------||--------|--------||--------|--------||--------|--------| set
cpu-bind=MASK - n2cn0181, task 336 80 [212715]: mask 0x|--------|--------||--------|--------||--------|--------||--------|--------||||--------|--------||B-------|--------||--------|--------||--------|--------| set
cpu-bind=MASK - n2cn0891, task 1088 64 [293928]: mask 0x|--------|--------||--------|--------||--------|--------||--------|--------||||B-------|--------||--------|--------||--------|--------||--------|--------| set
cpu-bind=MASK - n2cn0180, task 206 78 [336791]: mask 0x|--------|--------||--------|--------||--------|--------||--------|--------||||--------|------B-||--------|--------||--------|--------||--------|--------| set
cpu-bind=MASK - n2cn0853, task 826 58 [302637]: mask 0x|--------|--------||--------|--------||--------|--------||--------|--B-----||||--------|--------||--------|--------||--------|--------||--------|--------| set
cpu-bind=MASK - n2cn0183, task 588 76 [212831]: mask 0x|--------|--------||--------|--------||--------|--------||--------|--------||||--------|----B---||--------|--------||--------|--------||--------|--------| set
cpu-bind=MASK - n2cn1151, task 1478 70 [265455]: mask 0x|--------|--------||--------|--------||--------|--------||--------|--------||||------B-|--------||--------|--------||--------|--------||--------|--------| set
cpu-bind=MASK - n2cn1152, task 1596 60 [241764]: mask 0x|--------|--------||--------|--------||--------|--------||--------|----B---||||--------|--------||--------|--------||--------|--------||--------|--------| set
cpu-bind=MASK - n2cn0890, task 974 78 [236996]: mask 0x|--------|--------||--------|--------||--------|--------||--------|--------||||--------|------B-||--------|--------||--------|--------||--------|--------| set
cpu-bind=MASK - n2cn0179, task 54 54 [212828]: mask 0x|--------|--------||--------|--------||--------|--------||------B-|--------||||--------|--------||--------|--------||--------|--------||--------|--------| set
cpu-bind=MASK - n2cn1026, task 1365 85 [292111]: mask 0x|--------|--------||--------|--------||--------|--------||--------|--------||||--------|--------||-----B--|--------||--------|--------||--------|--------| set
cpu-bind=MASK - n2cn1193, task 1992 72 [267088]: mask 0x|--------|--------||--------|--------||--------|--------||--------|--------||||--------|B-------||--------|--------||--------|--------||--------|--------| set
cpu-bind=MASK - n2cn0290, task 700 60 [244702]: mask 0x|--------|--------||--------|--------||--------|--------||--------|----B---||||--------|--------||--------|--------||--------|--------||--------|--------| set
cpu-bind=MASK - n2cn1157, task 1872 80 [2086822]: mask 0x|--------|--------||--------|--------||--------|--------||--------|--------||||--------|--------||B-------|--------||--------|--------||--------|--------| set
cpu-bind=MASK - n2cn1025, task 1217 65 [146388]: mask 0x|--------|--------||--------|--------||--------|--------||--------|--------||||-B------|--------||--------|--------||--------|--------||--------|--------| set
cpu-bind=MASK - n2cn0891, task 1089 65 [293929]: mask 0x|--------|--------||--------|--------||--------|--------||--------|--------||||-B------|--------||--------|--------||--------|--------||--------|--------| set
cpu-bind=MASK - n2cn0182, task 448 64 [221922]: mask 0x|--------|--------||--------|--------||--------|--------||--------|--------||||B-------|--------||--------|--------||--------|--------||--------|--------| set
cpu-bind=MASK - n2cn0181, task 337 81 [212716]: mask 0x|--------|--------||--------|--------||--------|--------||--------|--------||||--------|--------||-B------|--------||--------|--------||--------|--------| set
cpu-bind=MASK - n2cn0180, task 207 79 [336792]: mask 0x|--------|--------||--------|--------||--------|--------||--------|--------||||--------|-------B||--------|--------||--------|--------||--------|--------| set
cpu-bind=MASK - n2cn1154, task 1736 72 [344409]: mask 0x|--------|--------||--------|--------||--------|--------||--------|--------||||--------|B-------||--------|--------||--------|--------||--------|--------| set
cpu-bind=MASK - n2cn0183, task 589 77 [212832]: mask 0x|--------|--------||--------|--------||--------|--------||--------|--------||||--------|-----B--||--------|--------||--------|--------||--------|--------| set
cpu-bind=MASK - n2cn1151, task 1479 71 [265456]: mask 0x|--------|--------||--------|--------||--------|--------||--------|--------||||-------B|--------||--------|--------||--------|--------||--------|--------| set
cpu-bind=MASK - n2cn0853, task 827 59 [302638]: mask 0x|--------|--------||--------|--------||--------|--------||--------|---B----||||--------|--------||--------|--------||--------|--------||--------|--------| set
cpu-bind=MASK - n2cn1152, task 1597 61 [241765]: mask 0x|--------|--------||--------|--------||--------|--------||--------|-----B--||||--------|--------||--------|--------||--------|--------||--------|--------| set
cpu-bind=MASK - n2cn0890, task 975 79 [236997]: mask 0x|--------|--------||--------|--------||--------|--------||--------|--------||||--------|-------B||--------|--------||--------|--------||--------|--------| set
cpu-bind=MASK - n2cn1026, task 1366 86 [292112]: mask 0x|--------|--------||--------|--------||--------|--------||--------|--------||||--------|--------||------B-|--------||--------|--------||--------|--------| set
cpu-bind=MASK - n2cn0179, task 55 55 [212829]: mask 0x|--------|--------||--------|--------||--------|--------||-------B|--------||||--------|--------||--------|--------||--------|--------||--------|--------| set
cpu-bind=MASK - n2cn1193, task 1993 73 [267089]: mask 0x|--------|--------||--------|--------||--------|--------||--------|--------||||--------|-B------||--------|--------||--------|--------||--------|--------| set
cpu-bind=MASK - n2cn0290, task 701 61 [244703]: mask 0x|--------|--------||--------|--------||--------|--------||--------|-----B--||||--------|--------||--------|--------||--------|--------||--------|--------| set
cpu-bind=MASK - n2cn1157, task 1873 81 [2086823]: mask 0x|--------|--------||--------|--------||--------|--------||--------|--------||||--------|--------||-B------|--------||--------|--------||--------|--------| set
cpu-bind=MASK - n2cn1025, task 1218 66 [146389]: mask 0x|--------|--------||--------|--------||--------|--------||--------|--------||||--B-----|--------||--------|--------||--------|--------||--------|--------| set
cpu-bind=MASK - n2cn0891, task 1090 66 [293930]: mask 0x|--------|--------||--------|--------||--------|--------||--------|--------||||--B-----|--------||--------|--------||--------|--------||--------|--------| set
cpu-bind=MASK - n2cn0181, task 338 82 [212717]: mask 0x|--------|--------||--------|--------||--------|--------||--------|--------||||--------|--------||--B-----|--------||--------|--------||--------|--------| set
cpu-bind=MASK - n2cn0182, task 449 65 [221923]: mask 0x|--------|--------||--------|--------||--------|--------||--------|--------||||-B------|--------||--------|--------||--------|--------||--------|--------| set
cpu-bind=MASK - n2cn0183, task 590 78 [212833]: mask 0x|--------|--------||--------|--------||--------|--------||--------|--------||||--------|------B-||--------|--------||--------|--------||--------|--------| set
cpu-bind=MASK - n2cn0180, task 208 80 [336793]: mask 0x|--------|--------||--------|--------||--------|--------||--------|--------||||--------|--------||B-------|--------||--------|--------||--------|--------| set
cpu-bind=MASK - n2cn0853, task 828 60 [302639]: mask 0x|--------|--------||--------|--------||--------|--------||--------|----B---||||--------|--------||--------|--------||--------|--------||--------|--------| set
cpu-bind=MASK - n2cn1154, task 1737 73 [344410]: mask 0x|--------|--------||--------|--------||--------|--------||--------|--------||||--------|-B------||--------|--------||--------|--------||--------|--------| set
cpu-bind=MASK - n2cn1152, task 1598 62 [241766]: mask 0x|--------|--------||--------|--------||--------|--------||--------|------B-||||--------|--------||--------|--------||--------|--------||--------|--------| set
cpu-bind=MASK - n2cn1026, task 1367 87 [292113]: mask 0x|--------|--------||--------|--------||--------|--------||--------|--------||||--------|--------||-------B|--------||--------|--------||--------|--------| set
cpu-bind=MASK - n2cn1193, task 1994 74 [267090]: mask 0x|--------|--------||--------|--------||--------|--------||--------|--------||||--------|--B-----||--------|--------||--------|--------||--------|--------| set
cpu-bind=MASK - n2cn1151, task 1480 72 [265457]: mask 0x|--------|--------||--------|--------||--------|--------||--------|--------||||--------|B-------||--------|--------||--------|--------||--------|--------| set
cpu-bind=MASK - n2cn0890, task 976 80 [236998]: mask 0x|--------|--------||--------|--------||--------|--------||--------|--------||||--------|--------||B-------|--------||--------|--------||--------|--------| set
cpu-bind=MASK - n2cn0181, task 339 83 [212718]: mask 0x|--------|--------||--------|--------||--------|--------||--------|--------||||--------|--------||---B----|--------||--------|--------||--------|--------| set
cpu-bind=MASK - n2cn1025, task 1219 67 [146390]: mask 0x|--------|--------||--------|--------||--------|--------||--------|--------||||---B----|--------||--------|--------||--------|--------||--------|--------| set
cpu-bind=MASK - n2cn0891, task 1091 67 [293931]: mask 0x|--------|--------||--------|--------||--------|--------||--------|--------||||---B----|--------||--------|--------||--------|--------||--------|--------| set
cpu-bind=MASK - n2cn0182, task 450 66 [221924]: mask 0x|--------|--------||--------|--------||--------|--------||--------|--------||||--B-----|--------||--------|--------||--------|--------||--------|--------| set
cpu-bind=MASK - n2cn0290, task 702 62 [244704]: mask 0x|--------|--------||--------|--------||--------|--------||--------|------B-||||--------|--------||--------|--------||--------|--------||--------|--------| set
cpu-bind=MASK - n2cn0183, task 591 79 [212834]: mask 0x|--------|--------||--------|--------||--------|--------||--------|--------||||--------|-------B||--------|--------||--------|--------||--------|--------| set
cpu-bind=MASK - n2cn0853, task 829 61 [302640]: mask 0x|--------|--------||--------|--------||--------|--------||--------|-----B--||||--------|--------||--------|--------||--------|--------||--------|--------| set
cpu-bind=MASK - n2cn1157, task 1874 82 [2086824]: mask 0x|--------|--------||--------|--------||--------|--------||--------|--------||||--------|--------||--B-----|--------||--------|--------||--------|--------| set
cpu-bind=MASK - n2cn0180, task 209 81 [336794]: mask 0x|--------|--------||--------|--------||--------|--------||--------|--------||||--------|--------||-B------|--------||--------|--------||--------|--------| set
cpu-bind=MASK - n2cn1154, task 1738 74 [344411]: mask 0x|--------|--------||--------|--------||--------|--------||--------|--------||||--------|--B-----||--------|--------||--------|--------||--------|--------| set
cpu-bind=MASK - n2cn1026, task 1368 88 [292114]: mask 0x|--------|--------||--------|--------||--------|--------||--------|--------||||--------|--------||--------|B-------||--------|--------||--------|--------| set
cpu-bind=MASK - n2cn1193, task 1995 75 [267091]: mask 0x|--------|--------||--------|--------||--------|--------||--------|--------||||--------|---B----||--------|--------||--------|--------||--------|--------| set
cpu-bind=MASK - n2cn1152, task 1599 63 [241767]: mask 0x|--------|--------||--------|--------||--------|--------||--------|-------B||||--------|--------||--------|--------||--------|--------||--------|--------| set
cpu-bind=MASK - n2cn0179, task 56 56 [212830]: mask 0x|--------|--------||--------|--------||--------|--------||--------|B-------||||--------|--------||--------|--------||--------|--------||--------|--------| set
cpu-bind=MASK - n2cn0181, task 340 84 [212719]: mask 0x|--------|--------||--------|--------||--------|--------||--------|--------||||--------|--------||----B---|--------||--------|--------||--------|--------| set
cpu-bind=MASK - n2cn0182, task 451 67 [221925]: mask 0x|--------|--------||--------|--------||--------|--------||--------|--------||||---B----|--------||--------|--------||--------|--------||--------|--------| set
cpu-bind=MASK - n2cn1025, task 1220 68 [146391]: mask 0x|--------|--------||--------|--------||--------|--------||--------|--------||||----B---|--------||--------|--------||--------|--------||--------|--------| set
cpu-bind=MASK - n2cn1151, task 1481 73 [265458]: mask 0x|--------|--------||--------|--------||--------|--------||--------|--------||||--------|-B------||--------|--------||--------|--------||--------|--------| set
cpu-bind=MASK - n2cn0891, task 1092 68 [293932]: mask 0x|--------|--------||--------|--------||--------|--------||--------|--------||||----B---|--------||--------|--------||--------|--------||--------|--------| set
cpu-bind=MASK - n2cn0890, task 977 81 [236999]: mask 0x|--------|--------||--------|--------||--------|--------||--------|--------||||--------|--------||-B------|--------||--------|--------||--------|--------| set
cpu-bind=MASK - n2cn0183, task 592 80 [212835]: mask 0x|--------|--------||--------|--------||--------|--------||--------|--------||||--------|--------||B-------|--------||--------|--------||--------|--------| set
cpu-bind=MASK - n2cn0290, task 703 63 [244705]: mask 0x|--------|--------||--------|--------||--------|--------||--------|-------B||||--------|--------||--------|--------||--------|--------||--------|--------| set
cpu-bind=MASK - n2cn0853, task 830 62 [302641]: mask 0x|--------|--------||--------|--------||--------|--------||--------|------B-||||--------|--------||--------|--------||--------|--------||--------|--------| set
cpu-bind=MASK - n2cn0180, task 210 82 [336795]: mask 0x|--------|--------||--------|--------||--------|--------||--------|--------||||--------|--------||--B-----|--------||--------|--------||--------|--------| set
cpu-bind=MASK - n2cn1157, task 1875 83 [2086825]: mask 0x|--------|--------||--------|--------||--------|--------||--------|--------||||--------|--------||---B----|--------||--------|--------||--------|--------| set
cpu-bind=MASK - n2cn1154, task 1739 75 [344412]: mask 0x|--------|--------||--------|--------||--------|--------||--------|--------||||--------|---B----||--------|--------||--------|--------||--------|--------| set
cpu-bind=MASK - n2cn1026, task 1369 89 [292115]: mask 0x|--------|--------||--------|--------||--------|--------||--------|--------||||--------|--------||--------|-B------||--------|--------||--------|--------| set
cpu-bind=MASK - n2cn0181, task 341 85 [212720]: mask 0x|--------|--------||--------|--------||--------|--------||--------|--------||||--------|--------||-----B--|--------||--------|--------||--------|--------| set
cpu-bind=MASK - n2cn1193, task 1996 76 [267092]: mask 0x|--------|--------||--------|--------||--------|--------||--------|--------||||--------|----B---||--------|--------||--------|--------||--------|--------| set
cpu-bind=MASK - n2cn0179, task 57 57 [212831]: mask 0x|--------|--------||--------|--------||--------|--------||--------|-B------||||--------|--------||--------|--------||--------|--------||--------|--------| set
cpu-bind=MASK - n2cn1152, task 1600 64 [241768]: mask 0x|--------|--------||--------|--------||--------|--------||--------|--------||||B-------|--------||--------|--------||--------|--------||--------|--------| set
cpu-bind=MASK - n2cn0182, task 452 68 [221926]: mask 0x|--------|--------||--------|--------||--------|--------||--------|--------||||----B---|--------||--------|--------||--------|--------||--------|--------| set
cpu-bind=MASK - n2cn0891, task 1093 69 [293933]: mask 0x|--------|--------||--------|--------||--------|--------||--------|--------||||-----B--|--------||--------|--------||--------|--------||--------|--------| set
cpu-bind=MASK - n2cn0183, task 593 81 [212836]: mask 0x|--------|--------||--------|--------||--------|--------||--------|--------||||--------|--------||-B------|--------||--------|--------||--------|--------| set
cpu-bind=MASK - n2cn0890, task 978 82 [237000]: mask 0x|--------|--------||--------|--------||--------|--------||--------|--------||||--------|--------||--B-----|--------||--------|--------||--------|--------| set
cpu-bind=MASK - n2cn1151, task 1482 74 [265459]: mask 0x|--------|--------||--------|--------||--------|--------||--------|--------||||--------|--B-----||--------|--------||--------|--------||--------|--------| set
cpu-bind=MASK - n2cn0290, task 704 64 [244706]: mask 0x|--------|--------||--------|--------||--------|--------||--------|--------||||B-------|--------||--------|--------||--------|--------||--------|--------| set
cpu-bind=MASK - n2cn0853, task 831 63 [302642]: mask 0x|--------|--------||--------|--------||--------|--------||--------|-------B||||--------|--------||--------|--------||--------|--------||--------|--------| set
cpu-bind=MASK - n2cn0180, task 211 83 [336796]: mask 0x|--------|--------||--------|--------||--------|--------||--------|--------||||--------|--------||---B----|--------||--------|--------||--------|--------| set
cpu-bind=MASK - n2cn1025, task 1221 69 [146392]: mask 0x|--------|--------||--------|--------||--------|--------||--------|--------||||-----B--|--------||--------|--------||--------|--------||--------|--------| set
cpu-bind=MASK - n2cn1157, task 1876 84 [2086826]: mask 0x|--------|--------||--------|--------||--------|--------||--------|--------||||--------|--------||----B---|--------||--------|--------||--------|--------| set
cpu-bind=MASK - n2cn1154, task 1740 76 [344413]: mask 0x|--------|--------||--------|--------||--------|--------||--------|--------||||--------|----B---||--------|--------||--------|--------||--------|--------| set
cpu-bind=MASK - n2cn1026, task 1370 90 [292116]: mask 0x|--------|--------||--------|--------||--------|--------||--------|--------||||--------|--------||--------|--B-----||--------|--------||--------|--------| set
cpu-bind=MASK - n2cn0181, task 342 86 [212721]: mask 0x|--------|--------||--------|--------||--------|--------||--------|--------||||--------|--------||------B-|--------||--------|--------||--------|--------| set
cpu-bind=MASK - n2cn1193, task 1997 77 [267093]: mask 0x|--------|--------||--------|--------||--------|--------||--------|--------||||--------|-----B--||--------|--------||--------|--------||--------|--------| set
cpu-bind=MASK - n2cn0182, task 453 69 [221927]: mask 0x|--------|--------||--------|--------||--------|--------||--------|--------||||-----B--|--------||--------|--------||--------|--------||--------|--------| set
cpu-bind=MASK - n2cn1152, task 1601 65 [241769]: mask 0x|--------|--------||--------|--------||--------|--------||--------|--------||||-B------|--------||--------|--------||--------|--------||--------|--------| set
cpu-bind=MASK - n2cn0183, task 594 82 [212837]: mask 0x|--------|--------||--------|--------||--------|--------||--------|--------||||--------|--------||--B-----|--------||--------|--------||--------|--------| set
cpu-bind=MASK - n2cn0179, task 58 58 [212832]: mask 0x|--------|--------||--------|--------||--------|--------||--------|--B-----||||--------|--------||--------|--------||--------|--------||--------|--------| set
cpu-bind=MASK - n2cn0891, task 1094 70 [293934]: mask 0x|--------|--------||--------|--------||--------|--------||--------|--------||||------B-|--------||--------|--------||--------|--------||--------|--------| set
cpu-bind=MASK - n2cn1151, task 1483 75 [265460]: mask 0x|--------|--------||--------|--------||--------|--------||--------|--------||||--------|---B----||--------|--------||--------|--------||--------|--------| set
cpu-bind=MASK - n2cn0890, task 979 83 [237001]: mask 0x|--------|--------||--------|--------||--------|--------||--------|--------||||--------|--------||---B----|--------||--------|--------||--------|--------| set
cpu-bind=MASK - n2cn0853, task 832 64 [302643]: mask 0x|--------|--------||--------|--------||--------|--------||--------|--------||||B-------|--------||--------|--------||--------|--------||--------|--------| set
cpu-bind=MASK - n2cn0180, task 212 84 [336797]: mask 0x|--------|--------||--------|--------||--------|--------||--------|--------||||--------|--------||----B---|--------||--------|--------||--------|--------| set
cpu-bind=MASK - n2cn0290, task 705 65 [244707]: mask 0x|--------|--------||--------|--------||--------|--------||--------|--------||||-B------|--------||--------|--------||--------|--------||--------|--------| set
cpu-bind=MASK - n2cn1025, task 1222 70 [146393]: mask 0x|--------|--------||--------|--------||--------|--------||--------|--------||||------B-|--------||--------|--------||--------|--------||--------|--------| set
cpu-bind=MASK - n2cn1026, task 1371 91 [292117]: mask 0x|--------|--------||--------|--------||--------|--------||--------|--------||||--------|--------||--------|---B----||--------|--------||--------|--------| set
cpu-bind=MASK - n2cn1157, task 1877 85 [2086827]: mask 0x|--------|--------||--------|--------||--------|--------||--------|--------||||--------|--------||-----B--|--------||--------|--------||--------|--------| set
cpu-bind=MASK - n2cn1154, task 1741 77 [344414]: mask 0x|--------|--------||--------|--------||--------|--------||--------|--------||||--------|-----B--||--------|--------||--------|--------||--------|--------| set
cpu-bind=MASK - n2cn0181, task 343 87 [212722]: mask 0x|--------|--------||--------|--------||--------|--------||--------|--------||||--------|--------||-------B|--------||--------|--------||--------|--------| set
cpu-bind=MASK - n2cn1193, task 1998 78 [267094]: mask 0x|--------|--------||--------|--------||--------|--------||--------|--------||||--------|------B-||--------|--------||--------|--------||--------|--------| set
cpu-bind=MASK - n2cn0182, task 454 70 [221928]: mask 0x|--------|--------||--------|--------||--------|--------||--------|--------||||------B-|--------||--------|--------||--------|--------||--------|--------| set
cpu-bind=MASK - n2cn1152, task 1602 66 [241770]: mask 0x|--------|--------||--------|--------||--------|--------||--------|--------||||--B-----|--------||--------|--------||--------|--------||--------|--------| set
cpu-bind=MASK - n2cn0183, task 595 83 [212838]: mask 0x|--------|--------||--------|--------||--------|--------||--------|--------||||--------|--------||---B----|--------||--------|--------||--------|--------| set
cpu-bind=MASK - n2cn0891, task 1095 71 [293935]: mask 0x|--------|--------||--------|--------||--------|--------||--------|--------||||-------B|--------||--------|--------||--------|--------||--------|--------| set
cpu-bind=MASK - n2cn0179, task 59 59 [212833]: mask 0x|--------|--------||--------|--------||--------|--------||--------|---B----||||--------|--------||--------|--------||--------|--------||--------|--------| set
cpu-bind=MASK - n2cn1151, task 1484 76 [265461]: mask 0x|--------|--------||--------|--------||--------|--------||--------|--------||||--------|----B---||--------|--------||--------|--------||--------|--------| set
cpu-bind=MASK - n2cn0890, task 980 84 [237002]: mask 0x|--------|--------||--------|--------||--------|--------||--------|--------||||--------|--------||----B---|--------||--------|--------||--------|--------| set
cpu-bind=MASK - n2cn0180, task 213 85 [336798]: mask 0x|--------|--------||--------|--------||--------|--------||--------|--------||||--------|--------||-----B--|--------||--------|--------||--------|--------| set
cpu-bind=MASK - n2cn0853, task 833 65 [302644]: mask 0x|--------|--------||--------|--------||--------|--------||--------|--------||||-B------|--------||--------|--------||--------|--------||--------|--------| set
cpu-bind=MASK - n2cn0290, task 706 66 [244708]: mask 0x|--------|--------||--------|--------||--------|--------||--------|--------||||--B-----|--------||--------|--------||--------|--------||--------|--------| set
cpu-bind=MASK - n2cn1026, task 1372 92 [292118]: mask 0x|--------|--------||--------|--------||--------|--------||--------|--------||||--------|--------||--------|----B---||--------|--------||--------|--------| set
cpu-bind=MASK - n2cn1157, task 1878 86 [2086828]: mask 0x|--------|--------||--------|--------||--------|--------||--------|--------||||--------|--------||------B-|--------||--------|--------||--------|--------| set
cpu-bind=MASK - n2cn1025, task 1223 71 [146394]: mask 0x|--------|--------||--------|--------||--------|--------||--------|--------||||-------B|--------||--------|--------||--------|--------||--------|--------| set
cpu-bind=MASK - n2cn1154, task 1742 78 [344415]: mask 0x|--------|--------||--------|--------||--------|--------||--------|--------||||--------|------B-||--------|--------||--------|--------||--------|--------| set
cpu-bind=MASK - n2cn0181, task 344 88 [212723]: mask 0x|--------|--------||--------|--------||--------|--------||--------|--------||||--------|--------||--------|B-------||--------|--------||--------|--------| set
cpu-bind=MASK - n2cn0182, task 455 71 [221929]: mask 0x|--------|--------||--------|--------||--------|--------||--------|--------||||-------B|--------||--------|--------||--------|--------||--------|--------| set
cpu-bind=MASK - n2cn1152, task 1603 67 [241771]: mask 0x|--------|--------||--------|--------||--------|--------||--------|--------||||---B----|--------||--------|--------||--------|--------||--------|--------| set
cpu-bind=MASK - n2cn1193, task 1999 79 [267095]: mask 0x|--------|--------||--------|--------||--------|--------||--------|--------||||--------|-------B||--------|--------||--------|--------||--------|--------| set
cpu-bind=MASK - n2cn0183, task 596 84 [212839]: mask 0x|--------|--------||--------|--------||--------|--------||--------|--------||||--------|--------||----B---|--------||--------|--------||--------|--------| set
cpu-bind=MASK - n2cn0891, task 1096 72 [293936]: mask 0x|--------|--------||--------|--------||--------|--------||--------|--------||||--------|B-------||--------|--------||--------|--------||--------|--------| set
cpu-bind=MASK - n2cn1151, task 1485 77 [265462]: mask 0x|--------|--------||--------|--------||--------|--------||--------|--------||||--------|-----B--||--------|--------||--------|--------||--------|--------| set
cpu-bind=MASK - n2cn0179, task 60 60 [212834]: mask 0x|--------|--------||--------|--------||--------|--------||--------|----B---||||--------|--------||--------|--------||--------|--------||--------|--------| set
cpu-bind=MASK - n2cn0890, task 981 85 [237003]: mask 0x|--------|--------||--------|--------||--------|--------||--------|--------||||--------|--------||-----B--|--------||--------|--------||--------|--------| set
cpu-bind=MASK - n2cn0180, task 214 86 [336799]: mask 0x|--------|--------||--------|--------||--------|--------||--------|--------||||--------|--------||------B-|--------||--------|--------||--------|--------| set
cpu-bind=MASK - n2cn0853, task 834 66 [302645]: mask 0x|--------|--------||--------|--------||--------|--------||--------|--------||||--B-----|--------||--------|--------||--------|--------||--------|--------| set
cpu-bind=MASK - n2cn1026, task 1373 93 [292119]: mask 0x|--------|--------||--------|--------||--------|--------||--------|--------||||--------|--------||--------|-----B--||--------|--------||--------|--------| set
cpu-bind=MASK - n2cn0290, task 707 67 [244709]: mask 0x|--------|--------||--------|--------||--------|--------||--------|--------||||---B----|--------||--------|--------||--------|--------||--------|--------| set
cpu-bind=MASK - n2cn1025, task 1224 72 [146395]: mask 0x|--------|--------||--------|--------||--------|--------||--------|--------||||--------|B-------||--------|--------||--------|--------||--------|--------| set
cpu-bind=MASK - n2cn1157, task 1879 87 [2086829]: mask 0x|--------|--------||--------|--------||--------|--------||--------|--------||||--------|--------||-------B|--------||--------|--------||--------|--------| set
cpu-bind=MASK - n2cn1154, task 1743 79 [344416]: mask 0x|--------|--------||--------|--------||--------|--------||--------|--------||||--------|-------B||--------|--------||--------|--------||--------|--------| set
cpu-bind=MASK - n2cn0181, task 345 89 [212724]: mask 0x|--------|--------||--------|--------||--------|--------||--------|--------||||--------|--------||--------|-B------||--------|--------||--------|--------| set
cpu-bind=MASK - n2cn0182, task 456 72 [221930]: mask 0x|--------|--------||--------|--------||--------|--------||--------|--------||||--------|B-------||--------|--------||--------|--------||--------|--------| set
cpu-bind=MASK - n2cn1152, task 1604 68 [241772]: mask 0x|--------|--------||--------|--------||--------|--------||--------|--------||||----B---|--------||--------|--------||--------|--------||--------|--------| set
cpu-bind=MASK - n2cn1193, task 2000 80 [267096]: mask 0x|--------|--------||--------|--------||--------|--------||--------|--------||||--------|--------||B-------|--------||--------|--------||--------|--------| set
cpu-bind=MASK - n2cn0183, task 597 85 [212840]: mask 0x|--------|--------||--------|--------||--------|--------||--------|--------||||--------|--------||-----B--|--------||--------|--------||--------|--------| set
cpu-bind=MASK - n2cn1151, task 1486 78 [265463]: mask 0x|--------|--------||--------|--------||--------|--------||--------|--------||||--------|------B-||--------|--------||--------|--------||--------|--------| set
cpu-bind=MASK - n2cn0891, task 1097 73 [293937]: mask 0x|--------|--------||--------|--------||--------|--------||--------|--------||||--------|-B------||--------|--------||--------|--------||--------|--------| set
cpu-bind=MASK - n2cn0179, task 61 61 [212835]: mask 0x|--------|--------||--------|--------||--------|--------||--------|-----B--||||--------|--------||--------|--------||--------|--------||--------|--------| set
cpu-bind=MASK - n2cn0890, task 982 86 [237004]: mask 0x|--------|--------||--------|--------||--------|--------||--------|--------||||--------|--------||------B-|--------||--------|--------||--------|--------| set
cpu-bind=MASK - n2cn0853, task 835 67 [302646]: mask 0x|--------|--------||--------|--------||--------|--------||--------|--------||||---B----|--------||--------|--------||--------|--------||--------|--------| set
cpu-bind=MASK - n2cn1026, task 1374 94 [292120]: mask 0x|--------|--------||--------|--------||--------|--------||--------|--------||||--------|--------||--------|------B-||--------|--------||--------|--------| set
cpu-bind=MASK - n2cn0180, task 215 87 [336800]: mask 0x|--------|--------||--------|--------||--------|--------||--------|--------||||--------|--------||-------B|--------||--------|--------||--------|--------| set
cpu-bind=MASK - n2cn0290, task 708 68 [244710]: mask 0x|--------|--------||--------|--------||--------|--------||--------|--------||||----B---|--------||--------|--------||--------|--------||--------|--------| set
cpu-bind=MASK - n2cn1025, task 1225 73 [146396]: mask 0x|--------|--------||--------|--------||--------|--------||--------|--------||||--------|-B------||--------|--------||--------|--------||--------|--------| set
cpu-bind=MASK - n2cn1157, task 1880 88 [2086830]: mask 0x|--------|--------||--------|--------||--------|--------||--------|--------||||--------|--------||--------|B-------||--------|--------||--------|--------| set
cpu-bind=MASK - n2cn1154, task 1744 80 [344417]: mask 0x|--------|--------||--------|--------||--------|--------||--------|--------||||--------|--------||B-------|--------||--------|--------||--------|--------| set
cpu-bind=MASK - n2cn0183, task 598 86 [212841]: mask 0x|--------|--------||--------|--------||--------|--------||--------|--------||||--------|--------||------B-|--------||--------|--------||--------|--------| set
cpu-bind=MASK - n2cn1152, task 1605 69 [241773]: mask 0x|--------|--------||--------|--------||--------|--------||--------|--------||||-----B--|--------||--------|--------||--------|--------||--------|--------| set
cpu-bind=MASK - n2cn1193, task 2001 81 [267097]: mask 0x|--------|--------||--------|--------||--------|--------||--------|--------||||--------|--------||-B------|--------||--------|--------||--------|--------| set
cpu-bind=MASK - n2cn0891, task 1098 74 [293938]: mask 0x|--------|--------||--------|--------||--------|--------||--------|--------||||--------|--B-----||--------|--------||--------|--------||--------|--------| set
cpu-bind=MASK - n2cn0890, task 983 87 [237005]: mask 0x|--------|--------||--------|--------||--------|--------||--------|--------||||--------|--------||-------B|--------||--------|--------||--------|--------| set
cpu-bind=MASK - n2cn0853, task 836 68 [302647]: mask 0x|--------|--------||--------|--------||--------|--------||--------|--------||||----B---|--------||--------|--------||--------|--------||--------|--------| set
cpu-bind=MASK - n2cn1026, task 1375 95 [292121]: mask 0x|--------|--------||--------|--------||--------|--------||--------|--------||||--------|--------||--------|-------B||--------|--------||--------|--------| set
cpu-bind=MASK - n2cn0179, task 62 62 [212836]: mask 0x|--------|--------||--------|--------||--------|--------||--------|------B-||||--------|--------||--------|--------||--------|--------||--------|--------| set
cpu-bind=MASK - n2cn0180, task 216 88 [336801]: mask 0x|--------|--------||--------|--------||--------|--------||--------|--------||||--------|--------||--------|B-------||--------|--------||--------|--------| set
cpu-bind=MASK - n2cn1151, task 1487 79 [265464]: mask 0x|--------|--------||--------|--------||--------|--------||--------|--------||||--------|-------B||--------|--------||--------|--------||--------|--------| set
cpu-bind=MASK - n2cn1025, task 1226 74 [146397]: mask 0x|--------|--------||--------|--------||--------|--------||--------|--------||||--------|--B-----||--------|--------||--------|--------||--------|--------| set
cpu-bind=MASK - n2cn1157, task 1881 89 [2086831]: mask 0x|--------|--------||--------|--------||--------|--------||--------|--------||||--------|--------||--------|-B------||--------|--------||--------|--------| set
cpu-bind=MASK - n2cn0182, task 457 73 [221931]: mask 0x|--------|--------||--------|--------||--------|--------||--------|--------||||--------|-B------||--------|--------||--------|--------||--------|--------| set
cpu-bind=MASK - n2cn0183, task 599 87 [212842]: mask 0x|--------|--------||--------|--------||--------|--------||--------|--------||||--------|--------||-------B|--------||--------|--------||--------|--------| set
cpu-bind=MASK - n2cn0290, task 709 69 [244711]: mask 0x|--------|--------||--------|--------||--------|--------||--------|--------||||-----B--|--------||--------|--------||--------|--------||--------|--------| set
cpu-bind=MASK - n2cn1152, task 1606 70 [241774]: mask 0x|--------|--------||--------|--------||--------|--------||--------|--------||||------B-|--------||--------|--------||--------|--------||--------|--------| set
cpu-bind=MASK - n2cn1154, task 1745 81 [344418]: mask 0x|--------|--------||--------|--------||--------|--------||--------|--------||||--------|--------||-B------|--------||--------|--------||--------|--------| set
cpu-bind=MASK - n2cn0181, task 346 90 [212725]: mask 0x|--------|--------||--------|--------||--------|--------||--------|--------||||--------|--------||--------|--B-----||--------|--------||--------|--------| set
cpu-bind=MASK - n2cn1193, task 2002 82 [267098]: mask 0x|--------|--------||--------|--------||--------|--------||--------|--------||||--------|--------||--B-----|--------||--------|--------||--------|--------| set
cpu-bind=MASK - n2cn0891, task 1099 75 [293939]: mask 0x|--------|--------||--------|--------||--------|--------||--------|--------||||--------|---B----||--------|--------||--------|--------||--------|--------| set
cpu-bind=MASK - n2cn0853, task 837 69 [302648]: mask 0x|--------|--------||--------|--------||--------|--------||--------|--------||||-----B--|--------||--------|--------||--------|--------||--------|--------| set
cpu-bind=MASK - n2cn0890, task 984 88 [237006]: mask 0x|--------|--------||--------|--------||--------|--------||--------|--------||||--------|--------||--------|B-------||--------|--------||--------|--------| set
cpu-bind=MASK - n2cn1026, task 1376 96 [292122]: mask 0x|--------|--------||--------|--------||--------|--------||--------|--------||||--------|--------||--------|--------||B-------|--------||--------|--------| set
cpu-bind=MASK - n2cn0180, task 217 89 [336802]: mask 0x|--------|--------||--------|--------||--------|--------||--------|--------||||--------|--------||--------|-B------||--------|--------||--------|--------| set
cpu-bind=MASK - n2cn1151, task 1488 80 [265465]: mask 0x|--------|--------||--------|--------||--------|--------||--------|--------||||--------|--------||B-------|--------||--------|--------||--------|--------| set
cpu-bind=MASK - n2cn0179, task 63 63 [212837]: mask 0x|--------|--------||--------|--------||--------|--------||--------|-------B||||--------|--------||--------|--------||--------|--------||--------|--------| set
cpu-bind=MASK - n2cn1157, task 1882 90 [2086832]: mask 0x|--------|--------||--------|--------||--------|--------||--------|--------||||--------|--------||--------|--B-----||--------|--------||--------|--------| set
cpu-bind=MASK - n2cn1025, task 1227 75 [146398]: mask 0x|--------|--------||--------|--------||--------|--------||--------|--------||||--------|---B----||--------|--------||--------|--------||--------|--------| set
cpu-bind=MASK - n2cn0182, task 458 74 [221932]: mask 0x|--------|--------||--------|--------||--------|--------||--------|--------||||--------|--B-----||--------|--------||--------|--------||--------|--------| set
cpu-bind=MASK - n2cn0183, task 600 88 [212843]: mask 0x|--------|--------||--------|--------||--------|--------||--------|--------||||--------|--------||--------|B-------||--------|--------||--------|--------| set
cpu-bind=MASK - n2cn1152, task 1607 71 [241775]: mask 0x|--------|--------||--------|--------||--------|--------||--------|--------||||-------B|--------||--------|--------||--------|--------||--------|--------| set
cpu-bind=MASK - n2cn1154, task 1746 82 [344419]: mask 0x|--------|--------||--------|--------||--------|--------||--------|--------||||--------|--------||--B-----|--------||--------|--------||--------|--------| set
cpu-bind=MASK - n2cn0890, task 985 89 [237007]: mask 0x|--------|--------||--------|--------||--------|--------||--------|--------||||--------|--------||--------|-B------||--------|--------||--------|--------| set
cpu-bind=MASK - n2cn0290, task 710 70 [244712]: mask 0x|--------|--------||--------|--------||--------|--------||--------|--------||||------B-|--------||--------|--------||--------|--------||--------|--------| set
cpu-bind=MASK - n2cn0853, task 838 70 [302649]: mask 0x|--------|--------||--------|--------||--------|--------||--------|--------||||------B-|--------||--------|--------||--------|--------||--------|--------| set
cpu-bind=MASK - n2cn0891, task 1100 76 [293940]: mask 0x|--------|--------||--------|--------||--------|--------||--------|--------||||--------|----B---||--------|--------||--------|--------||--------|--------| set
cpu-bind=MASK - n2cn1026, task 1377 97 [292123]: mask 0x|--------|--------||--------|--------||--------|--------||--------|--------||||--------|--------||--------|--------||-B------|--------||--------|--------| set
cpu-bind=MASK - n2cn1193, task 2003 83 [267099]: mask 0x|--------|--------||--------|--------||--------|--------||--------|--------||||--------|--------||---B----|--------||--------|--------||--------|--------| set
cpu-bind=MASK - n2cn0181, task 347 91 [212726]: mask 0x|--------|--------||--------|--------||--------|--------||--------|--------||||--------|--------||--------|---B----||--------|--------||--------|--------| set
cpu-bind=MASK - n2cn0180, task 218 90 [336803]: mask 0x|--------|--------||--------|--------||--------|--------||--------|--------||||--------|--------||--------|--B-----||--------|--------||--------|--------| set
cpu-bind=MASK - n2cn1151, task 1489 81 [265466]: mask 0x|--------|--------||--------|--------||--------|--------||--------|--------||||--------|--------||-B------|--------||--------|--------||--------|--------| set
cpu-bind=MASK - n2cn0179, task 64 64 [212838]: mask 0x|--------|--------||--------|--------||--------|--------||--------|--------||||B-------|--------||--------|--------||--------|--------||--------|--------| set
cpu-bind=MASK - n2cn1157, task 1883 91 [2086833]: mask 0x|--------|--------||--------|--------||--------|--------||--------|--------||||--------|--------||--------|---B----||--------|--------||--------|--------| set
cpu-bind=MASK - n2cn1025, task 1228 76 [146399]: mask 0x|--------|--------||--------|--------||--------|--------||--------|--------||||--------|----B---||--------|--------||--------|--------||--------|--------| set
cpu-bind=MASK - n2cn0182, task 459 75 [221933]: mask 0x|--------|--------||--------|--------||--------|--------||--------|--------||||--------|---B----||--------|--------||--------|--------||--------|--------| set
cpu-bind=MASK - n2cn0183, task 601 89 [212844]: mask 0x|--------|--------||--------|--------||--------|--------||--------|--------||||--------|--------||--------|-B------||--------|--------||--------|--------| set
cpu-bind=MASK - n2cn1154, task 1747 83 [344420]: mask 0x|--------|--------||--------|--------||--------|--------||--------|--------||||--------|--------||---B----|--------||--------|--------||--------|--------| set
cpu-bind=MASK - n2cn1152, task 1608 72 [241776]: mask 0x|--------|--------||--------|--------||--------|--------||--------|--------||||--------|B-------||--------|--------||--------|--------||--------|--------| set
cpu-bind=MASK - n2cn0890, task 986 90 [237008]: mask 0x|--------|--------||--------|--------||--------|--------||--------|--------||||--------|--------||--------|--B-----||--------|--------||--------|--------| set
cpu-bind=MASK - n2cn0853, task 839 71 [302650]: mask 0x|--------|--------||--------|--------||--------|--------||--------|--------||||-------B|--------||--------|--------||--------|--------||--------|--------| set
cpu-bind=MASK - n2cn1026, task 1378 98 [292124]: mask 0x|--------|--------||--------|--------||--------|--------||--------|--------||||--------|--------||--------|--------||--B-----|--------||--------|--------| set
cpu-bind=MASK - n2cn0290, task 711 71 [244713]: mask 0x|--------|--------||--------|--------||--------|--------||--------|--------||||-------B|--------||--------|--------||--------|--------||--------|--------| set
cpu-bind=MASK - n2cn1193, task 2004 84 [267100]: mask 0x|--------|--------||--------|--------||--------|--------||--------|--------||||--------|--------||----B---|--------||--------|--------||--------|--------| set
cpu-bind=MASK - n2cn0891, task 1101 77 [293941]: mask 0x|--------|--------||--------|--------||--------|--------||--------|--------||||--------|-----B--||--------|--------||--------|--------||--------|--------| set
cpu-bind=MASK - n2cn0181, task 348 92 [212727]: mask 0x|--------|--------||--------|--------||--------|--------||--------|--------||||--------|--------||--------|----B---||--------|--------||--------|--------| set
cpu-bind=MASK - n2cn0180, task 219 91 [336804]: mask 0x|--------|--------||--------|--------||--------|--------||--------|--------||||--------|--------||--------|---B----||--------|--------||--------|--------| set
cpu-bind=MASK - n2cn1151, task 1490 82 [265467]: mask 0x|--------|--------||--------|--------||--------|--------||--------|--------||||--------|--------||--B-----|--------||--------|--------||--------|--------| set
cpu-bind=MASK - n2cn0179, task 65 65 [212839]: mask 0x|--------|--------||--------|--------||--------|--------||--------|--------||||-B------|--------||--------|--------||--------|--------||--------|--------| set
cpu-bind=MASK - n2cn1157, task 1884 92 [2086834]: mask 0x|--------|--------||--------|--------||--------|--------||--------|--------||||--------|--------||--------|----B---||--------|--------||--------|--------| set
cpu-bind=MASK - n2cn1025, task 1229 77 [146400]: mask 0x|--------|--------||--------|--------||--------|--------||--------|--------||||--------|-----B--||--------|--------||--------|--------||--------|--------| set
cpu-bind=MASK - n2cn0183, task 602 90 [212845]: mask 0x|--------|--------||--------|--------||--------|--------||--------|--------||||--------|--------||--------|--B-----||--------|--------||--------|--------| set
cpu-bind=MASK - n2cn0182, task 460 76 [221934]: mask 0x|--------|--------||--------|--------||--------|--------||--------|--------||||--------|----B---||--------|--------||--------|--------||--------|--------| set
cpu-bind=MASK - n2cn1152, task 1609 73 [241777]: mask 0x|--------|--------||--------|--------||--------|--------||--------|--------||||--------|-B------||--------|--------||--------|--------||--------|--------| set
cpu-bind=MASK - n2cn1026, task 1379 99 [292125]: mask 0x|--------|--------||--------|--------||--------|--------||--------|--------||||--------|--------||--------|--------||---B----|--------||--------|--------| set
cpu-bind=MASK - n2cn1154, task 1748 84 [344421]: mask 0x|--------|--------||--------|--------||--------|--------||--------|--------||||--------|--------||----B---|--------||--------|--------||--------|--------| set
cpu-bind=MASK - n2cn1193, task 2005 85 [267101]: mask 0x|--------|--------||--------|--------||--------|--------||--------|--------||||--------|--------||-----B--|--------||--------|--------||--------|--------| set
cpu-bind=MASK - n2cn0853, task 840 72 [302651]: mask 0x|--------|--------||--------|--------||--------|--------||--------|--------||||--------|B-------||--------|--------||--------|--------||--------|--------| set
cpu-bind=MASK - n2cn0891, task 1102 78 [293942]: mask 0x|--------|--------||--------|--------||--------|--------||--------|--------||||--------|------B-||--------|--------||--------|--------||--------|--------| set
cpu-bind=MASK - n2cn0290, task 712 72 [244714]: mask 0x|--------|--------||--------|--------||--------|--------||--------|--------||||--------|B-------||--------|--------||--------|--------||--------|--------| set
cpu-bind=MASK - n2cn0180, task 220 92 [336805]: mask 0x|--------|--------||--------|--------||--------|--------||--------|--------||||--------|--------||--------|----B---||--------|--------||--------|--------| set
cpu-bind=MASK - n2cn0890, task 987 91 [237009]: mask 0x|--------|--------||--------|--------||--------|--------||--------|--------||||--------|--------||--------|---B----||--------|--------||--------|--------| set
cpu-bind=MASK - n2cn0181, task 349 93 [212728]: mask 0x|--------|--------||--------|--------||--------|--------||--------|--------||||--------|--------||--------|-----B--||--------|--------||--------|--------| set
cpu-bind=MASK - n2cn1151, task 1491 83 [265468]: mask 0x|--------|--------||--------|--------||--------|--------||--------|--------||||--------|--------||---B----|--------||--------|--------||--------|--------| set
cpu-bind=MASK - n2cn0179, task 66 66 [212840]: mask 0x|--------|--------||--------|--------||--------|--------||--------|--------||||--B-----|--------||--------|--------||--------|--------||--------|--------| set
cpu-bind=MASK - n2cn1025, task 1230 78 [146401]: mask 0x|--------|--------||--------|--------||--------|--------||--------|--------||||--------|------B-||--------|--------||--------|--------||--------|--------| set
cpu-bind=MASK - n2cn1157, task 1885 93 [2086835]: mask 0x|--------|--------||--------|--------||--------|--------||--------|--------||||--------|--------||--------|-----B--||--------|--------||--------|--------| set
cpu-bind=MASK - n2cn0183, task 603 91 [212846]: mask 0x|--------|--------||--------|--------||--------|--------||--------|--------||||--------|--------||--------|---B----||--------|--------||--------|--------| set
cpu-bind=MASK - n2cn0182, task 461 77 [221935]: mask 0x|--------|--------||--------|--------||--------|--------||--------|--------||||--------|-----B--||--------|--------||--------|--------||--------|--------| set
cpu-bind=MASK - n2cn1026, task 1380 100 [292126]: mask 0x|--------|--------||--------|--------||--------|--------||--------|--------||||--------|--------||--------|--------||----B---|--------||--------|--------| set
cpu-bind=MASK - n2cn1152, task 1610 74 [241778]: mask 0x|--------|--------||--------|--------||--------|--------||--------|--------||||--------|--B-----||--------|--------||--------|--------||--------|--------| set
cpu-bind=MASK - n2cn1154, task 1749 85 [344422]: mask 0x|--------|--------||--------|--------||--------|--------||--------|--------||||--------|--------||-----B--|--------||--------|--------||--------|--------| set
cpu-bind=MASK - n2cn0853, task 841 73 [302652]: mask 0x|--------|--------||--------|--------||--------|--------||--------|--------||||--------|-B------||--------|--------||--------|--------||--------|--------| set
cpu-bind=MASK - n2cn0891, task 1103 79 [293943]: mask 0x|--------|--------||--------|--------||--------|--------||--------|--------||||--------|-------B||--------|--------||--------|--------||--------|--------| set
cpu-bind=MASK - n2cn0890, task 988 92 [237010]: mask 0x|--------|--------||--------|--------||--------|--------||--------|--------||||--------|--------||--------|----B---||--------|--------||--------|--------| set
cpu-bind=MASK - n2cn0290, task 713 73 [244715]: mask 0x|--------|--------||--------|--------||--------|--------||--------|--------||||--------|-B------||--------|--------||--------|--------||--------|--------| set
cpu-bind=MASK - n2cn0180, task 221 93 [336806]: mask 0x|--------|--------||--------|--------||--------|--------||--------|--------||||--------|--------||--------|-----B--||--------|--------||--------|--------| set
cpu-bind=MASK - n2cn0181, task 350 94 [212729]: mask 0x|--------|--------||--------|--------||--------|--------||--------|--------||||--------|--------||--------|------B-||--------|--------||--------|--------| set
cpu-bind=MASK - n2cn1151, task 1492 84 [265469]: mask 0x|--------|--------||--------|--------||--------|--------||--------|--------||||--------|--------||----B---|--------||--------|--------||--------|--------| set
cpu-bind=MASK - n2cn1193, task 2006 86 [267102]: mask 0x|--------|--------||--------|--------||--------|--------||--------|--------||||--------|--------||------B-|--------||--------|--------||--------|--------| set
cpu-bind=MASK - n2cn1025, task 1231 79 [146402]: mask 0x|--------|--------||--------|--------||--------|--------||--------|--------||||--------|-------B||--------|--------||--------|--------||--------|--------| set
cpu-bind=MASK - n2cn0183, task 604 92 [212847]: mask 0x|--------|--------||--------|--------||--------|--------||--------|--------||||--------|--------||--------|----B---||--------|--------||--------|--------| set
cpu-bind=MASK - n2cn1157, task 1886 94 [2086836]: mask 0x|--------|--------||--------|--------||--------|--------||--------|--------||||--------|--------||--------|------B-||--------|--------||--------|--------| set
cpu-bind=MASK - n2cn0179, task 67 67 [212841]: mask 0x|--------|--------||--------|--------||--------|--------||--------|--------||||---B----|--------||--------|--------||--------|--------||--------|--------| set
cpu-bind=MASK - n2cn1152, task 1611 75 [241779]: mask 0x|--------|--------||--------|--------||--------|--------||--------|--------||||--------|---B----||--------|--------||--------|--------||--------|--------| set
cpu-bind=MASK - n2cn0182, task 462 78 [221936]: mask 0x|--------|--------||--------|--------||--------|--------||--------|--------||||--------|------B-||--------|--------||--------|--------||--------|--------| set
cpu-bind=MASK - n2cn1154, task 1750 86 [344423]: mask 0x|--------|--------||--------|--------||--------|--------||--------|--------||||--------|--------||------B-|--------||--------|--------||--------|--------| set
cpu-bind=MASK - n2cn0853, task 842 74 [302653]: mask 0x|--------|--------||--------|--------||--------|--------||--------|--------||||--------|--B-----||--------|--------||--------|--------||--------|--------| set
cpu-bind=MASK - n2cn0891, task 1104 80 [293944]: mask 0x|--------|--------||--------|--------||--------|--------||--------|--------||||--------|--------||B-------|--------||--------|--------||--------|--------| set
cpu-bind=MASK - n2cn1026, task 1381 101 [292127]: mask 0x|--------|--------||--------|--------||--------|--------||--------|--------||||--------|--------||--------|--------||-----B--|--------||--------|--------| set
cpu-bind=MASK - n2cn0180, task 222 94 [336807]: mask 0x|--------|--------||--------|--------||--------|--------||--------|--------||||--------|--------||--------|------B-||--------|--------||--------|--------| set
cpu-bind=MASK - n2cn0181, task 351 95 [212730]: mask 0x|--------|--------||--------|--------||--------|--------||--------|--------||||--------|--------||--------|-------B||--------|--------||--------|--------| set
cpu-bind=MASK - n2cn0890, task 989 93 [237011]: mask 0x|--------|--------||--------|--------||--------|--------||--------|--------||||--------|--------||--------|-----B--||--------|--------||--------|--------| set
cpu-bind=MASK - n2cn0290, task 714 74 [244716]: mask 0x|--------|--------||--------|--------||--------|--------||--------|--------||||--------|--B-----||--------|--------||--------|--------||--------|--------| set
cpu-bind=MASK - n2cn0183, task 605 93 [212848]: mask 0x|--------|--------||--------|--------||--------|--------||--------|--------||||--------|--------||--------|-----B--||--------|--------||--------|--------| set
cpu-bind=MASK - n2cn1151, task 1493 85 [265470]: mask 0x|--------|--------||--------|--------||--------|--------||--------|--------||||--------|--------||-----B--|--------||--------|--------||--------|--------| set
cpu-bind=MASK - n2cn1193, task 2007 87 [267103]: mask 0x|--------|--------||--------|--------||--------|--------||--------|--------||||--------|--------||-------B|--------||--------|--------||--------|--------| set
cpu-bind=MASK - n2cn1025, task 1232 80 [146403]: mask 0x|--------|--------||--------|--------||--------|--------||--------|--------||||--------|--------||B-------|--------||--------|--------||--------|--------| set
cpu-bind=MASK - n2cn1157, task 1887 95 [2086837]: mask 0x|--------|--------||--------|--------||--------|--------||--------|--------||||--------|--------||--------|-------B||--------|--------||--------|--------| set
cpu-bind=MASK - n2cn1152, task 1612 76 [241780]: mask 0x|--------|--------||--------|--------||--------|--------||--------|--------||||--------|----B---||--------|--------||--------|--------||--------|--------| set
cpu-bind=MASK - n2cn0182, task 463 79 [221937]: mask 0x|--------|--------||--------|--------||--------|--------||--------|--------||||--------|-------B||--------|--------||--------|--------||--------|--------| set
cpu-bind=MASK - n2cn0179, task 68 68 [212842]: mask 0x|--------|--------||--------|--------||--------|--------||--------|--------||||----B---|--------||--------|--------||--------|--------||--------|--------| set
cpu-bind=MASK - n2cn0853, task 843 75 [302654]: mask 0x|--------|--------||--------|--------||--------|--------||--------|--------||||--------|---B----||--------|--------||--------|--------||--------|--------| set
cpu-bind=MASK - n2cn1154, task 1751 87 [344424]: mask 0x|--------|--------||--------|--------||--------|--------||--------|--------||||--------|--------||-------B|--------||--------|--------||--------|--------| set
cpu-bind=MASK - n2cn0891, task 1105 81 [293945]: mask 0x|--------|--------||--------|--------||--------|--------||--------|--------||||--------|--------||-B------|--------||--------|--------||--------|--------| set
cpu-bind=MASK - n2cn1026, task 1382 102 [292128]: mask 0x|--------|--------||--------|--------||--------|--------||--------|--------||||--------|--------||--------|--------||------B-|--------||--------|--------| set
cpu-bind=MASK - n2cn0180, task 223 95 [336808]: mask 0x|--------|--------||--------|--------||--------|--------||--------|--------||||--------|--------||--------|-------B||--------|--------||--------|--------| set
cpu-bind=MASK - n2cn0890, task 990 94 [237012]: mask 0x|--------|--------||--------|--------||--------|--------||--------|--------||||--------|--------||--------|------B-||--------|--------||--------|--------| set
cpu-bind=MASK - n2cn0181, task 352 96 [212731]: mask 0x|--------|--------||--------|--------||--------|--------||--------|--------||||--------|--------||--------|--------||B-------|--------||--------|--------| set
cpu-bind=MASK - n2cn0183, task 606 94 [212849]: mask 0x|--------|--------||--------|--------||--------|--------||--------|--------||||--------|--------||--------|------B-||--------|--------||--------|--------| set
cpu-bind=MASK - n2cn0290, task 715 75 [244717]: mask 0x|--------|--------||--------|--------||--------|--------||--------|--------||||--------|---B----||--------|--------||--------|--------||--------|--------| set
cpu-bind=MASK - n2cn1151, task 1494 86 [265471]: mask 0x|--------|--------||--------|--------||--------|--------||--------|--------||||--------|--------||------B-|--------||--------|--------||--------|--------| set
cpu-bind=MASK - n2cn1025, task 1233 81 [146404]: mask 0x|--------|--------||--------|--------||--------|--------||--------|--------||||--------|--------||-B------|--------||--------|--------||--------|--------| set
cpu-bind=MASK - n2cn1193, task 2008 88 [267104]: mask 0x|--------|--------||--------|--------||--------|--------||--------|--------||||--------|--------||--------|B-------||--------|--------||--------|--------| set
cpu-bind=MASK - n2cn0182, task 464 80 [221938]: mask 0x|--------|--------||--------|--------||--------|--------||--------|--------||||--------|--------||B-------|--------||--------|--------||--------|--------| set
cpu-bind=MASK - n2cn1152, task 1613 77 [241781]: mask 0x|--------|--------||--------|--------||--------|--------||--------|--------||||--------|-----B--||--------|--------||--------|--------||--------|--------| set
cpu-bind=MASK - n2cn0179, task 69 69 [212843]: mask 0x|--------|--------||--------|--------||--------|--------||--------|--------||||-----B--|--------||--------|--------||--------|--------||--------|--------| set
cpu-bind=MASK - n2cn1154, task 1752 88 [344425]: mask 0x|--------|--------||--------|--------||--------|--------||--------|--------||||--------|--------||--------|B-------||--------|--------||--------|--------| set
cpu-bind=MASK - n2cn1157, task 1888 96 [2086838]: mask 0x|--------|--------||--------|--------||--------|--------||--------|--------||||--------|--------||--------|--------||B-------|--------||--------|--------| set
cpu-bind=MASK - n2cn0853, task 844 76 [302655]: mask 0x|--------|--------||--------|--------||--------|--------||--------|--------||||--------|----B---||--------|--------||--------|--------||--------|--------| set
cpu-bind=MASK - n2cn1026, task 1383 103 [292129]: mask 0x|--------|--------||--------|--------||--------|--------||--------|--------||||--------|--------||--------|--------||-------B|--------||--------|--------| set
cpu-bind=MASK - n2cn0180, task 224 96 [336809]: mask 0x|--------|--------||--------|--------||--------|--------||--------|--------||||--------|--------||--------|--------||B-------|--------||--------|--------| set
cpu-bind=MASK - n2cn0890, task 991 95 [237013]: mask 0x|--------|--------||--------|--------||--------|--------||--------|--------||||--------|--------||--------|-------B||--------|--------||--------|--------| set
cpu-bind=MASK - n2cn0183, task 607 95 [212850]: mask 0x|--------|--------||--------|--------||--------|--------||--------|--------||||--------|--------||--------|-------B||--------|--------||--------|--------| set
cpu-bind=MASK - n2cn0181, task 353 97 [212732]: mask 0x|--------|--------||--------|--------||--------|--------||--------|--------||||--------|--------||--------|--------||-B------|--------||--------|--------| set
cpu-bind=MASK - n2cn1025, task 1234 82 [146405]: mask 0x|--------|--------||--------|--------||--------|--------||--------|--------||||--------|--------||--B-----|--------||--------|--------||--------|--------| set
cpu-bind=MASK - n2cn1152, task 1614 78 [241782]: mask 0x|--------|--------||--------|--------||--------|--------||--------|--------||||--------|------B-||--------|--------||--------|--------||--------|--------| set
cpu-bind=MASK - n2cn0182, task 465 81 [221939]: mask 0x|--------|--------||--------|--------||--------|--------||--------|--------||||--------|--------||-B------|--------||--------|--------||--------|--------| set
cpu-bind=MASK - n2cn0290, task 716 76 [244718]: mask 0x|--------|--------||--------|--------||--------|--------||--------|--------||||--------|----B---||--------|--------||--------|--------||--------|--------| set
cpu-bind=MASK - n2cn1151, task 1495 87 [265472]: mask 0x|--------|--------||--------|--------||--------|--------||--------|--------||||--------|--------||-------B|--------||--------|--------||--------|--------| set
cpu-bind=MASK - n2cn1193, task 2009 89 [267105]: mask 0x|--------|--------||--------|--------||--------|--------||--------|--------||||--------|--------||--------|-B------||--------|--------||--------|--------| set
cpu-bind=MASK - n2cn1154, task 1753 89 [344426]: mask 0x|--------|--------||--------|--------||--------|--------||--------|--------||||--------|--------||--------|-B------||--------|--------||--------|--------| set
cpu-bind=MASK - n2cn0853, task 845 77 [302656]: mask 0x|--------|--------||--------|--------||--------|--------||--------|--------||||--------|-----B--||--------|--------||--------|--------||--------|--------| set
cpu-bind=MASK - n2cn1157, task 1889 97 [2086839]: mask 0x|--------|--------||--------|--------||--------|--------||--------|--------||||--------|--------||--------|--------||-B------|--------||--------|--------| set
cpu-bind=MASK - n2cn0179, task 70 70 [212844]: mask 0x|--------|--------||--------|--------||--------|--------||--------|--------||||------B-|--------||--------|--------||--------|--------||--------|--------| set
cpu-bind=MASK - n2cn0180, task 225 97 [336810]: mask 0x|--------|--------||--------|--------||--------|--------||--------|--------||||--------|--------||--------|--------||-B------|--------||--------|--------| set
cpu-bind=MASK - n2cn1026, task 1384 104 [292130]: mask 0x|--------|--------||--------|--------||--------|--------||--------|--------||||--------|--------||--------|--------||--------|B-------||--------|--------| set
cpu-bind=MASK - n2cn0183, task 608 96 [212851]: mask 0x|--------|--------||--------|--------||--------|--------||--------|--------||||--------|--------||--------|--------||B-------|--------||--------|--------| set
cpu-bind=MASK - n2cn0890, task 992 96 [237014]: mask 0x|--------|--------||--------|--------||--------|--------||--------|--------||||--------|--------||--------|--------||B-------|--------||--------|--------| set
cpu-bind=MASK - n2cn0181, task 354 98 [212733]: mask 0x|--------|--------||--------|--------||--------|--------||--------|--------||||--------|--------||--------|--------||--B-----|--------||--------|--------| set
cpu-bind=MASK - n2cn1025, task 1235 83 [146406]: mask 0x|--------|--------||--------|--------||--------|--------||--------|--------||||--------|--------||---B----|--------||--------|--------||--------|--------| set
cpu-bind=MASK - n2cn1152, task 1615 79 [241783]: mask 0x|--------|--------||--------|--------||--------|--------||--------|--------||||--------|-------B||--------|--------||--------|--------||--------|--------| set
cpu-bind=MASK - n2cn0182, task 466 82 [221940]: mask 0x|--------|--------||--------|--------||--------|--------||--------|--------||||--------|--------||--B-----|--------||--------|--------||--------|--------| set
cpu-bind=MASK - n2cn0290, task 717 77 [244719]: mask 0x|--------|--------||--------|--------||--------|--------||--------|--------||||--------|-----B--||--------|--------||--------|--------||--------|--------| set
cpu-bind=MASK - n2cn1151, task 1496 88 [265473]: mask 0x|--------|--------||--------|--------||--------|--------||--------|--------||||--------|--------||--------|B-------||--------|--------||--------|--------| set
cpu-bind=MASK - n2cn0891, task 1106 82 [293946]: mask 0x|--------|--------||--------|--------||--------|--------||--------|--------||||--------|--------||--B-----|--------||--------|--------||--------|--------| set
cpu-bind=MASK - n2cn1193, task 2010 90 [267106]: mask 0x|--------|--------||--------|--------||--------|--------||--------|--------||||--------|--------||--------|--B-----||--------|--------||--------|--------| set
cpu-bind=MASK - n2cn0853, task 846 78 [302657]: mask 0x|--------|--------||--------|--------||--------|--------||--------|--------||||--------|------B-||--------|--------||--------|--------||--------|--------| set
cpu-bind=MASK - n2cn0180, task 226 98 [336811]: mask 0x|--------|--------||--------|--------||--------|--------||--------|--------||||--------|--------||--------|--------||--B-----|--------||--------|--------| set
cpu-bind=MASK - n2cn1157, task 1890 98 [2086840]: mask 0x|--------|--------||--------|--------||--------|--------||--------|--------||||--------|--------||--------|--------||--B-----|--------||--------|--------| set
cpu-bind=MASK - n2cn1154, task 1754 90 [344427]: mask 0x|--------|--------||--------|--------||--------|--------||--------|--------||||--------|--------||--------|--B-----||--------|--------||--------|--------| set
cpu-bind=MASK - n2cn1026, task 1385 105 [292131]: mask 0x|--------|--------||--------|--------||--------|--------||--------|--------||||--------|--------||--------|--------||--------|-B------||--------|--------| set
cpu-bind=MASK - n2cn0179, task 71 71 [212845]: mask 0x|--------|--------||--------|--------||--------|--------||--------|--------||||-------B|--------||--------|--------||--------|--------||--------|--------| set
cpu-bind=MASK - n2cn0183, task 609 97 [212852]: mask 0x|--------|--------||--------|--------||--------|--------||--------|--------||||--------|--------||--------|--------||-B------|--------||--------|--------| set
cpu-bind=MASK - n2cn0890, task 993 97 [237015]: mask 0x|--------|--------||--------|--------||--------|--------||--------|--------||||--------|--------||--------|--------||-B------|--------||--------|--------| set
cpu-bind=MASK - n2cn0182, task 467 83 [221941]: mask 0x|--------|--------||--------|--------||--------|--------||--------|--------||||--------|--------||---B----|--------||--------|--------||--------|--------| set
cpu-bind=MASK - n2cn1152, task 1616 80 [241784]: mask 0x|--------|--------||--------|--------||--------|--------||--------|--------||||--------|--------||B-------|--------||--------|--------||--------|--------| set
cpu-bind=MASK - n2cn0181, task 355 99 [212734]: mask 0x|--------|--------||--------|--------||--------|--------||--------|--------||||--------|--------||--------|--------||---B----|--------||--------|--------| set
cpu-bind=MASK - n2cn1151, task 1497 89 [265474]: mask 0x|--------|--------||--------|--------||--------|--------||--------|--------||||--------|--------||--------|-B------||--------|--------||--------|--------| set
cpu-bind=MASK - n2cn0853, task 847 79 [302658]: mask 0x|--------|--------||--------|--------||--------|--------||--------|--------||||--------|-------B||--------|--------||--------|--------||--------|--------| set
cpu-bind=MASK - n2cn0180, task 227 99 [336812]: mask 0x|--------|--------||--------|--------||--------|--------||--------|--------||||--------|--------||--------|--------||---B----|--------||--------|--------| set
cpu-bind=MASK - n2cn0290, task 718 78 [244720]: mask 0x|--------|--------||--------|--------||--------|--------||--------|--------||||--------|------B-||--------|--------||--------|--------||--------|--------| set
cpu-bind=MASK - n2cn1193, task 2011 91 [267107]: mask 0x|--------|--------||--------|--------||--------|--------||--------|--------||||--------|--------||--------|---B----||--------|--------||--------|--------| set
cpu-bind=MASK - n2cn0891, task 1107 83 [293947]: mask 0x|--------|--------||--------|--------||--------|--------||--------|--------||||--------|--------||---B----|--------||--------|--------||--------|--------| set
cpu-bind=MASK - n2cn1025, task 1236 84 [146407]: mask 0x|--------|--------||--------|--------||--------|--------||--------|--------||||--------|--------||----B---|--------||--------|--------||--------|--------| set
cpu-bind=MASK - n2cn1154, task 1755 91 [344428]: mask 0x|--------|--------||--------|--------||--------|--------||--------|--------||||--------|--------||--------|---B----||--------|--------||--------|--------| set
cpu-bind=MASK - n2cn1157, task 1891 99 [2086841]: mask 0x|--------|--------||--------|--------||--------|--------||--------|--------||||--------|--------||--------|--------||---B----|--------||--------|--------| set
cpu-bind=MASK - n2cn1026, task 1386 106 [292132]: mask 0x|--------|--------||--------|--------||--------|--------||--------|--------||||--------|--------||--------|--------||--------|--B-----||--------|--------| set
cpu-bind=MASK - n2cn0183, task 610 98 [212853]: mask 0x|--------|--------||--------|--------||--------|--------||--------|--------||||--------|--------||--------|--------||--B-----|--------||--------|--------| set
cpu-bind=MASK - n2cn0890, task 994 98 [237016]: mask 0x|--------|--------||--------|--------||--------|--------||--------|--------||||--------|--------||--------|--------||--B-----|--------||--------|--------| set
cpu-bind=MASK - n2cn0179, task 72 72 [212846]: mask 0x|--------|--------||--------|--------||--------|--------||--------|--------||||--------|B-------||--------|--------||--------|--------||--------|--------| set
cpu-bind=MASK - n2cn1152, task 1617 81 [241785]: mask 0x|--------|--------||--------|--------||--------|--------||--------|--------||||--------|--------||-B------|--------||--------|--------||--------|--------| set
cpu-bind=MASK - n2cn0182, task 468 84 [221942]: mask 0x|--------|--------||--------|--------||--------|--------||--------|--------||||--------|--------||----B---|--------||--------|--------||--------|--------| set
cpu-bind=MASK - n2cn0181, task 356 100 [212735]: mask 0x|--------|--------||--------|--------||--------|--------||--------|--------||||--------|--------||--------|--------||----B---|--------||--------|--------| set
cpu-bind=MASK - n2cn0853, task 848 80 [302659]: mask 0x|--------|--------||--------|--------||--------|--------||--------|--------||||--------|--------||B-------|--------||--------|--------||--------|--------| set
cpu-bind=MASK - n2cn0180, task 228 100 [336813]: mask 0x|--------|--------||--------|--------||--------|--------||--------|--------||||--------|--------||--------|--------||----B---|--------||--------|--------| set
cpu-bind=MASK - n2cn1151, task 1498 90 [265475]: mask 0x|--------|--------||--------|--------||--------|--------||--------|--------||||--------|--------||--------|--B-----||--------|--------||--------|--------| set
cpu-bind=MASK - n2cn0290, task 719 79 [244721]: mask 0x|--------|--------||--------|--------||--------|--------||--------|--------||||--------|-------B||--------|--------||--------|--------||--------|--------| set
cpu-bind=MASK - n2cn0891, task 1108 84 [293948]: mask 0x|--------|--------||--------|--------||--------|--------||--------|--------||||--------|--------||----B---|--------||--------|--------||--------|--------| set
cpu-bind=MASK - n2cn1025, task 1237 85 [146408]: mask 0x|--------|--------||--------|--------||--------|--------||--------|--------||||--------|--------||-----B--|--------||--------|--------||--------|--------| set
cpu-bind=MASK - n2cn1026, task 1387 107 [292133]: mask 0x|--------|--------||--------|--------||--------|--------||--------|--------||||--------|--------||--------|--------||--------|---B----||--------|--------| set
cpu-bind=MASK - n2cn1157, task 1892 100 [2086842]: mask 0x|--------|--------||--------|--------||--------|--------||--------|--------||||--------|--------||--------|--------||----B---|--------||--------|--------| set
cpu-bind=MASK - n2cn1193, task 2012 92 [267108]: mask 0x|--------|--------||--------|--------||--------|--------||--------|--------||||--------|--------||--------|----B---||--------|--------||--------|--------| set
cpu-bind=MASK - n2cn1154, task 1756 92 [344429]: mask 0x|--------|--------||--------|--------||--------|--------||--------|--------||||--------|--------||--------|----B---||--------|--------||--------|--------| set
cpu-bind=MASK - n2cn0183, task 611 99 [212854]: mask 0x|--------|--------||--------|--------||--------|--------||--------|--------||||--------|--------||--------|--------||---B----|--------||--------|--------| set
cpu-bind=MASK - n2cn0890, task 995 99 [237017]: mask 0x|--------|--------||--------|--------||--------|--------||--------|--------||||--------|--------||--------|--------||---B----|--------||--------|--------| set
cpu-bind=MASK - n2cn0182, task 469 85 [221943]: mask 0x|--------|--------||--------|--------||--------|--------||--------|--------||||--------|--------||-----B--|--------||--------|--------||--------|--------| set
cpu-bind=MASK - n2cn0179, task 73 73 [212847]: mask 0x|--------|--------||--------|--------||--------|--------||--------|--------||||--------|-B------||--------|--------||--------|--------||--------|--------| set
cpu-bind=MASK - n2cn1152, task 1618 82 [241786]: mask 0x|--------|--------||--------|--------||--------|--------||--------|--------||||--------|--------||--B-----|--------||--------|--------||--------|--------| set
cpu-bind=MASK - n2cn0181, task 357 101 [212736]: mask 0x|--------|--------||--------|--------||--------|--------||--------|--------||||--------|--------||--------|--------||-----B--|--------||--------|--------| set
cpu-bind=MASK - n2cn0180, task 229 101 [336814]: mask 0x|--------|--------||--------|--------||--------|--------||--------|--------||||--------|--------||--------|--------||-----B--|--------||--------|--------| set
cpu-bind=MASK - n2cn1151, task 1499 91 [265476]: mask 0x|--------|--------||--------|--------||--------|--------||--------|--------||||--------|--------||--------|---B----||--------|--------||--------|--------| set
cpu-bind=MASK - n2cn0853, task 849 81 [302660]: mask 0x|--------|--------||--------|--------||--------|--------||--------|--------||||--------|--------||-B------|--------||--------|--------||--------|--------| set
cpu-bind=MASK - n2cn0290, task 720 80 [244722]: mask 0x|--------|--------||--------|--------||--------|--------||--------|--------||||--------|--------||B-------|--------||--------|--------||--------|--------| set
cpu-bind=MASK - n2cn1157, task 1893 101 [2086843]: mask 0x|--------|--------||--------|--------||--------|--------||--------|--------||||--------|--------||--------|--------||-----B--|--------||--------|--------| set
cpu-bind=MASK - n2cn0891, task 1109 85 [293949]: mask 0x|--------|--------||--------|--------||--------|--------||--------|--------||||--------|--------||-----B--|--------||--------|--------||--------|--------| set
cpu-bind=MASK - n2cn0183, task 612 100 [212855]: mask 0x|--------|--------||--------|--------||--------|--------||--------|--------||||--------|--------||--------|--------||----B---|--------||--------|--------| set
cpu-bind=MASK - n2cn1025, task 1238 86 [146409]: mask 0x|--------|--------||--------|--------||--------|--------||--------|--------||||--------|--------||------B-|--------||--------|--------||--------|--------| set
cpu-bind=MASK - n2cn1026, task 1388 108 [292134]: mask 0x|--------|--------||--------|--------||--------|--------||--------|--------||||--------|--------||--------|--------||--------|----B---||--------|--------| set
cpu-bind=MASK - n2cn0890, task 996 100 [237018]: mask 0x|--------|--------||--------|--------||--------|--------||--------|--------||||--------|--------||--------|--------||----B---|--------||--------|--------| set
cpu-bind=MASK - n2cn1193, task 2013 93 [267109]: mask 0x|--------|--------||--------|--------||--------|--------||--------|--------||||--------|--------||--------|-----B--||--------|--------||--------|--------| set
cpu-bind=MASK - n2cn1154, task 1757 93 [344430]: mask 0x|--------|--------||--------|--------||--------|--------||--------|--------||||--------|--------||--------|-----B--||--------|--------||--------|--------| set
cpu-bind=MASK - n2cn0182, task 470 86 [221944]: mask 0x|--------|--------||--------|--------||--------|--------||--------|--------||||--------|--------||------B-|--------||--------|--------||--------|--------| set
cpu-bind=MASK - n2cn1152, task 1619 83 [241787]: mask 0x|--------|--------||--------|--------||--------|--------||--------|--------||||--------|--------||---B----|--------||--------|--------||--------|--------| set
cpu-bind=MASK - n2cn0179, task 74 74 [212848]: mask 0x|--------|--------||--------|--------||--------|--------||--------|--------||||--------|--B-----||--------|--------||--------|--------||--------|--------| set
cpu-bind=MASK - n2cn0181, task 358 102 [212737]: mask 0x|--------|--------||--------|--------||--------|--------||--------|--------||||--------|--------||--------|--------||------B-|--------||--------|--------| set
cpu-bind=MASK - n2cn0853, task 850 82 [302661]: mask 0x|--------|--------||--------|--------||--------|--------||--------|--------||||--------|--------||--B-----|--------||--------|--------||--------|--------| set
cpu-bind=MASK - n2cn0180, task 230 102 [336815]: mask 0x|--------|--------||--------|--------||--------|--------||--------|--------||||--------|--------||--------|--------||------B-|--------||--------|--------| set
cpu-bind=MASK - n2cn0183, task 613 101 [212856]: mask 0x|--------|--------||--------|--------||--------|--------||--------|--------||||--------|--------||--------|--------||-----B--|--------||--------|--------| set
cpu-bind=MASK - n2cn0290, task 721 81 [244723]: mask 0x|--------|--------||--------|--------||--------|--------||--------|--------||||--------|--------||-B------|--------||--------|--------||--------|--------| set
cpu-bind=MASK - n2cn1157, task 1894 102 [2086844]: mask 0x|--------|--------||--------|--------||--------|--------||--------|--------||||--------|--------||--------|--------||------B-|--------||--------|--------| set
cpu-bind=MASK - n2cn1026, task 1389 109 [292135]: mask 0x|--------|--------||--------|--------||--------|--------||--------|--------||||--------|--------||--------|--------||--------|-----B--||--------|--------| set
cpu-bind=MASK - n2cn1154, task 1758 94 [344431]: mask 0x|--------|--------||--------|--------||--------|--------||--------|--------||||--------|--------||--------|------B-||--------|--------||--------|--------| set
cpu-bind=MASK - n2cn1025, task 1239 87 [146410]: mask 0x|--------|--------||--------|--------||--------|--------||--------|--------||||--------|--------||-------B|--------||--------|--------||--------|--------| set
cpu-bind=MASK - n2cn0890, task 997 101 [237019]: mask 0x|--------|--------||--------|--------||--------|--------||--------|--------||||--------|--------||--------|--------||-----B--|--------||--------|--------| set
cpu-bind=MASK - n2cn0891, task 1110 86 [293950]: mask 0x|--------|--------||--------|--------||--------|--------||--------|--------||||--------|--------||------B-|--------||--------|--------||--------|--------| set
cpu-bind=MASK - n2cn0182, task 471 87 [221945]: mask 0x|--------|--------||--------|--------||--------|--------||--------|--------||||--------|--------||-------B|--------||--------|--------||--------|--------| set
cpu-bind=MASK - n2cn1193, task 2014 94 [267110]: mask 0x|--------|--------||--------|--------||--------|--------||--------|--------||||--------|--------||--------|------B-||--------|--------||--------|--------| set
cpu-bind=MASK - n2cn1152, task 1620 84 [241788]: mask 0x|--------|--------||--------|--------||--------|--------||--------|--------||||--------|--------||----B---|--------||--------|--------||--------|--------| set
cpu-bind=MASK - n2cn1151, task 1500 92 [265477]: mask 0x|--------|--------||--------|--------||--------|--------||--------|--------||||--------|--------||--------|----B---||--------|--------||--------|--------| set
cpu-bind=MASK - n2cn0179, task 75 75 [212849]: mask 0x|--------|--------||--------|--------||--------|--------||--------|--------||||--------|---B----||--------|--------||--------|--------||--------|--------| set
cpu-bind=MASK - n2cn0180, task 231 103 [336816]: mask 0x|--------|--------||--------|--------||--------|--------||--------|--------||||--------|--------||--------|--------||-------B|--------||--------|--------| set
cpu-bind=MASK - n2cn0853, task 851 83 [302662]: mask 0x|--------|--------||--------|--------||--------|--------||--------|--------||||--------|--------||---B----|--------||--------|--------||--------|--------| set
cpu-bind=MASK - n2cn0181, task 359 103 [212738]: mask 0x|--------|--------||--------|--------||--------|--------||--------|--------||||--------|--------||--------|--------||-------B|--------||--------|--------| set
cpu-bind=MASK - n2cn0183, task 614 102 [212857]: mask 0x|--------|--------||--------|--------||--------|--------||--------|--------||||--------|--------||--------|--------||------B-|--------||--------|--------| set
cpu-bind=MASK - n2cn1157, task 1895 103 [2086845]: mask 0x|--------|--------||--------|--------||--------|--------||--------|--------||||--------|--------||--------|--------||-------B|--------||--------|--------| set
cpu-bind=MASK - n2cn0290, task 722 82 [244724]: mask 0x|--------|--------||--------|--------||--------|--------||--------|--------||||--------|--------||--B-----|--------||--------|--------||--------|--------| set
cpu-bind=MASK - n2cn1154, task 1759 95 [344432]: mask 0x|--------|--------||--------|--------||--------|--------||--------|--------||||--------|--------||--------|-------B||--------|--------||--------|--------| set
cpu-bind=MASK - n2cn1026, task 1390 110 [292136]: mask 0x|--------|--------||--------|--------||--------|--------||--------|--------||||--------|--------||--------|--------||--------|------B-||--------|--------| set
cpu-bind=MASK - n2cn0182, task 472 88 [221946]: mask 0x|--------|--------||--------|--------||--------|--------||--------|--------||||--------|--------||--------|B-------||--------|--------||--------|--------| set
cpu-bind=MASK - n2cn0891, task 1111 87 [293951]: mask 0x|--------|--------||--------|--------||--------|--------||--------|--------||||--------|--------||-------B|--------||--------|--------||--------|--------| set
cpu-bind=MASK - n2cn0890, task 998 102 [237020]: mask 0x|--------|--------||--------|--------||--------|--------||--------|--------||||--------|--------||--------|--------||------B-|--------||--------|--------| set
cpu-bind=MASK - n2cn1025, task 1240 88 [146411]: mask 0x|--------|--------||--------|--------||--------|--------||--------|--------||||--------|--------||--------|B-------||--------|--------||--------|--------| set
cpu-bind=MASK - n2cn1193, task 2015 95 [267111]: mask 0x|--------|--------||--------|--------||--------|--------||--------|--------||||--------|--------||--------|-------B||--------|--------||--------|--------| set
cpu-bind=MASK - n2cn1152, task 1621 85 [241789]: mask 0x|--------|--------||--------|--------||--------|--------||--------|--------||||--------|--------||-----B--|--------||--------|--------||--------|--------| set
cpu-bind=MASK - n2cn1151, task 1501 93 [265478]: mask 0x|--------|--------||--------|--------||--------|--------||--------|--------||||--------|--------||--------|-----B--||--------|--------||--------|--------| set
cpu-bind=MASK - n2cn0179, task 76 76 [212850]: mask 0x|--------|--------||--------|--------||--------|--------||--------|--------||||--------|----B---||--------|--------||--------|--------||--------|--------| set
cpu-bind=MASK - n2cn0180, task 232 104 [336817]: mask 0x|--------|--------||--------|--------||--------|--------||--------|--------||||--------|--------||--------|--------||--------|B-------||--------|--------| set
cpu-bind=MASK - n2cn0853, task 852 84 [302663]: mask 0x|--------|--------||--------|--------||--------|--------||--------|--------||||--------|--------||----B---|--------||--------|--------||--------|--------| set
cpu-bind=MASK - n2cn0183, task 615 103 [212858]: mask 0x|--------|--------||--------|--------||--------|--------||--------|--------||||--------|--------||--------|--------||-------B|--------||--------|--------| set
cpu-bind=MASK - n2cn1157, task 1896 104 [2086846]: mask 0x|--------|--------||--------|--------||--------|--------||--------|--------||||--------|--------||--------|--------||--------|B-------||--------|--------| set
cpu-bind=MASK - n2cn1154, task 1760 96 [344433]: mask 0x|--------|--------||--------|--------||--------|--------||--------|--------||||--------|--------||--------|--------||B-------|--------||--------|--------| set
cpu-bind=MASK - n2cn0181, task 360 104 [212739]: mask 0x|--------|--------||--------|--------||--------|--------||--------|--------||||--------|--------||--------|--------||--------|B-------||--------|--------| set
cpu-bind=MASK - n2cn1026, task 1391 111 [292137]: mask 0x|--------|--------||--------|--------||--------|--------||--------|--------||||--------|--------||--------|--------||--------|-------B||--------|--------| set
cpu-bind=MASK - n2cn0182, task 473 89 [221947]: mask 0x|--------|--------||--------|--------||--------|--------||--------|--------||||--------|--------||--------|-B------||--------|--------||--------|--------| set
cpu-bind=MASK - n2cn0890, task 999 103 [237021]: mask 0x|--------|--------||--------|--------||--------|--------||--------|--------||||--------|--------||--------|--------||-------B|--------||--------|--------| set
cpu-bind=MASK - n2cn0290, task 723 83 [244725]: mask 0x|--------|--------||--------|--------||--------|--------||--------|--------||||--------|--------||---B----|--------||--------|--------||--------|--------| set
cpu-bind=MASK - n2cn0891, task 1112 88 [293952]: mask 0x|--------|--------||--------|--------||--------|--------||--------|--------||||--------|--------||--------|B-------||--------|--------||--------|--------| set
cpu-bind=MASK - n2cn1152, task 1622 86 [241790]: mask 0x|--------|--------||--------|--------||--------|--------||--------|--------||||--------|--------||------B-|--------||--------|--------||--------|--------| set
cpu-bind=MASK - n2cn1193, task 2016 96 [267112]: mask 0x|--------|--------||--------|--------||--------|--------||--------|--------||||--------|--------||--------|--------||B-------|--------||--------|--------| set
cpu-bind=MASK - n2cn1025, task 1241 89 [146412]: mask 0x|--------|--------||--------|--------||--------|--------||--------|--------||||--------|--------||--------|-B------||--------|--------||--------|--------| set
cpu-bind=MASK - n2cn1151, task 1502 94 [265479]: mask 0x|--------|--------||--------|--------||--------|--------||--------|--------||||--------|--------||--------|------B-||--------|--------||--------|--------| set
cpu-bind=MASK - n2cn0180, task 233 105 [336818]: mask 0x|--------|--------||--------|--------||--------|--------||--------|--------||||--------|--------||--------|--------||--------|-B------||--------|--------| set
cpu-bind=MASK - n2cn1157, task 1897 105 [2086847]: mask 0x|--------|--------||--------|--------||--------|--------||--------|--------||||--------|--------||--------|--------||--------|-B------||--------|--------| set
cpu-bind=MASK - n2cn1154, task 1761 97 [344434]: mask 0x|--------|--------||--------|--------||--------|--------||--------|--------||||--------|--------||--------|--------||-B------|--------||--------|--------| set
cpu-bind=MASK - n2cn0181, task 361 105 [212740]: mask 0x|--------|--------||--------|--------||--------|--------||--------|--------||||--------|--------||--------|--------||--------|-B------||--------|--------| set
cpu-bind=MASK - n2cn1026, task 1392 112 [292138]: mask 0x|--------|--------||--------|--------||--------|--------||--------|--------||||--------|--------||--------|--------||--------|--------||B-------|--------| set
cpu-bind=MASK - n2cn0182, task 474 90 [221948]: mask 0x|--------|--------||--------|--------||--------|--------||--------|--------||||--------|--------||--------|--B-----||--------|--------||--------|--------| set
cpu-bind=MASK - n2cn0890, task 1000 104 [237022]: mask 0x|--------|--------||--------|--------||--------|--------||--------|--------||||--------|--------||--------|--------||--------|B-------||--------|--------| set
cpu-bind=MASK - n2cn0290, task 724 84 [244726]: mask 0x|--------|--------||--------|--------||--------|--------||--------|--------||||--------|--------||----B---|--------||--------|--------||--------|--------| set
cpu-bind=MASK - n2cn0891, task 1113 89 [293953]: mask 0x|--------|--------||--------|--------||--------|--------||--------|--------||||--------|--------||--------|-B------||--------|--------||--------|--------| set
cpu-bind=MASK - n2cn1152, task 1623 87 [241791]: mask 0x|--------|--------||--------|--------||--------|--------||--------|--------||||--------|--------||-------B|--------||--------|--------||--------|--------| set
cpu-bind=MASK - n2cn0853, task 853 85 [302664]: mask 0x|--------|--------||--------|--------||--------|--------||--------|--------||||--------|--------||-----B--|--------||--------|--------||--------|--------| set
cpu-bind=MASK - n2cn1025, task 1242 90 [146413]: mask 0x|--------|--------||--------|--------||--------|--------||--------|--------||||--------|--------||--------|--B-----||--------|--------||--------|--------| set
cpu-bind=MASK - n2cn1193, task 2017 97 [267113]: mask 0x|--------|--------||--------|--------||--------|--------||--------|--------||||--------|--------||--------|--------||-B------|--------||--------|--------| set
cpu-bind=MASK - n2cn0179, task 77 77 [212851]: mask 0x|--------|--------||--------|--------||--------|--------||--------|--------||||--------|-----B--||--------|--------||--------|--------||--------|--------| set
cpu-bind=MASK - n2cn1154, task 1762 98 [344435]: mask 0x|--------|--------||--------|--------||--------|--------||--------|--------||||--------|--------||--------|--------||--B-----|--------||--------|--------| set
cpu-bind=MASK - n2cn0180, task 234 106 [336819]: mask 0x|--------|--------||--------|--------||--------|--------||--------|--------||||--------|--------||--------|--------||--------|--B-----||--------|--------| set
cpu-bind=MASK - n2cn1151, task 1503 95 [265480]: mask 0x|--------|--------||--------|--------||--------|--------||--------|--------||||--------|--------||--------|-------B||--------|--------||--------|--------| set
cpu-bind=MASK - n2cn0183, task 616 104 [212859]: mask 0x|--------|--------||--------|--------||--------|--------||--------|--------||||--------|--------||--------|--------||--------|B-------||--------|--------| set
cpu-bind=MASK - n2cn1026, task 1393 113 [292139]: mask 0x|--------|--------||--------|--------||--------|--------||--------|--------||||--------|--------||--------|--------||--------|--------||-B------|--------| set
cpu-bind=MASK - n2cn0181, task 362 106 [212741]: mask 0x|--------|--------||--------|--------||--------|--------||--------|--------||||--------|--------||--------|--------||--------|--B-----||--------|--------| set
cpu-bind=MASK - n2cn0182, task 475 91 [221949]: mask 0x|--------|--------||--------|--------||--------|--------||--------|--------||||--------|--------||--------|---B----||--------|--------||--------|--------| set
cpu-bind=MASK - n2cn0890, task 1001 105 [237023]: mask 0x|--------|--------||--------|--------||--------|--------||--------|--------||||--------|--------||--------|--------||--------|-B------||--------|--------| set
cpu-bind=MASK - n2cn1152, task 1624 88 [241792]: mask 0x|--------|--------||--------|--------||--------|--------||--------|--------||||--------|--------||--------|B-------||--------|--------||--------|--------| set
cpu-bind=MASK - n2cn0891, task 1114 90 [293954]: mask 0x|--------|--------||--------|--------||--------|--------||--------|--------||||--------|--------||--------|--B-----||--------|--------||--------|--------| set
cpu-bind=MASK - n2cn1157, task 1898 106 [2086848]: mask 0x|--------|--------||--------|--------||--------|--------||--------|--------||||--------|--------||--------|--------||--------|--B-----||--------|--------| set
cpu-bind=MASK - n2cn0290, task 725 85 [244727]: mask 0x|--------|--------||--------|--------||--------|--------||--------|--------||||--------|--------||-----B--|--------||--------|--------||--------|--------| set
cpu-bind=MASK - n2cn0853, task 854 86 [302665]: mask 0x|--------|--------||--------|--------||--------|--------||--------|--------||||--------|--------||------B-|--------||--------|--------||--------|--------| set
cpu-bind=MASK - n2cn1025, task 1243 91 [146414]: mask 0x|--------|--------||--------|--------||--------|--------||--------|--------||||--------|--------||--------|---B----||--------|--------||--------|--------| set
cpu-bind=MASK - n2cn1193, task 2018 98 [267114]: mask 0x|--------|--------||--------|--------||--------|--------||--------|--------||||--------|--------||--------|--------||--B-----|--------||--------|--------| set
cpu-bind=MASK - n2cn1154, task 1763 99 [344436]: mask 0x|--------|--------||--------|--------||--------|--------||--------|--------||||--------|--------||--------|--------||---B----|--------||--------|--------| set
cpu-bind=MASK - n2cn0179, task 78 78 [212852]: mask 0x|--------|--------||--------|--------||--------|--------||--------|--------||||--------|------B-||--------|--------||--------|--------||--------|--------| set
cpu-bind=MASK - n2cn1151, task 1504 96 [265481]: mask 0x|--------|--------||--------|--------||--------|--------||--------|--------||||--------|--------||--------|--------||B-------|--------||--------|--------| set
cpu-bind=MASK - n2cn0180, task 235 107 [336820]: mask 0x|--------|--------||--------|--------||--------|--------||--------|--------||||--------|--------||--------|--------||--------|---B----||--------|--------| set
cpu-bind=MASK - n2cn0183, task 617 105 [212860]: mask 0x|--------|--------||--------|--------||--------|--------||--------|--------||||--------|--------||--------|--------||--------|-B------||--------|--------| set
cpu-bind=MASK - n2cn0182, task 476 92 [221950]: mask 0x|--------|--------||--------|--------||--------|--------||--------|--------||||--------|--------||--------|----B---||--------|--------||--------|--------| set
cpu-bind=MASK - n2cn0181, task 363 107 [212742]: mask 0x|--------|--------||--------|--------||--------|--------||--------|--------||||--------|--------||--------|--------||--------|---B----||--------|--------| set
cpu-bind=MASK - n2cn0891, task 1115 91 [293955]: mask 0x|--------|--------||--------|--------||--------|--------||--------|--------||||--------|--------||--------|---B----||--------|--------||--------|--------| set
cpu-bind=MASK - n2cn1152, task 1625 89 [241793]: mask 0x|--------|--------||--------|--------||--------|--------||--------|--------||||--------|--------||--------|-B------||--------|--------||--------|--------| set
cpu-bind=MASK - n2cn1157, task 1899 107 [2086849]: mask 0x|--------|--------||--------|--------||--------|--------||--------|--------||||--------|--------||--------|--------||--------|---B----||--------|--------| set
cpu-bind=MASK - n2cn0290, task 726 86 [244728]: mask 0x|--------|--------||--------|--------||--------|--------||--------|--------||||--------|--------||------B-|--------||--------|--------||--------|--------| set
cpu-bind=MASK - n2cn1026, task 1394 114 [292140]: mask 0x|--------|--------||--------|--------||--------|--------||--------|--------||||--------|--------||--------|--------||--------|--------||--B-----|--------| set
cpu-bind=MASK - n2cn0853, task 855 87 [302666]: mask 0x|--------|--------||--------|--------||--------|--------||--------|--------||||--------|--------||-------B|--------||--------|--------||--------|--------| set
cpu-bind=MASK - n2cn1025, task 1244 92 [146415]: mask 0x|--------|--------||--------|--------||--------|--------||--------|--------||||--------|--------||--------|----B---||--------|--------||--------|--------| set
cpu-bind=MASK - n2cn0890, task 1002 106 [237024]: mask 0x|--------|--------||--------|--------||--------|--------||--------|--------||||--------|--------||--------|--------||--------|--B-----||--------|--------| set
cpu-bind=MASK - n2cn1154, task 1764 100 [344437]: mask 0x|--------|--------||--------|--------||--------|--------||--------|--------||||--------|--------||--------|--------||----B---|--------||--------|--------| set
cpu-bind=MASK - n2cn1193, task 2019 99 [267115]: mask 0x|--------|--------||--------|--------||--------|--------||--------|--------||||--------|--------||--------|--------||---B----|--------||--------|--------| set
cpu-bind=MASK - n2cn0180, task 236 108 [336821]: mask 0x|--------|--------||--------|--------||--------|--------||--------|--------||||--------|--------||--------|--------||--------|----B---||--------|--------| set
cpu-bind=MASK - n2cn1151, task 1505 97 [265482]: mask 0x|--------|--------||--------|--------||--------|--------||--------|--------||||--------|--------||--------|--------||-B------|--------||--------|--------| set
cpu-bind=MASK - n2cn0179, task 79 79 [212853]: mask 0x|--------|--------||--------|--------||--------|--------||--------|--------||||--------|-------B||--------|--------||--------|--------||--------|--------| set
cpu-bind=MASK - n2cn0183, task 618 106 [212861]: mask 0x|--------|--------||--------|--------||--------|--------||--------|--------||||--------|--------||--------|--------||--------|--B-----||--------|--------| set
cpu-bind=MASK - n2cn0182, task 477 93 [221951]: mask 0x|--------|--------||--------|--------||--------|--------||--------|--------||||--------|--------||--------|-----B--||--------|--------||--------|--------| set
cpu-bind=MASK - n2cn0181, task 364 108 [212743]: mask 0x|--------|--------||--------|--------||--------|--------||--------|--------||||--------|--------||--------|--------||--------|----B---||--------|--------| set
cpu-bind=MASK - n2cn0891, task 1116 92 [293956]: mask 0x|--------|--------||--------|--------||--------|--------||--------|--------||||--------|--------||--------|----B---||--------|--------||--------|--------| set
cpu-bind=MASK - n2cn1152, task 1626 90 [241794]: mask 0x|--------|--------||--------|--------||--------|--------||--------|--------||||--------|--------||--------|--B-----||--------|--------||--------|--------| set
cpu-bind=MASK - n2cn1157, task 1900 108 [2086850]: mask 0x|--------|--------||--------|--------||--------|--------||--------|--------||||--------|--------||--------|--------||--------|----B---||--------|--------| set
cpu-bind=MASK - n2cn1026, task 1395 115 [292141]: mask 0x|--------|--------||--------|--------||--------|--------||--------|--------||||--------|--------||--------|--------||--------|--------||---B----|--------| set
cpu-bind=MASK - n2cn0290, task 727 87 [244729]: mask 0x|--------|--------||--------|--------||--------|--------||--------|--------||||--------|--------||-------B|--------||--------|--------||--------|--------| set
cpu-bind=MASK - n2cn1025, task 1245 93 [146416]: mask 0x|--------|--------||--------|--------||--------|--------||--------|--------||||--------|--------||--------|-----B--||--------|--------||--------|--------| set
cpu-bind=MASK - n2cn1154, task 1765 101 [344438]: mask 0x|--------|--------||--------|--------||--------|--------||--------|--------||||--------|--------||--------|--------||-----B--|--------||--------|--------| set
cpu-bind=MASK - n2cn0890, task 1003 107 [237025]: mask 0x|--------|--------||--------|--------||--------|--------||--------|--------||||--------|--------||--------|--------||--------|---B----||--------|--------| set
cpu-bind=MASK - n2cn0853, task 856 88 [302667]: mask 0x|--------|--------||--------|--------||--------|--------||--------|--------||||--------|--------||--------|B-------||--------|--------||--------|--------| set
cpu-bind=MASK - n2cn1193, task 2020 100 [267116]: mask 0x|--------|--------||--------|--------||--------|--------||--------|--------||||--------|--------||--------|--------||----B---|--------||--------|--------| set
cpu-bind=MASK - n2cn0180, task 237 109 [336822]: mask 0x|--------|--------||--------|--------||--------|--------||--------|--------||||--------|--------||--------|--------||--------|-----B--||--------|--------| set
cpu-bind=MASK - n2cn1151, task 1506 98 [265483]: mask 0x|--------|--------||--------|--------||--------|--------||--------|--------||||--------|--------||--------|--------||--B-----|--------||--------|--------| set
cpu-bind=MASK - n2cn0179, task 80 80 [212854]: mask 0x|--------|--------||--------|--------||--------|--------||--------|--------||||--------|--------||B-------|--------||--------|--------||--------|--------| set
cpu-bind=MASK - n2cn0183, task 619 107 [212862]: mask 0x|--------|--------||--------|--------||--------|--------||--------|--------||||--------|--------||--------|--------||--------|---B----||--------|--------| set
cpu-bind=MASK - n2cn0182, task 478 94 [221952]: mask 0x|--------|--------||--------|--------||--------|--------||--------|--------||||--------|--------||--------|------B-||--------|--------||--------|--------| set
cpu-bind=MASK - n2cn0891, task 1117 93 [293957]: mask 0x|--------|--------||--------|--------||--------|--------||--------|--------||||--------|--------||--------|-----B--||--------|--------||--------|--------| set
cpu-bind=MASK - n2cn0181, task 365 109 [212744]: mask 0x|--------|--------||--------|--------||--------|--------||--------|--------||||--------|--------||--------|--------||--------|-----B--||--------|--------| set
cpu-bind=MASK - n2cn1152, task 1627 91 [241795]: mask 0x|--------|--------||--------|--------||--------|--------||--------|--------||||--------|--------||--------|---B----||--------|--------||--------|--------| set
cpu-bind=MASK - n2cn1157, task 1901 109 [2086851]: mask 0x|--------|--------||--------|--------||--------|--------||--------|--------||||--------|--------||--------|--------||--------|-----B--||--------|--------| set
cpu-bind=MASK - n2cn1026, task 1396 116 [292142]: mask 0x|--------|--------||--------|--------||--------|--------||--------|--------||||--------|--------||--------|--------||--------|--------||----B---|--------| set
cpu-bind=MASK - n2cn0290, task 728 88 [244730]: mask 0x|--------|--------||--------|--------||--------|--------||--------|--------||||--------|--------||--------|B-------||--------|--------||--------|--------| set
cpu-bind=MASK - n2cn1154, task 1766 102 [344439]: mask 0x|--------|--------||--------|--------||--------|--------||--------|--------||||--------|--------||--------|--------||------B-|--------||--------|--------| set
cpu-bind=MASK - n2cn1025, task 1246 94 [146417]: mask 0x|--------|--------||--------|--------||--------|--------||--------|--------||||--------|--------||--------|------B-||--------|--------||--------|--------| set
cpu-bind=MASK - n2cn0180, task 238 110 [336823]: mask 0x|--------|--------||--------|--------||--------|--------||--------|--------||||--------|--------||--------|--------||--------|------B-||--------|--------| set
cpu-bind=MASK - n2cn0890, task 1004 108 [237026]: mask 0x|--------|--------||--------|--------||--------|--------||--------|--------||||--------|--------||--------|--------||--------|----B---||--------|--------| set
cpu-bind=MASK - n2cn1193, task 2021 101 [267117]: mask 0x|--------|--------||--------|--------||--------|--------||--------|--------||||--------|--------||--------|--------||-----B--|--------||--------|--------| set
cpu-bind=MASK - n2cn0853, task 857 89 [302668]: mask 0x|--------|--------||--------|--------||--------|--------||--------|--------||||--------|--------||--------|-B------||--------|--------||--------|--------| set
cpu-bind=MASK - n2cn1151, task 1507 99 [265484]: mask 0x|--------|--------||--------|--------||--------|--------||--------|--------||||--------|--------||--------|--------||---B----|--------||--------|--------| set
cpu-bind=MASK - n2cn0183, task 620 108 [212863]: mask 0x|--------|--------||--------|--------||--------|--------||--------|--------||||--------|--------||--------|--------||--------|----B---||--------|--------| set
cpu-bind=MASK - n2cn0891, task 1118 94 [293958]: mask 0x|--------|--------||--------|--------||--------|--------||--------|--------||||--------|--------||--------|------B-||--------|--------||--------|--------| set
cpu-bind=MASK - n2cn0182, task 479 95 [221953]: mask 0x|--------|--------||--------|--------||--------|--------||--------|--------||||--------|--------||--------|-------B||--------|--------||--------|--------| set
cpu-bind=MASK - n2cn0181, task 366 110 [212745]: mask 0x|--------|--------||--------|--------||--------|--------||--------|--------||||--------|--------||--------|--------||--------|------B-||--------|--------| set
cpu-bind=MASK - n2cn1152, task 1628 92 [241796]: mask 0x|--------|--------||--------|--------||--------|--------||--------|--------||||--------|--------||--------|----B---||--------|--------||--------|--------| set
cpu-bind=MASK - n2cn1026, task 1397 117 [292143]: mask 0x|--------|--------||--------|--------||--------|--------||--------|--------||||--------|--------||--------|--------||--------|--------||-----B--|--------| set
cpu-bind=MASK - n2cn1157, task 1902 110 [2086852]: mask 0x|--------|--------||--------|--------||--------|--------||--------|--------||||--------|--------||--------|--------||--------|------B-||--------|--------| set
cpu-bind=MASK - n2cn0290, task 729 89 [244731]: mask 0x|--------|--------||--------|--------||--------|--------||--------|--------||||--------|--------||--------|-B------||--------|--------||--------|--------| set
cpu-bind=MASK - n2cn1154, task 1767 103 [344440]: mask 0x|--------|--------||--------|--------||--------|--------||--------|--------||||--------|--------||--------|--------||-------B|--------||--------|--------| set
cpu-bind=MASK - n2cn1025, task 1247 95 [146418]: mask 0x|--------|--------||--------|--------||--------|--------||--------|--------||||--------|--------||--------|-------B||--------|--------||--------|--------| set
cpu-bind=MASK - n2cn0180, task 239 111 [336824]: mask 0x|--------|--------||--------|--------||--------|--------||--------|--------||||--------|--------||--------|--------||--------|-------B||--------|--------| set
cpu-bind=MASK - n2cn0179, task 81 81 [212855]: mask 0x|--------|--------||--------|--------||--------|--------||--------|--------||||--------|--------||-B------|--------||--------|--------||--------|--------| set
cpu-bind=MASK - n2cn0890, task 1005 109 [237027]: mask 0x|--------|--------||--------|--------||--------|--------||--------|--------||||--------|--------||--------|--------||--------|-----B--||--------|--------| set
cpu-bind=MASK - n2cn1193, task 2022 102 [267118]: mask 0x|--------|--------||--------|--------||--------|--------||--------|--------||||--------|--------||--------|--------||------B-|--------||--------|--------| set
cpu-bind=MASK - n2cn1151, task 1508 100 [265485]: mask 0x|--------|--------||--------|--------||--------|--------||--------|--------||||--------|--------||--------|--------||----B---|--------||--------|--------| set
cpu-bind=MASK - n2cn0891, task 1119 95 [293959]: mask 0x|--------|--------||--------|--------||--------|--------||--------|--------||||--------|--------||--------|-------B||--------|--------||--------|--------| set
cpu-bind=MASK - n2cn0183, task 621 109 [212864]: mask 0x|--------|--------||--------|--------||--------|--------||--------|--------||||--------|--------||--------|--------||--------|-----B--||--------|--------| set
cpu-bind=MASK - n2cn0853, task 858 90 [302669]: mask 0x|--------|--------||--------|--------||--------|--------||--------|--------||||--------|--------||--------|--B-----||--------|--------||--------|--------| set
cpu-bind=MASK - n2cn0182, task 480 96 [221954]: mask 0x|--------|--------||--------|--------||--------|--------||--------|--------||||--------|--------||--------|--------||B-------|--------||--------|--------| set
cpu-bind=MASK - n2cn1152, task 1629 93 [241797]: mask 0x|--------|--------||--------|--------||--------|--------||--------|--------||||--------|--------||--------|-----B--||--------|--------||--------|--------| set
cpu-bind=MASK - n2cn0181, task 367 111 [212746]: mask 0x|--------|--------||--------|--------||--------|--------||--------|--------||||--------|--------||--------|--------||--------|-------B||--------|--------| set
cpu-bind=MASK - n2cn1026, task 1398 118 [292144]: mask 0x|--------|--------||--------|--------||--------|--------||--------|--------||||--------|--------||--------|--------||--------|--------||------B-|--------| set
cpu-bind=MASK - n2cn1157, task 1903 111 [2086853]: mask 0x|--------|--------||--------|--------||--------|--------||--------|--------||||--------|--------||--------|--------||--------|-------B||--------|--------| set
cpu-bind=MASK - n2cn1154, task 1768 104 [344441]: mask 0x|--------|--------||--------|--------||--------|--------||--------|--------||||--------|--------||--------|--------||--------|B-------||--------|--------| set
cpu-bind=MASK - n2cn0290, task 730 90 [244732]: mask 0x|--------|--------||--------|--------||--------|--------||--------|--------||||--------|--------||--------|--B-----||--------|--------||--------|--------| set
cpu-bind=MASK - n2cn1025, task 1248 96 [146419]: mask 0x|--------|--------||--------|--------||--------|--------||--------|--------||||--------|--------||--------|--------||B-------|--------||--------|--------| set
cpu-bind=MASK - n2cn0180, task 240 112 [336825]: mask 0x|--------|--------||--------|--------||--------|--------||--------|--------||||--------|--------||--------|--------||--------|--------||B-------|--------| set
cpu-bind=MASK - n2cn1193, task 2023 103 [267119]: mask 0x|--------|--------||--------|--------||--------|--------||--------|--------||||--------|--------||--------|--------||-------B|--------||--------|--------| set
cpu-bind=MASK - n2cn0891, task 1120 96 [293960]: mask 0x|--------|--------||--------|--------||--------|--------||--------|--------||||--------|--------||--------|--------||B-------|--------||--------|--------| set
cpu-bind=MASK - n2cn1151, task 1509 101 [265486]: mask 0x|--------|--------||--------|--------||--------|--------||--------|--------||||--------|--------||--------|--------||-----B--|--------||--------|--------| set
cpu-bind=MASK - n2cn0890, task 1006 110 [237028]: mask 0x|--------|--------||--------|--------||--------|--------||--------|--------||||--------|--------||--------|--------||--------|------B-||--------|--------| set
cpu-bind=MASK - n2cn0182, task 481 97 [221955]: mask 0x|--------|--------||--------|--------||--------|--------||--------|--------||||--------|--------||--------|--------||-B------|--------||--------|--------| set
cpu-bind=MASK - n2cn0853, task 859 91 [302670]: mask 0x|--------|--------||--------|--------||--------|--------||--------|--------||||--------|--------||--------|---B----||--------|--------||--------|--------| set
cpu-bind=MASK - n2cn0179, task 82 82 [212856]: mask 0x|--------|--------||--------|--------||--------|--------||--------|--------||||--------|--------||--B-----|--------||--------|--------||--------|--------| set
cpu-bind=MASK - n2cn1152, task 1630 94 [241798]: mask 0x|--------|--------||--------|--------||--------|--------||--------|--------||||--------|--------||--------|------B-||--------|--------||--------|--------| set
cpu-bind=MASK - n2cn1157, task 1904 112 [2086854]: mask 0x|--------|--------||--------|--------||--------|--------||--------|--------||||--------|--------||--------|--------||--------|--------||B-------|--------| set
cpu-bind=MASK - n2cn1154, task 1769 105 [344442]: mask 0x|--------|--------||--------|--------||--------|--------||--------|--------||||--------|--------||--------|--------||--------|-B------||--------|--------| set
cpu-bind=MASK - n2cn1026, task 1399 119 [292145]: mask 0x|--------|--------||--------|--------||--------|--------||--------|--------||||--------|--------||--------|--------||--------|--------||-------B|--------| set
cpu-bind=MASK - n2cn0181, task 368 112 [212747]: mask 0x|--------|--------||--------|--------||--------|--------||--------|--------||||--------|--------||--------|--------||--------|--------||B-------|--------| set
cpu-bind=MASK - n2cn0180, task 241 113 [336826]: mask 0x|--------|--------||--------|--------||--------|--------||--------|--------||||--------|--------||--------|--------||--------|--------||-B------|--------| set
cpu-bind=MASK - n2cn0290, task 731 91 [244733]: mask 0x|--------|--------||--------|--------||--------|--------||--------|--------||||--------|--------||--------|---B----||--------|--------||--------|--------| set
cpu-bind=MASK - n2cn1025, task 1249 97 [146420]: mask 0x|--------|--------||--------|--------||--------|--------||--------|--------||||--------|--------||--------|--------||-B------|--------||--------|--------| set
cpu-bind=MASK - n2cn0891, task 1121 97 [293961]: mask 0x|--------|--------||--------|--------||--------|--------||--------|--------||||--------|--------||--------|--------||-B------|--------||--------|--------| set
cpu-bind=MASK - n2cn1151, task 1510 102 [265487]: mask 0x|--------|--------||--------|--------||--------|--------||--------|--------||||--------|--------||--------|--------||------B-|--------||--------|--------| set
cpu-bind=MASK - n2cn1193, task 2024 104 [267120]: mask 0x|--------|--------||--------|--------||--------|--------||--------|--------||||--------|--------||--------|--------||--------|B-------||--------|--------| set
cpu-bind=MASK - n2cn0890, task 1007 111 [237029]: mask 0x|--------|--------||--------|--------||--------|--------||--------|--------||||--------|--------||--------|--------||--------|-------B||--------|--------| set
cpu-bind=MASK - n2cn0182, task 482 98 [221956]: mask 0x|--------|--------||--------|--------||--------|--------||--------|--------||||--------|--------||--------|--------||--B-----|--------||--------|--------| set
cpu-bind=MASK - n2cn0183, task 622 110 [212865]: mask 0x|--------|--------||--------|--------||--------|--------||--------|--------||||--------|--------||--------|--------||--------|------B-||--------|--------| set
cpu-bind=MASK - n2cn0179, task 83 83 [212857]: mask 0x|--------|--------||--------|--------||--------|--------||--------|--------||||--------|--------||---B----|--------||--------|--------||--------|--------| set
cpu-bind=MASK - n2cn1152, task 1631 95 [241799]: mask 0x|--------|--------||--------|--------||--------|--------||--------|--------||||--------|--------||--------|-------B||--------|--------||--------|--------| set
cpu-bind=MASK - n2cn0853, task 860 92 [302671]: mask 0x|--------|--------||--------|--------||--------|--------||--------|--------||||--------|--------||--------|----B---||--------|--------||--------|--------| set
cpu-bind=MASK - n2cn1154, task 1770 106 [344443]: mask 0x|--------|--------||--------|--------||--------|--------||--------|--------||||--------|--------||--------|--------||--------|--B-----||--------|--------| set
cpu-bind=MASK - n2cn1026, task 1400 120 [292146]: mask 0x|--------|--------||--------|--------||--------|--------||--------|--------||||--------|--------||--------|--------||--------|--------||--------|B-------| set
cpu-bind=MASK - n2cn0181, task 369 113 [212748]: mask 0x|--------|--------||--------|--------||--------|--------||--------|--------||||--------|--------||--------|--------||--------|--------||-B------|--------| set
cpu-bind=MASK - n2cn1157, task 1905 113 [2086855]: mask 0x|--------|--------||--------|--------||--------|--------||--------|--------||||--------|--------||--------|--------||--------|--------||-B------|--------| set
cpu-bind=MASK - n2cn0290, task 732 92 [244734]: mask 0x|--------|--------||--------|--------||--------|--------||--------|--------||||--------|--------||--------|----B---||--------|--------||--------|--------| set
cpu-bind=MASK - n2cn0180, task 242 114 [336827]: mask 0x|--------|--------||--------|--------||--------|--------||--------|--------||||--------|--------||--------|--------||--------|--------||--B-----|--------| set
cpu-bind=MASK - n2cn1025, task 1250 98 [146421]: mask 0x|--------|--------||--------|--------||--------|--------||--------|--------||||--------|--------||--------|--------||--B-----|--------||--------|--------| set
cpu-bind=MASK - n2cn0891, task 1122 98 [293962]: mask 0x|--------|--------||--------|--------||--------|--------||--------|--------||||--------|--------||--------|--------||--B-----|--------||--------|--------| set
cpu-bind=MASK - n2cn1193, task 2025 105 [267121]: mask 0x|--------|--------||--------|--------||--------|--------||--------|--------||||--------|--------||--------|--------||--------|-B------||--------|--------| set
cpu-bind=MASK - n2cn0890, task 1008 112 [237030]: mask 0x|--------|--------||--------|--------||--------|--------||--------|--------||||--------|--------||--------|--------||--------|--------||B-------|--------| set
cpu-bind=MASK - n2cn1151, task 1511 103 [265488]: mask 0x|--------|--------||--------|--------||--------|--------||--------|--------||||--------|--------||--------|--------||-------B|--------||--------|--------| set
cpu-bind=MASK - n2cn1152, task 1632 96 [241800]: mask 0x|--------|--------||--------|--------||--------|--------||--------|--------||||--------|--------||--------|--------||B-------|--------||--------|--------| set
cpu-bind=MASK - n2cn0183, task 623 111 [212866]: mask 0x|--------|--------||--------|--------||--------|--------||--------|--------||||--------|--------||--------|--------||--------|-------B||--------|--------| set
cpu-bind=MASK - n2cn0179, task 84 84 [212858]: mask 0x|--------|--------||--------|--------||--------|--------||--------|--------||||--------|--------||----B---|--------||--------|--------||--------|--------| set
cpu-bind=MASK - n2cn1154, task 1771 107 [344444]: mask 0x|--------|--------||--------|--------||--------|--------||--------|--------||||--------|--------||--------|--------||--------|---B----||--------|--------| set
cpu-bind=MASK - n2cn0853, task 861 93 [302672]: mask 0x|--------|--------||--------|--------||--------|--------||--------|--------||||--------|--------||--------|-----B--||--------|--------||--------|--------| set
cpu-bind=MASK - n2cn1026, task 1401 121 [292147]: mask 0x|--------|--------||--------|--------||--------|--------||--------|--------||||--------|--------||--------|--------||--------|--------||--------|-B------| set
cpu-bind=MASK - n2cn1157, task 1906 114 [2086856]: mask 0x|--------|--------||--------|--------||--------|--------||--------|--------||||--------|--------||--------|--------||--------|--------||--B-----|--------| set
cpu-bind=MASK - n2cn0290, task 733 93 [244735]: mask 0x|--------|--------||--------|--------||--------|--------||--------|--------||||--------|--------||--------|-----B--||--------|--------||--------|--------| set
cpu-bind=MASK - n2cn0181, task 370 114 [212749]: mask 0x|--------|--------||--------|--------||--------|--------||--------|--------||||--------|--------||--------|--------||--------|--------||--B-----|--------| set
cpu-bind=MASK - n2cn0180, task 243 115 [336828]: mask 0x|--------|--------||--------|--------||--------|--------||--------|--------||||--------|--------||--------|--------||--------|--------||---B----|--------| set
cpu-bind=MASK - n2cn0891, task 1123 99 [293963]: mask 0x|--------|--------||--------|--------||--------|--------||--------|--------||||--------|--------||--------|--------||---B----|--------||--------|--------| set
cpu-bind=MASK - n2cn1025, task 1251 99 [146422]: mask 0x|--------|--------||--------|--------||--------|--------||--------|--------||||--------|--------||--------|--------||---B----|--------||--------|--------| set
cpu-bind=MASK - n2cn1151, task 1512 104 [265489]: mask 0x|--------|--------||--------|--------||--------|--------||--------|--------||||--------|--------||--------|--------||--------|B-------||--------|--------| set
cpu-bind=MASK - n2cn1152, task 1633 97 [241801]: mask 0x|--------|--------||--------|--------||--------|--------||--------|--------||||--------|--------||--------|--------||-B------|--------||--------|--------| set
cpu-bind=MASK - n2cn0890, task 1009 113 [237031]: mask 0x|--------|--------||--------|--------||--------|--------||--------|--------||||--------|--------||--------|--------||--------|--------||-B------|--------| set
cpu-bind=MASK - n2cn1193, task 2026 106 [267122]: mask 0x|--------|--------||--------|--------||--------|--------||--------|--------||||--------|--------||--------|--------||--------|--B-----||--------|--------| set
cpu-bind=MASK - n2cn0183, task 624 112 [212867]: mask 0x|--------|--------||--------|--------||--------|--------||--------|--------||||--------|--------||--------|--------||--------|--------||B-------|--------| set
cpu-bind=MASK - n2cn0853, task 862 94 [302673]: mask 0x|--------|--------||--------|--------||--------|--------||--------|--------||||--------|--------||--------|------B-||--------|--------||--------|--------| set
cpu-bind=MASK - n2cn0179, task 85 85 [212859]: mask 0x|--------|--------||--------|--------||--------|--------||--------|--------||||--------|--------||-----B--|--------||--------|--------||--------|--------| set
cpu-bind=MASK - n2cn1154, task 1772 108 [344445]: mask 0x|--------|--------||--------|--------||--------|--------||--------|--------||||--------|--------||--------|--------||--------|----B---||--------|--------| set
cpu-bind=MASK - n2cn1026, task 1402 122 [292148]: mask 0x|--------|--------||--------|--------||--------|--------||--------|--------||||--------|--------||--------|--------||--------|--------||--------|--B-----| set
cpu-bind=MASK - n2cn0180, task 244 116 [336829]: mask 0x|--------|--------||--------|--------||--------|--------||--------|--------||||--------|--------||--------|--------||--------|--------||----B---|--------| set
cpu-bind=MASK - n2cn0290, task 734 94 [244736]: mask 0x|--------|--------||--------|--------||--------|--------||--------|--------||||--------|--------||--------|------B-||--------|--------||--------|--------| set
cpu-bind=MASK - n2cn0181, task 371 115 [212750]: mask 0x|--------|--------||--------|--------||--------|--------||--------|--------||||--------|--------||--------|--------||--------|--------||---B----|--------| set
cpu-bind=MASK - n2cn1157, task 1907 115 [2086857]: mask 0x|--------|--------||--------|--------||--------|--------||--------|--------||||--------|--------||--------|--------||--------|--------||---B----|--------| set
cpu-bind=MASK - n2cn0891, task 1124 100 [293964]: mask 0x|--------|--------||--------|--------||--------|--------||--------|--------||||--------|--------||--------|--------||----B---|--------||--------|--------| set
cpu-bind=MASK - n2cn1025, task 1252 100 [146423]: mask 0x|--------|--------||--------|--------||--------|--------||--------|--------||||--------|--------||--------|--------||----B---|--------||--------|--------| set
cpu-bind=MASK - n2cn1151, task 1513 105 [265490]: mask 0x|--------|--------||--------|--------||--------|--------||--------|--------||||--------|--------||--------|--------||--------|-B------||--------|--------| set
cpu-bind=MASK - n2cn1152, task 1634 98 [241802]: mask 0x|--------|--------||--------|--------||--------|--------||--------|--------||||--------|--------||--------|--------||--B-----|--------||--------|--------| set
cpu-bind=MASK - n2cn0182, task 483 99 [221957]: mask 0x|--------|--------||--------|--------||--------|--------||--------|--------||||--------|--------||--------|--------||---B----|--------||--------|--------| set
cpu-bind=MASK - n2cn1193, task 2027 107 [267123]: mask 0x|--------|--------||--------|--------||--------|--------||--------|--------||||--------|--------||--------|--------||--------|---B----||--------|--------| set
cpu-bind=MASK - n2cn0890, task 1010 114 [237032]: mask 0x|--------|--------||--------|--------||--------|--------||--------|--------||||--------|--------||--------|--------||--------|--------||--B-----|--------| set
cpu-bind=MASK - n2cn1026, task 1403 123 [292149]: mask 0x|--------|--------||--------|--------||--------|--------||--------|--------||||--------|--------||--------|--------||--------|--------||--------|---B----| set
cpu-bind=MASK - n2cn1154, task 1773 109 [344446]: mask 0x|--------|--------||--------|--------||--------|--------||--------|--------||||--------|--------||--------|--------||--------|-----B--||--------|--------| set
cpu-bind=MASK - n2cn0179, task 86 86 [212860]: mask 0x|--------|--------||--------|--------||--------|--------||--------|--------||||--------|--------||------B-|--------||--------|--------||--------|--------| set
cpu-bind=MASK - n2cn0853, task 863 95 [302674]: mask 0x|--------|--------||--------|--------||--------|--------||--------|--------||||--------|--------||--------|-------B||--------|--------||--------|--------| set
cpu-bind=MASK - n2cn0183, task 625 113 [212868]: mask 0x|--------|--------||--------|--------||--------|--------||--------|--------||||--------|--------||--------|--------||--------|--------||-B------|--------| set
cpu-bind=MASK - n2cn0290, task 735 95 [244737]: mask 0x|--------|--------||--------|--------||--------|--------||--------|--------||||--------|--------||--------|-------B||--------|--------||--------|--------| set
cpu-bind=MASK - n2cn0180, task 245 117 [336830]: mask 0x|--------|--------||--------|--------||--------|--------||--------|--------||||--------|--------||--------|--------||--------|--------||-----B--|--------| set
cpu-bind=MASK - n2cn1157, task 1908 116 [2086858]: mask 0x|--------|--------||--------|--------||--------|--------||--------|--------||||--------|--------||--------|--------||--------|--------||----B---|--------| set
cpu-bind=MASK - n2cn0181, task 372 116 [212751]: mask 0x|--------|--------||--------|--------||--------|--------||--------|--------||||--------|--------||--------|--------||--------|--------||----B---|--------| set
cpu-bind=MASK - n2cn0891, task 1125 101 [293965]: mask 0x|--------|--------||--------|--------||--------|--------||--------|--------||||--------|--------||--------|--------||-----B--|--------||--------|--------| set
cpu-bind=MASK - n2cn1025, task 1253 101 [146424]: mask 0x|--------|--------||--------|--------||--------|--------||--------|--------||||--------|--------||--------|--------||-----B--|--------||--------|--------| set
cpu-bind=MASK - n2cn1152, task 1635 99 [241803]: mask 0x|--------|--------||--------|--------||--------|--------||--------|--------||||--------|--------||--------|--------||---B----|--------||--------|--------| set
cpu-bind=MASK - n2cn1151, task 1514 106 [265491]: mask 0x|--------|--------||--------|--------||--------|--------||--------|--------||||--------|--------||--------|--------||--------|--B-----||--------|--------| set
cpu-bind=MASK - n2cn0182, task 484 100 [221958]: mask 0x|--------|--------||--------|--------||--------|--------||--------|--------||||--------|--------||--------|--------||----B---|--------||--------|--------| set
cpu-bind=MASK - n2cn1026, task 1404 124 [292150]: mask 0x|--------|--------||--------|--------||--------|--------||--------|--------||||--------|--------||--------|--------||--------|--------||--------|----B---| set
cpu-bind=MASK - n2cn0890, task 1011 115 [237033]: mask 0x|--------|--------||--------|--------||--------|--------||--------|--------||||--------|--------||--------|--------||--------|--------||---B----|--------| set
cpu-bind=MASK - n2cn1154, task 1774 110 [344447]: mask 0x|--------|--------||--------|--------||--------|--------||--------|--------||||--------|--------||--------|--------||--------|------B-||--------|--------| set
cpu-bind=MASK - n2cn1193, task 2028 108 [267124]: mask 0x|--------|--------||--------|--------||--------|--------||--------|--------||||--------|--------||--------|--------||--------|----B---||--------|--------| set
cpu-bind=MASK - n2cn0180, task 246 118 [336831]: mask 0x|--------|--------||--------|--------||--------|--------||--------|--------||||--------|--------||--------|--------||--------|--------||------B-|--------| set
cpu-bind=MASK - n2cn0179, task 87 87 [212861]: mask 0x|--------|--------||--------|--------||--------|--------||--------|--------||||--------|--------||-------B|--------||--------|--------||--------|--------| set
cpu-bind=MASK - n2cn0290, task 736 96 [244738]: mask 0x|--------|--------||--------|--------||--------|--------||--------|--------||||--------|--------||--------|--------||B-------|--------||--------|--------| set
cpu-bind=MASK - n2cn0183, task 626 114 [212869]: mask 0x|--------|--------||--------|--------||--------|--------||--------|--------||||--------|--------||--------|--------||--------|--------||--B-----|--------| set
cpu-bind=MASK - n2cn0891, task 1126 102 [293966]: mask 0x|--------|--------||--------|--------||--------|--------||--------|--------||||--------|--------||--------|--------||------B-|--------||--------|--------| set
cpu-bind=MASK - n2cn1157, task 1909 117 [2086859]: mask 0x|--------|--------||--------|--------||--------|--------||--------|--------||||--------|--------||--------|--------||--------|--------||-----B--|--------| set
cpu-bind=MASK - n2cn1025, task 1254 102 [146425]: mask 0x|--------|--------||--------|--------||--------|--------||--------|--------||||--------|--------||--------|--------||------B-|--------||--------|--------| set
cpu-bind=MASK - n2cn0853, task 864 96 [302675]: mask 0x|--------|--------||--------|--------||--------|--------||--------|--------||||--------|--------||--------|--------||B-------|--------||--------|--------| set
cpu-bind=MASK - n2cn0181, task 373 117 [212752]: mask 0x|--------|--------||--------|--------||--------|--------||--------|--------||||--------|--------||--------|--------||--------|--------||-----B--|--------| set
cpu-bind=MASK - n2cn1152, task 1636 100 [241804]: mask 0x|--------|--------||--------|--------||--------|--------||--------|--------||||--------|--------||--------|--------||----B---|--------||--------|--------| set
cpu-bind=MASK - n2cn1151, task 1515 107 [265492]: mask 0x|--------|--------||--------|--------||--------|--------||--------|--------||||--------|--------||--------|--------||--------|---B----||--------|--------| set
cpu-bind=MASK - n2cn1026, task 1405 125 [292151]: mask 0x|--------|--------||--------|--------||--------|--------||--------|--------||||--------|--------||--------|--------||--------|--------||--------|-----B--| set
cpu-bind=MASK - n2cn1154, task 1775 111 [344448]: mask 0x|--------|--------||--------|--------||--------|--------||--------|--------||||--------|--------||--------|--------||--------|-------B||--------|--------| set
cpu-bind=MASK - n2cn0182, task 485 101 [221959]: mask 0x|--------|--------||--------|--------||--------|--------||--------|--------||||--------|--------||--------|--------||-----B--|--------||--------|--------| set
cpu-bind=MASK - n2cn0890, task 1012 116 [237034]: mask 0x|--------|--------||--------|--------||--------|--------||--------|--------||||--------|--------||--------|--------||--------|--------||----B---|--------| set
cpu-bind=MASK - n2cn0180, task 247 119 [336832]: mask 0x|--------|--------||--------|--------||--------|--------||--------|--------||||--------|--------||--------|--------||--------|--------||-------B|--------| set
cpu-bind=MASK - n2cn1193, task 2029 109 [267125]: mask 0x|--------|--------||--------|--------||--------|--------||--------|--------||||--------|--------||--------|--------||--------|-----B--||--------|--------| set
cpu-bind=MASK - n2cn0290, task 737 97 [244739]: mask 0x|--------|--------||--------|--------||--------|--------||--------|--------||||--------|--------||--------|--------||-B------|--------||--------|--------| set
cpu-bind=MASK - n2cn0183, task 627 115 [212870]: mask 0x|--------|--------||--------|--------||--------|--------||--------|--------||||--------|--------||--------|--------||--------|--------||---B----|--------| set
cpu-bind=MASK - n2cn0891, task 1127 103 [293967]: mask 0x|--------|--------||--------|--------||--------|--------||--------|--------||||--------|--------||--------|--------||-------B|--------||--------|--------| set
cpu-bind=MASK - n2cn0179, task 88 88 [212862]: mask 0x|--------|--------||--------|--------||--------|--------||--------|--------||||--------|--------||--------|B-------||--------|--------||--------|--------| set
cpu-bind=MASK - n2cn1025, task 1255 103 [146426]: mask 0x|--------|--------||--------|--------||--------|--------||--------|--------||||--------|--------||--------|--------||-------B|--------||--------|--------| set
cpu-bind=MASK - n2cn1157, task 1910 118 [2086860]: mask 0x|--------|--------||--------|--------||--------|--------||--------|--------||||--------|--------||--------|--------||--------|--------||------B-|--------| set
cpu-bind=MASK - n2cn0853, task 865 97 [302676]: mask 0x|--------|--------||--------|--------||--------|--------||--------|--------||||--------|--------||--------|--------||-B------|--------||--------|--------| set
cpu-bind=MASK - n2cn0181, task 374 118 [212753]: mask 0x|--------|--------||--------|--------||--------|--------||--------|--------||||--------|--------||--------|--------||--------|--------||------B-|--------| set
cpu-bind=MASK - n2cn1152, task 1637 101 [241805]: mask 0x|--------|--------||--------|--------||--------|--------||--------|--------||||--------|--------||--------|--------||-----B--|--------||--------|--------| set
cpu-bind=MASK - n2cn1151, task 1516 108 [265493]: mask 0x|--------|--------||--------|--------||--------|--------||--------|--------||||--------|--------||--------|--------||--------|----B---||--------|--------| set
cpu-bind=MASK - n2cn1026, task 1406 126 [292152]: mask 0x|--------|--------||--------|--------||--------|--------||--------|--------||||--------|--------||--------|--------||--------|--------||--------|------B-| set
cpu-bind=MASK - n2cn1154, task 1776 112 [344449]: mask 0x|--------|--------||--------|--------||--------|--------||--------|--------||||--------|--------||--------|--------||--------|--------||B-------|--------| set
cpu-bind=MASK - n2cn0890, task 1013 117 [237035]: mask 0x|--------|--------||--------|--------||--------|--------||--------|--------||||--------|--------||--------|--------||--------|--------||-----B--|--------| set
cpu-bind=MASK - n2cn0182, task 486 102 [221960]: mask 0x|--------|--------||--------|--------||--------|--------||--------|--------||||--------|--------||--------|--------||------B-|--------||--------|--------| set
cpu-bind=MASK - n2cn0180, task 248 120 [336833]: mask 0x|--------|--------||--------|--------||--------|--------||--------|--------||||--------|--------||--------|--------||--------|--------||--------|B-------| set
cpu-bind=MASK - n2cn0183, task 628 116 [212871]: mask 0x|--------|--------||--------|--------||--------|--------||--------|--------||||--------|--------||--------|--------||--------|--------||----B---|--------| set
cpu-bind=MASK - n2cn1193, task 2030 110 [267126]: mask 0x|--------|--------||--------|--------||--------|--------||--------|--------||||--------|--------||--------|--------||--------|------B-||--------|--------| set
cpu-bind=MASK - n2cn0290, task 738 98 [244740]: mask 0x|--------|--------||--------|--------||--------|--------||--------|--------||||--------|--------||--------|--------||--B-----|--------||--------|--------| set
cpu-bind=MASK - n2cn0891, task 1128 104 [293968]: mask 0x|--------|--------||--------|--------||--------|--------||--------|--------||||--------|--------||--------|--------||--------|B-------||--------|--------| set
cpu-bind=MASK - n2cn1025, task 1256 104 [146427]: mask 0x|--------|--------||--------|--------||--------|--------||--------|--------||||--------|--------||--------|--------||--------|B-------||--------|--------| set
cpu-bind=MASK - n2cn1157, task 1911 119 [2086861]: mask 0x|--------|--------||--------|--------||--------|--------||--------|--------||||--------|--------||--------|--------||--------|--------||-------B|--------| set
cpu-bind=MASK - n2cn0179, task 89 89 [212863]: mask 0x|--------|--------||--------|--------||--------|--------||--------|--------||||--------|--------||--------|-B------||--------|--------||--------|--------| set
cpu-bind=MASK - n2cn0853, task 866 98 [302677]: mask 0x|--------|--------||--------|--------||--------|--------||--------|--------||||--------|--------||--------|--------||--B-----|--------||--------|--------| set
cpu-bind=MASK - n2cn0181, task 375 119 [212754]: mask 0x|--------|--------||--------|--------||--------|--------||--------|--------||||--------|--------||--------|--------||--------|--------||-------B|--------| set
cpu-bind=MASK - n2cn1152, task 1638 102 [241806]: mask 0x|--------|--------||--------|--------||--------|--------||--------|--------||||--------|--------||--------|--------||------B-|--------||--------|--------| set
cpu-bind=MASK - n2cn1151, task 1517 109 [265494]: mask 0x|--------|--------||--------|--------||--------|--------||--------|--------||||--------|--------||--------|--------||--------|-----B--||--------|--------| set
cpu-bind=MASK - n2cn1154, task 1777 113 [344450]: mask 0x|--------|--------||--------|--------||--------|--------||--------|--------||||--------|--------||--------|--------||--------|--------||-B------|--------| set
cpu-bind=MASK - n2cn0180, task 249 121 [336834]: mask 0x|--------|--------||--------|--------||--------|--------||--------|--------||||--------|--------||--------|--------||--------|--------||--------|-B------| set
cpu-bind=MASK - n2cn0890, task 1014 118 [237036]: mask 0x|--------|--------||--------|--------||--------|--------||--------|--------||||--------|--------||--------|--------||--------|--------||------B-|--------| set
cpu-bind=MASK - n2cn0183, task 629 117 [212872]: mask 0x|--------|--------||--------|--------||--------|--------||--------|--------||||--------|--------||--------|--------||--------|--------||-----B--|--------| set
cpu-bind=MASK - n2cn1193, task 2031 111 [267127]: mask 0x|--------|--------||--------|--------||--------|--------||--------|--------||||--------|--------||--------|--------||--------|-------B||--------|--------| set
cpu-bind=MASK - n2cn0182, task 487 103 [221961]: mask 0x|--------|--------||--------|--------||--------|--------||--------|--------||||--------|--------||--------|--------||-------B|--------||--------|--------| set
cpu-bind=MASK - n2cn1025, task 1257 105 [146428]: mask 0x|--------|--------||--------|--------||--------|--------||--------|--------||||--------|--------||--------|--------||--------|-B------||--------|--------| set
cpu-bind=MASK - n2cn0891, task 1129 105 [293969]: mask 0x|--------|--------||--------|--------||--------|--------||--------|--------||||--------|--------||--------|--------||--------|-B------||--------|--------| set
cpu-bind=MASK - n2cn1157, task 1912 120 [2086862]: mask 0x|--------|--------||--------|--------||--------|--------||--------|--------||||--------|--------||--------|--------||--------|--------||--------|B-------| set
cpu-bind=MASK - n2cn0179, task 90 90 [212864]: mask 0x|--------|--------||--------|--------||--------|--------||--------|--------||||--------|--------||--------|--B-----||--------|--------||--------|--------| set
cpu-bind=MASK - n2cn0853, task 867 99 [302678]: mask 0x|--------|--------||--------|--------||--------|--------||--------|--------||||--------|--------||--------|--------||---B----|--------||--------|--------| set
cpu-bind=MASK - n2cn1152, task 1639 103 [241807]: mask 0x|--------|--------||--------|--------||--------|--------||--------|--------||||--------|--------||--------|--------||-------B|--------||--------|--------| set
cpu-bind=MASK - n2cn0181, task 376 120 [212755]: mask 0x|--------|--------||--------|--------||--------|--------||--------|--------||||--------|--------||--------|--------||--------|--------||--------|B-------| set
cpu-bind=MASK - n2cn0290, task 739 99 [244741]: mask 0x|--------|--------||--------|--------||--------|--------||--------|--------||||--------|--------||--------|--------||---B----|--------||--------|--------| set
cpu-bind=MASK - n2cn1151, task 1518 110 [265495]: mask 0x|--------|--------||--------|--------||--------|--------||--------|--------||||--------|--------||--------|--------||--------|------B-||--------|--------| set
cpu-bind=MASK - n2cn0180, task 250 122 [336835]: mask 0x|--------|--------||--------|--------||--------|--------||--------|--------||||--------|--------||--------|--------||--------|--------||--------|--B-----| set
cpu-bind=MASK - n2cn0183, task 630 118 [212873]: mask 0x|--------|--------||--------|--------||--------|--------||--------|--------||||--------|--------||--------|--------||--------|--------||------B-|--------| set
cpu-bind=MASK - n2cn0890, task 1015 119 [237037]: mask 0x|--------|--------||--------|--------||--------|--------||--------|--------||||--------|--------||--------|--------||--------|--------||-------B|--------| set
cpu-bind=MASK - n2cn1025, task 1258 106 [146429]: mask 0x|--------|--------||--------|--------||--------|--------||--------|--------||||--------|--------||--------|--------||--------|--B-----||--------|--------| set
cpu-bind=MASK - n2cn1154, task 1778 114 [344451]: mask 0x|--------|--------||--------|--------||--------|--------||--------|--------||||--------|--------||--------|--------||--------|--------||--B-----|--------| set
cpu-bind=MASK - n2cn0182, task 488 104 [221962]: mask 0x|--------|--------||--------|--------||--------|--------||--------|--------||||--------|--------||--------|--------||--------|B-------||--------|--------| set
cpu-bind=MASK - n2cn0891, task 1130 106 [293970]: mask 0x|--------|--------||--------|--------||--------|--------||--------|--------||||--------|--------||--------|--------||--------|--B-----||--------|--------| set
cpu-bind=MASK - n2cn1193, task 2032 112 [267128]: mask 0x|--------|--------||--------|--------||--------|--------||--------|--------||||--------|--------||--------|--------||--------|--------||B-------|--------| set
cpu-bind=MASK - n2cn1157, task 1913 121 [2086863]: mask 0x|--------|--------||--------|--------||--------|--------||--------|--------||||--------|--------||--------|--------||--------|--------||--------|-B------| set
cpu-bind=MASK - n2cn1152, task 1640 104 [241808]: mask 0x|--------|--------||--------|--------||--------|--------||--------|--------||||--------|--------||--------|--------||--------|B-------||--------|--------| set
cpu-bind=MASK - n2cn0179, task 91 91 [212865]: mask 0x|--------|--------||--------|--------||--------|--------||--------|--------||||--------|--------||--------|---B----||--------|--------||--------|--------| set
cpu-bind=MASK - n2cn0181, task 377 121 [212756]: mask 0x|--------|--------||--------|--------||--------|--------||--------|--------||||--------|--------||--------|--------||--------|--------||--------|-B------| set
cpu-bind=MASK - n2cn0853, task 868 100 [302679]: mask 0x|--------|--------||--------|--------||--------|--------||--------|--------||||--------|--------||--------|--------||----B---|--------||--------|--------| set
cpu-bind=MASK - n2cn1151, task 1519 111 [265496]: mask 0x|--------|--------||--------|--------||--------|--------||--------|--------||||--------|--------||--------|--------||--------|-------B||--------|--------| set
cpu-bind=MASK - n2cn0290, task 740 100 [244742]: mask 0x|--------|--------||--------|--------||--------|--------||--------|--------||||--------|--------||--------|--------||----B---|--------||--------|--------| set
cpu-bind=MASK - n2cn0180, task 251 123 [336836]: mask 0x|--------|--------||--------|--------||--------|--------||--------|--------||||--------|--------||--------|--------||--------|--------||--------|---B----| set
cpu-bind=MASK - n2cn0183, task 631 119 [212874]: mask 0x|--------|--------||--------|--------||--------|--------||--------|--------||||--------|--------||--------|--------||--------|--------||-------B|--------| set
cpu-bind=MASK - n2cn0890, task 1016 120 [237038]: mask 0x|--------|--------||--------|--------||--------|--------||--------|--------||||--------|--------||--------|--------||--------|--------||--------|B-------| set
cpu-bind=MASK - n2cn1154, task 1779 115 [344452]: mask 0x|--------|--------||--------|--------||--------|--------||--------|--------||||--------|--------||--------|--------||--------|--------||---B----|--------| set
cpu-bind=MASK - n2cn1025, task 1259 107 [146430]: mask 0x|--------|--------||--------|--------||--------|--------||--------|--------||||--------|--------||--------|--------||--------|---B----||--------|--------| set
cpu-bind=MASK - n2cn0891, task 1131 107 [293971]: mask 0x|--------|--------||--------|--------||--------|--------||--------|--------||||--------|--------||--------|--------||--------|---B----||--------|--------| set
cpu-bind=MASK - n2cn1193, task 2033 113 [267129]: mask 0x|--------|--------||--------|--------||--------|--------||--------|--------||||--------|--------||--------|--------||--------|--------||-B------|--------| set
cpu-bind=MASK - n2cn0182, task 489 105 [221963]: mask 0x|--------|--------||--------|--------||--------|--------||--------|--------||||--------|--------||--------|--------||--------|-B------||--------|--------| set
cpu-bind=MASK - n2cn0179, task 92 92 [212866]: mask 0x|--------|--------||--------|--------||--------|--------||--------|--------||||--------|--------||--------|----B---||--------|--------||--------|--------| set
cpu-bind=MASK - n2cn0181, task 378 122 [212757]: mask 0x|--------|--------||--------|--------||--------|--------||--------|--------||||--------|--------||--------|--------||--------|--------||--------|--B-----| set
cpu-bind=MASK - n2cn1157, task 1914 122 [2086864]: mask 0x|--------|--------||--------|--------||--------|--------||--------|--------||||--------|--------||--------|--------||--------|--------||--------|--B-----| set
cpu-bind=MASK - n2cn0853, task 869 101 [302680]: mask 0x|--------|--------||--------|--------||--------|--------||--------|--------||||--------|--------||--------|--------||-----B--|--------||--------|--------| set
cpu-bind=MASK - n2cn1152, task 1641 105 [241809]: mask 0x|--------|--------||--------|--------||--------|--------||--------|--------||||--------|--------||--------|--------||--------|-B------||--------|--------| set
cpu-bind=MASK - n2cn0290, task 741 101 [244743]: mask 0x|--------|--------||--------|--------||--------|--------||--------|--------||||--------|--------||--------|--------||-----B--|--------||--------|--------| set
cpu-bind=MASK - n2cn0180, task 252 124 [336837]: mask 0x|--------|--------||--------|--------||--------|--------||--------|--------||||--------|--------||--------|--------||--------|--------||--------|----B---| set
cpu-bind=MASK - n2cn0183, task 632 120 [212875]: mask 0x|--------|--------||--------|--------||--------|--------||--------|--------||||--------|--------||--------|--------||--------|--------||--------|B-------| set
cpu-bind=MASK - n2cn0890, task 1017 121 [237039]: mask 0x|--------|--------||--------|--------||--------|--------||--------|--------||||--------|--------||--------|--------||--------|--------||--------|-B------| set
cpu-bind=MASK - n2cn1151, task 1520 112 [265497]: mask 0x|--------|--------||--------|--------||--------|--------||--------|--------||||--------|--------||--------|--------||--------|--------||B-------|--------| set
cpu-bind=MASK - n2cn1025, task 1260 108 [146431]: mask 0x|--------|--------||--------|--------||--------|--------||--------|--------||||--------|--------||--------|--------||--------|----B---||--------|--------| set
cpu-bind=MASK - n2cn1154, task 1780 116 [344453]: mask 0x|--------|--------||--------|--------||--------|--------||--------|--------||||--------|--------||--------|--------||--------|--------||----B---|--------| set
cpu-bind=MASK - n2cn1193, task 2034 114 [267130]: mask 0x|--------|--------||--------|--------||--------|--------||--------|--------||||--------|--------||--------|--------||--------|--------||--B-----|--------| set
cpu-bind=MASK - n2cn0182, task 490 106 [221964]: mask 0x|--------|--------||--------|--------||--------|--------||--------|--------||||--------|--------||--------|--------||--------|--B-----||--------|--------| set
cpu-bind=MASK - n2cn1157, task 1915 123 [2086865]: mask 0x|--------|--------||--------|--------||--------|--------||--------|--------||||--------|--------||--------|--------||--------|--------||--------|---B----| set
cpu-bind=MASK - n2cn0853, task 870 102 [302681]: mask 0x|--------|--------||--------|--------||--------|--------||--------|--------||||--------|--------||--------|--------||------B-|--------||--------|--------| set
cpu-bind=MASK - n2cn0181, task 379 123 [212758]: mask 0x|--------|--------||--------|--------||--------|--------||--------|--------||||--------|--------||--------|--------||--------|--------||--------|---B----| set
cpu-bind=MASK - n2cn1152, task 1642 106 [241810]: mask 0x|--------|--------||--------|--------||--------|--------||--------|--------||||--------|--------||--------|--------||--------|--B-----||--------|--------| set
cpu-bind=MASK - n2cn0179, task 93 93 [212867]: mask 0x|--------|--------||--------|--------||--------|--------||--------|--------||||--------|--------||--------|-----B--||--------|--------||--------|--------| set
cpu-bind=MASK - n2cn0180, task 253 125 [336838]: mask 0x|--------|--------||--------|--------||--------|--------||--------|--------||||--------|--------||--------|--------||--------|--------||--------|-----B--| set
cpu-bind=MASK - n2cn0183, task 633 121 [212876]: mask 0x|--------|--------||--------|--------||--------|--------||--------|--------||||--------|--------||--------|--------||--------|--------||--------|-B------| set
cpu-bind=MASK - n2cn0890, task 1018 122 [237040]: mask 0x|--------|--------||--------|--------||--------|--------||--------|--------||||--------|--------||--------|--------||--------|--------||--------|--B-----| set
cpu-bind=MASK - n2cn0290, task 742 102 [244744]: mask 0x|--------|--------||--------|--------||--------|--------||--------|--------||||--------|--------||--------|--------||------B-|--------||--------|--------| set
cpu-bind=MASK - n2cn1025, task 1261 109 [146432]: mask 0x|--------|--------||--------|--------||--------|--------||--------|--------||||--------|--------||--------|--------||--------|-----B--||--------|--------| set
cpu-bind=MASK - n2cn1151, task 1521 113 [265498]: mask 0x|--------|--------||--------|--------||--------|--------||--------|--------||||--------|--------||--------|--------||--------|--------||-B------|--------| set
cpu-bind=MASK - n2cn1154, task 1781 117 [344454]: mask 0x|--------|--------||--------|--------||--------|--------||--------|--------||||--------|--------||--------|--------||--------|--------||-----B--|--------| set
cpu-bind=MASK - n2cn0182, task 491 107 [221965]: mask 0x|--------|--------||--------|--------||--------|--------||--------|--------||||--------|--------||--------|--------||--------|---B----||--------|--------| set
cpu-bind=MASK - n2cn1193, task 2035 115 [267131]: mask 0x|--------|--------||--------|--------||--------|--------||--------|--------||||--------|--------||--------|--------||--------|--------||---B----|--------| set
cpu-bind=MASK - n2cn0853, task 871 103 [302682]: mask 0x|--------|--------||--------|--------||--------|--------||--------|--------||||--------|--------||--------|--------||-------B|--------||--------|--------| set
cpu-bind=MASK - n2cn1157, task 1916 124 [2086866]: mask 0x|--------|--------||--------|--------||--------|--------||--------|--------||||--------|--------||--------|--------||--------|--------||--------|----B---| set
cpu-bind=MASK - n2cn0180, task 254 126 [336839]: mask 0x|--------|--------||--------|--------||--------|--------||--------|--------||||--------|--------||--------|--------||--------|--------||--------|------B-| set
cpu-bind=MASK - n2cn0181, task 380 124 [212759]: mask 0x|--------|--------||--------|--------||--------|--------||--------|--------||||--------|--------||--------|--------||--------|--------||--------|----B---| set
cpu-bind=MASK - n2cn1152, task 1643 107 [241811]: mask 0x|--------|--------||--------|--------||--------|--------||--------|--------||||--------|--------||--------|--------||--------|---B----||--------|--------| set
cpu-bind=MASK - n2cn0179, task 94 94 [212868]: mask 0x|--------|--------||--------|--------||--------|--------||--------|--------||||--------|--------||--------|------B-||--------|--------||--------|--------| set
cpu-bind=MASK - n2cn0183, task 634 122 [212877]: mask 0x|--------|--------||--------|--------||--------|--------||--------|--------||||--------|--------||--------|--------||--------|--------||--------|--B-----| set
cpu-bind=MASK - n2cn0890, task 1019 123 [237041]: mask 0x|--------|--------||--------|--------||--------|--------||--------|--------||||--------|--------||--------|--------||--------|--------||--------|---B----| set
cpu-bind=MASK - n2cn0290, task 743 103 [244745]: mask 0x|--------|--------||--------|--------||--------|--------||--------|--------||||--------|--------||--------|--------||-------B|--------||--------|--------| set
cpu-bind=MASK - n2cn1025, task 1262 110 [146433]: mask 0x|--------|--------||--------|--------||--------|--------||--------|--------||||--------|--------||--------|--------||--------|------B-||--------|--------| set
cpu-bind=MASK - n2cn0891, task 1132 108 [293972]: mask 0x|--------|--------||--------|--------||--------|--------||--------|--------||||--------|--------||--------|--------||--------|----B---||--------|--------| set
cpu-bind=MASK - n2cn1154, task 1782 118 [344455]: mask 0x|--------|--------||--------|--------||--------|--------||--------|--------||||--------|--------||--------|--------||--------|--------||------B-|--------| set
cpu-bind=MASK - n2cn1151, task 1522 114 [265499]: mask 0x|--------|--------||--------|--------||--------|--------||--------|--------||||--------|--------||--------|--------||--------|--------||--B-----|--------| set
cpu-bind=MASK - n2cn0182, task 492 108 [221966]: mask 0x|--------|--------||--------|--------||--------|--------||--------|--------||||--------|--------||--------|--------||--------|----B---||--------|--------| set
cpu-bind=MASK - n2cn0853, task 872 104 [302683]: mask 0x|--------|--------||--------|--------||--------|--------||--------|--------||||--------|--------||--------|--------||--------|B-------||--------|--------| set
cpu-bind=MASK - n2cn1193, task 2036 116 [267132]: mask 0x|--------|--------||--------|--------||--------|--------||--------|--------||||--------|--------||--------|--------||--------|--------||----B---|--------| set
cpu-bind=MASK - n2cn1157, task 1917 125 [2086867]: mask 0x|--------|--------||--------|--------||--------|--------||--------|--------||||--------|--------||--------|--------||--------|--------||--------|-----B--| set
cpu-bind=MASK - n2cn0181, task 381 125 [212760]: mask 0x|--------|--------||--------|--------||--------|--------||--------|--------||||--------|--------||--------|--------||--------|--------||--------|-----B--| set
cpu-bind=MASK - n2cn1152, task 1644 108 [241812]: mask 0x|--------|--------||--------|--------||--------|--------||--------|--------||||--------|--------||--------|--------||--------|----B---||--------|--------| set
cpu-bind=MASK - n2cn0183, task 635 123 [212878]: mask 0x|--------|--------||--------|--------||--------|--------||--------|--------||||--------|--------||--------|--------||--------|--------||--------|---B----| set
cpu-bind=MASK - n2cn0179, task 95 95 [212869]: mask 0x|--------|--------||--------|--------||--------|--------||--------|--------||||--------|--------||--------|-------B||--------|--------||--------|--------| set
cpu-bind=MASK - n2cn0890, task 1020 124 [237042]: mask 0x|--------|--------||--------|--------||--------|--------||--------|--------||||--------|--------||--------|--------||--------|--------||--------|----B---| set
cpu-bind=MASK - n2cn0290, task 744 104 [244746]: mask 0x|--------|--------||--------|--------||--------|--------||--------|--------||||--------|--------||--------|--------||--------|B-------||--------|--------| set
cpu-bind=MASK - n2cn1025, task 1263 111 [146434]: mask 0x|--------|--------||--------|--------||--------|--------||--------|--------||||--------|--------||--------|--------||--------|-------B||--------|--------| set
cpu-bind=MASK - n2cn0891, task 1133 109 [293973]: mask 0x|--------|--------||--------|--------||--------|--------||--------|--------||||--------|--------||--------|--------||--------|-----B--||--------|--------| set
cpu-bind=MASK - n2cn1154, task 1783 119 [344456]: mask 0x|--------|--------||--------|--------||--------|--------||--------|--------||||--------|--------||--------|--------||--------|--------||-------B|--------| set
cpu-bind=MASK - n2cn1151, task 1523 115 [265500]: mask 0x|--------|--------||--------|--------||--------|--------||--------|--------||||--------|--------||--------|--------||--------|--------||---B----|--------| set
cpu-bind=MASK - n2cn0182, task 493 109 [221967]: mask 0x|--------|--------||--------|--------||--------|--------||--------|--------||||--------|--------||--------|--------||--------|-----B--||--------|--------| set
cpu-bind=MASK - n2cn0853, task 873 105 [302684]: mask 0x|--------|--------||--------|--------||--------|--------||--------|--------||||--------|--------||--------|--------||--------|-B------||--------|--------| set
cpu-bind=MASK - n2cn1152, task 1645 109 [241813]: mask 0x|--------|--------||--------|--------||--------|--------||--------|--------||||--------|--------||--------|--------||--------|-----B--||--------|--------| set
cpu-bind=MASK - n2cn1193, task 2037 117 [267133]: mask 0x|--------|--------||--------|--------||--------|--------||--------|--------||||--------|--------||--------|--------||--------|--------||-----B--|--------| set
cpu-bind=MASK - n2cn0183, task 636 124 [212879]: mask 0x|--------|--------||--------|--------||--------|--------||--------|--------||||--------|--------||--------|--------||--------|--------||--------|----B---| set
cpu-bind=MASK - n2cn1157, task 1918 126 [2086868]: mask 0x|--------|--------||--------|--------||--------|--------||--------|--------||||--------|--------||--------|--------||--------|--------||--------|------B-| set
cpu-bind=MASK - n2cn0181, task 382 126 [212761]: mask 0x|--------|--------||--------|--------||--------|--------||--------|--------||||--------|--------||--------|--------||--------|--------||--------|------B-| set
cpu-bind=MASK - n2cn0179, task 96 96 [212870]: mask 0x|--------|--------||--------|--------||--------|--------||--------|--------||||--------|--------||--------|--------||B-------|--------||--------|--------| set
cpu-bind=MASK - n2cn0890, task 1021 125 [237043]: mask 0x|--------|--------||--------|--------||--------|--------||--------|--------||||--------|--------||--------|--------||--------|--------||--------|-----B--| set
cpu-bind=MASK - n2cn0290, task 745 105 [244747]: mask 0x|--------|--------||--------|--------||--------|--------||--------|--------||||--------|--------||--------|--------||--------|-B------||--------|--------| set
cpu-bind=MASK - n2cn1025, task 1264 112 [146435]: mask 0x|--------|--------||--------|--------||--------|--------||--------|--------||||--------|--------||--------|--------||--------|--------||B-------|--------| set
cpu-bind=MASK - n2cn0891, task 1134 110 [293974]: mask 0x|--------|--------||--------|--------||--------|--------||--------|--------||||--------|--------||--------|--------||--------|------B-||--------|--------| set
cpu-bind=MASK - n2cn1154, task 1784 120 [344457]: mask 0x|--------|--------||--------|--------||--------|--------||--------|--------||||--------|--------||--------|--------||--------|--------||--------|B-------| set
cpu-bind=MASK - n2cn1151, task 1524 116 [265501]: mask 0x|--------|--------||--------|--------||--------|--------||--------|--------||||--------|--------||--------|--------||--------|--------||----B---|--------| set
cpu-bind=MASK - n2cn0853, task 874 106 [302685]: mask 0x|--------|--------||--------|--------||--------|--------||--------|--------||||--------|--------||--------|--------||--------|--B-----||--------|--------| set
cpu-bind=MASK - n2cn0182, task 494 110 [221968]: mask 0x|--------|--------||--------|--------||--------|--------||--------|--------||||--------|--------||--------|--------||--------|------B-||--------|--------| set
cpu-bind=MASK - n2cn0183, task 637 125 [212880]: mask 0x|--------|--------||--------|--------||--------|--------||--------|--------||||--------|--------||--------|--------||--------|--------||--------|-----B--| set
cpu-bind=MASK - n2cn1152, task 1646 110 [241814]: mask 0x|--------|--------||--------|--------||--------|--------||--------|--------||||--------|--------||--------|--------||--------|------B-||--------|--------| set
cpu-bind=MASK - n2cn1193, task 2038 118 [267134]: mask 0x|--------|--------||--------|--------||--------|--------||--------|--------||||--------|--------||--------|--------||--------|--------||------B-|--------| set
cpu-bind=MASK - n2cn0890, task 1022 126 [237044]: mask 0x|--------|--------||--------|--------||--------|--------||--------|--------||||--------|--------||--------|--------||--------|--------||--------|------B-| set
cpu-bind=MASK - n2cn0179, task 97 97 [212871]: mask 0x|--------|--------||--------|--------||--------|--------||--------|--------||||--------|--------||--------|--------||-B------|--------||--------|--------| set
cpu-bind=MASK - n2cn0290, task 746 106 [244748]: mask 0x|--------|--------||--------|--------||--------|--------||--------|--------||||--------|--------||--------|--------||--------|--B-----||--------|--------| set
cpu-bind=MASK - n2cn1154, task 1785 121 [344458]: mask 0x|--------|--------||--------|--------||--------|--------||--------|--------||||--------|--------||--------|--------||--------|--------||--------|-B------| set
cpu-bind=MASK - n2cn0891, task 1135 111 [293975]: mask 0x|--------|--------||--------|--------||--------|--------||--------|--------||||--------|--------||--------|--------||--------|-------B||--------|--------| set
cpu-bind=MASK - n2cn1151, task 1525 117 [265502]: mask 0x|--------|--------||--------|--------||--------|--------||--------|--------||||--------|--------||--------|--------||--------|--------||-----B--|--------| set
cpu-bind=MASK - n2cn0853, task 875 107 [302686]: mask 0x|--------|--------||--------|--------||--------|--------||--------|--------||||--------|--------||--------|--------||--------|---B----||--------|--------| set
cpu-bind=MASK - n2cn0182, task 495 111 [221969]: mask 0x|--------|--------||--------|--------||--------|--------||--------|--------||||--------|--------||--------|--------||--------|-------B||--------|--------| set
cpu-bind=MASK - n2cn0183, task 638 126 [212881]: mask 0x|--------|--------||--------|--------||--------|--------||--------|--------||||--------|--------||--------|--------||--------|--------||--------|------B-| set
cpu-bind=MASK - n2cn1025, task 1265 113 [146436]: mask 0x|--------|--------||--------|--------||--------|--------||--------|--------||||--------|--------||--------|--------||--------|--------||-B------|--------| set
cpu-bind=MASK - n2cn1152, task 1647 111 [241815]: mask 0x|--------|--------||--------|--------||--------|--------||--------|--------||||--------|--------||--------|--------||--------|-------B||--------|--------| set
cpu-bind=MASK - n2cn0179, task 98 98 [212872]: mask 0x|--------|--------||--------|--------||--------|--------||--------|--------||||--------|--------||--------|--------||--B-----|--------||--------|--------| set
cpu-bind=MASK - n2cn1193, task 2039 119 [267135]: mask 0x|--------|--------||--------|--------||--------|--------||--------|--------||||--------|--------||--------|--------||--------|--------||-------B|--------| set
cpu-bind=MASK - n2cn0290, task 747 107 [244749]: mask 0x|--------|--------||--------|--------||--------|--------||--------|--------||||--------|--------||--------|--------||--------|---B----||--------|--------| set
cpu-bind=MASK - n2cn1154, task 1786 122 [344459]: mask 0x|--------|--------||--------|--------||--------|--------||--------|--------||||--------|--------||--------|--------||--------|--------||--------|--B-----| set
cpu-bind=MASK - n2cn0853, task 876 108 [302687]: mask 0x|--------|--------||--------|--------||--------|--------||--------|--------||||--------|--------||--------|--------||--------|----B---||--------|--------| set
cpu-bind=MASK - n2cn1151, task 1526 118 [265503]: mask 0x|--------|--------||--------|--------||--------|--------||--------|--------||||--------|--------||--------|--------||--------|--------||------B-|--------| set
cpu-bind=MASK - n2cn0891, task 1136 112 [293976]: mask 0x|--------|--------||--------|--------||--------|--------||--------|--------||||--------|--------||--------|--------||--------|--------||B-------|--------| set
cpu-bind=MASK - n2cn1025, task 1266 114 [146437]: mask 0x|--------|--------||--------|--------||--------|--------||--------|--------||||--------|--------||--------|--------||--------|--------||--B-----|--------| set
cpu-bind=MASK - n2cn0182, task 496 112 [221970]: mask 0x|--------|--------||--------|--------||--------|--------||--------|--------||||--------|--------||--------|--------||--------|--------||B-------|--------| set
cpu-bind=MASK - n2cn1152, task 1648 112 [241816]: mask 0x|--------|--------||--------|--------||--------|--------||--------|--------||||--------|--------||--------|--------||--------|--------||B-------|--------| set
cpu-bind=MASK - n2cn0179, task 99 99 [212873]: mask 0x|--------|--------||--------|--------||--------|--------||--------|--------||||--------|--------||--------|--------||---B----|--------||--------|--------| set
cpu-bind=MASK - n2cn1193, task 2040 120 [267136]: mask 0x|--------|--------||--------|--------||--------|--------||--------|--------||||--------|--------||--------|--------||--------|--------||--------|B-------| set
cpu-bind=MASK - n2cn0290, task 748 108 [244750]: mask 0x|--------|--------||--------|--------||--------|--------||--------|--------||||--------|--------||--------|--------||--------|----B---||--------|--------| set
cpu-bind=MASK - n2cn1154, task 1787 123 [344460]: mask 0x|--------|--------||--------|--------||--------|--------||--------|--------||||--------|--------||--------|--------||--------|--------||--------|---B----| set
cpu-bind=MASK - n2cn0853, task 877 109 [302688]: mask 0x|--------|--------||--------|--------||--------|--------||--------|--------||||--------|--------||--------|--------||--------|-----B--||--------|--------| set
cpu-bind=MASK - n2cn1151, task 1527 119 [265504]: mask 0x|--------|--------||--------|--------||--------|--------||--------|--------||||--------|--------||--------|--------||--------|--------||-------B|--------| set
cpu-bind=MASK - n2cn0891, task 1137 113 [293977]: mask 0x|--------|--------||--------|--------||--------|--------||--------|--------||||--------|--------||--------|--------||--------|--------||-B------|--------| set
cpu-bind=MASK - n2cn0182, task 497 113 [221971]: mask 0x|--------|--------||--------|--------||--------|--------||--------|--------||||--------|--------||--------|--------||--------|--------||-B------|--------| set
cpu-bind=MASK - n2cn1025, task 1267 115 [146438]: mask 0x|--------|--------||--------|--------||--------|--------||--------|--------||||--------|--------||--------|--------||--------|--------||---B----|--------| set
cpu-bind=MASK - n2cn1152, task 1649 113 [241817]: mask 0x|--------|--------||--------|--------||--------|--------||--------|--------||||--------|--------||--------|--------||--------|--------||-B------|--------| set
cpu-bind=MASK - n2cn0179, task 100 100 [212874]: mask 0x|--------|--------||--------|--------||--------|--------||--------|--------||||--------|--------||--------|--------||----B---|--------||--------|--------| set
cpu-bind=MASK - n2cn0290, task 749 109 [244751]: mask 0x|--------|--------||--------|--------||--------|--------||--------|--------||||--------|--------||--------|--------||--------|-----B--||--------|--------| set
cpu-bind=MASK - n2cn1193, task 2041 121 [267137]: mask 0x|--------|--------||--------|--------||--------|--------||--------|--------||||--------|--------||--------|--------||--------|--------||--------|-B------| set
cpu-bind=MASK - n2cn1154, task 1788 124 [344461]: mask 0x|--------|--------||--------|--------||--------|--------||--------|--------||||--------|--------||--------|--------||--------|--------||--------|----B---| set
cpu-bind=MASK - n2cn0853, task 878 110 [302689]: mask 0x|--------|--------||--------|--------||--------|--------||--------|--------||||--------|--------||--------|--------||--------|------B-||--------|--------| set
cpu-bind=MASK - n2cn0182, task 498 114 [221972]: mask 0x|--------|--------||--------|--------||--------|--------||--------|--------||||--------|--------||--------|--------||--------|--------||--B-----|--------| set
cpu-bind=MASK - n2cn1151, task 1528 120 [265505]: mask 0x|--------|--------||--------|--------||--------|--------||--------|--------||||--------|--------||--------|--------||--------|--------||--------|B-------| set
cpu-bind=MASK - n2cn0891, task 1138 114 [293978]: mask 0x|--------|--------||--------|--------||--------|--------||--------|--------||||--------|--------||--------|--------||--------|--------||--B-----|--------| set
cpu-bind=MASK - n2cn1025, task 1268 116 [146439]: mask 0x|--------|--------||--------|--------||--------|--------||--------|--------||||--------|--------||--------|--------||--------|--------||----B---|--------| set
cpu-bind=MASK - n2cn1152, task 1650 114 [241818]: mask 0x|--------|--------||--------|--------||--------|--------||--------|--------||||--------|--------||--------|--------||--------|--------||--B-----|--------| set
cpu-bind=MASK - n2cn1193, task 2042 122 [267138]: mask 0x|--------|--------||--------|--------||--------|--------||--------|--------||||--------|--------||--------|--------||--------|--------||--------|--B-----| set
cpu-bind=MASK - n2cn0290, task 750 110 [244752]: mask 0x|--------|--------||--------|--------||--------|--------||--------|--------||||--------|--------||--------|--------||--------|------B-||--------|--------| set
cpu-bind=MASK - n2cn0179, task 101 101 [212875]: mask 0x|--------|--------||--------|--------||--------|--------||--------|--------||||--------|--------||--------|--------||-----B--|--------||--------|--------| set
cpu-bind=MASK - n2cn0853, task 879 111 [302690]: mask 0x|--------|--------||--------|--------||--------|--------||--------|--------||||--------|--------||--------|--------||--------|-------B||--------|--------| set
cpu-bind=MASK - n2cn1154, task 1789 125 [344462]: mask 0x|--------|--------||--------|--------||--------|--------||--------|--------||||--------|--------||--------|--------||--------|--------||--------|-----B--| set
cpu-bind=MASK - n2cn0182, task 499 115 [221973]: mask 0x|--------|--------||--------|--------||--------|--------||--------|--------||||--------|--------||--------|--------||--------|--------||---B----|--------| set
cpu-bind=MASK - n2cn1151, task 1529 121 [265506]: mask 0x|--------|--------||--------|--------||--------|--------||--------|--------||||--------|--------||--------|--------||--------|--------||--------|-B------| set
cpu-bind=MASK - n2cn1025, task 1269 117 [146440]: mask 0x|--------|--------||--------|--------||--------|--------||--------|--------||||--------|--------||--------|--------||--------|--------||-----B--|--------| set
cpu-bind=MASK - n2cn0891, task 1139 115 [293979]: mask 0x|--------|--------||--------|--------||--------|--------||--------|--------||||--------|--------||--------|--------||--------|--------||---B----|--------| set
cpu-bind=MASK - n2cn1152, task 1651 115 [241819]: mask 0x|--------|--------||--------|--------||--------|--------||--------|--------||||--------|--------||--------|--------||--------|--------||---B----|--------| set
cpu-bind=MASK - n2cn1193, task 2043 123 [267139]: mask 0x|--------|--------||--------|--------||--------|--------||--------|--------||||--------|--------||--------|--------||--------|--------||--------|---B----| set
cpu-bind=MASK - n2cn0179, task 102 102 [212876]: mask 0x|--------|--------||--------|--------||--------|--------||--------|--------||||--------|--------||--------|--------||------B-|--------||--------|--------| set
cpu-bind=MASK - n2cn0290, task 751 111 [244753]: mask 0x|--------|--------||--------|--------||--------|--------||--------|--------||||--------|--------||--------|--------||--------|-------B||--------|--------| set
cpu-bind=MASK - n2cn0853, task 880 112 [302691]: mask 0x|--------|--------||--------|--------||--------|--------||--------|--------||||--------|--------||--------|--------||--------|--------||B-------|--------| set
cpu-bind=MASK - n2cn0182, task 500 116 [221974]: mask 0x|--------|--------||--------|--------||--------|--------||--------|--------||||--------|--------||--------|--------||--------|--------||----B---|--------| set
cpu-bind=MASK - n2cn1154, task 1790 126 [344463]: mask 0x|--------|--------||--------|--------||--------|--------||--------|--------||||--------|--------||--------|--------||--------|--------||--------|------B-| set
cpu-bind=MASK - n2cn1151, task 1530 122 [265507]: mask 0x|--------|--------||--------|--------||--------|--------||--------|--------||||--------|--------||--------|--------||--------|--------||--------|--B-----| set
cpu-bind=MASK - n2cn0891, task 1140 116 [293980]: mask 0x|--------|--------||--------|--------||--------|--------||--------|--------||||--------|--------||--------|--------||--------|--------||----B---|--------| set
cpu-bind=MASK - n2cn1152, task 1652 116 [241820]: mask 0x|--------|--------||--------|--------||--------|--------||--------|--------||||--------|--------||--------|--------||--------|--------||----B---|--------| set
cpu-bind=MASK - n2cn1193, task 2044 124 [267140]: mask 0x|--------|--------||--------|--------||--------|--------||--------|--------||||--------|--------||--------|--------||--------|--------||--------|----B---| set
cpu-bind=MASK - n2cn0179, task 103 103 [212877]: mask 0x|--------|--------||--------|--------||--------|--------||--------|--------||||--------|--------||--------|--------||-------B|--------||--------|--------| set
cpu-bind=MASK - n2cn1025, task 1270 118 [146441]: mask 0x|--------|--------||--------|--------||--------|--------||--------|--------||||--------|--------||--------|--------||--------|--------||------B-|--------| set
cpu-bind=MASK - n2cn0853, task 881 113 [302692]: mask 0x|--------|--------||--------|--------||--------|--------||--------|--------||||--------|--------||--------|--------||--------|--------||-B------|--------| set
cpu-bind=MASK - n2cn0290, task 752 112 [244754]: mask 0x|--------|--------||--------|--------||--------|--------||--------|--------||||--------|--------||--------|--------||--------|--------||B-------|--------| set
cpu-bind=MASK - n2cn0182, task 501 117 [221975]: mask 0x|--------|--------||--------|--------||--------|--------||--------|--------||||--------|--------||--------|--------||--------|--------||-----B--|--------| set
cpu-bind=MASK - n2cn1151, task 1531 123 [265508]: mask 0x|--------|--------||--------|--------||--------|--------||--------|--------||||--------|--------||--------|--------||--------|--------||--------|---B----| set
cpu-bind=MASK - n2cn1152, task 1653 117 [241821]: mask 0x|--------|--------||--------|--------||--------|--------||--------|--------||||--------|--------||--------|--------||--------|--------||-----B--|--------| set
cpu-bind=MASK - n2cn0891, task 1141 117 [293981]: mask 0x|--------|--------||--------|--------||--------|--------||--------|--------||||--------|--------||--------|--------||--------|--------||-----B--|--------| set
cpu-bind=MASK - n2cn1193, task 2045 125 [267141]: mask 0x|--------|--------||--------|--------||--------|--------||--------|--------||||--------|--------||--------|--------||--------|--------||--------|-----B--| set
cpu-bind=MASK - n2cn0179, task 104 104 [212878]: mask 0x|--------|--------||--------|--------||--------|--------||--------|--------||||--------|--------||--------|--------||--------|B-------||--------|--------| set
cpu-bind=MASK - n2cn0290, task 753 113 [244755]: mask 0x|--------|--------||--------|--------||--------|--------||--------|--------||||--------|--------||--------|--------||--------|--------||-B------|--------| set
cpu-bind=MASK - n2cn0853, task 882 114 [302693]: mask 0x|--------|--------||--------|--------||--------|--------||--------|--------||||--------|--------||--------|--------||--------|--------||--B-----|--------| set
cpu-bind=MASK - n2cn1151, task 1532 124 [265509]: mask 0x|--------|--------||--------|--------||--------|--------||--------|--------||||--------|--------||--------|--------||--------|--------||--------|----B---| set
cpu-bind=MASK - n2cn0182, task 502 118 [221976]: mask 0x|--------|--------||--------|--------||--------|--------||--------|--------||||--------|--------||--------|--------||--------|--------||------B-|--------| set
cpu-bind=MASK - n2cn1025, task 1271 119 [146442]: mask 0x|--------|--------||--------|--------||--------|--------||--------|--------||||--------|--------||--------|--------||--------|--------||-------B|--------| set
cpu-bind=MASK - n2cn1152, task 1654 118 [241822]: mask 0x|--------|--------||--------|--------||--------|--------||--------|--------||||--------|--------||--------|--------||--------|--------||------B-|--------| set
cpu-bind=MASK - n2cn0891, task 1142 118 [293982]: mask 0x|--------|--------||--------|--------||--------|--------||--------|--------||||--------|--------||--------|--------||--------|--------||------B-|--------| set
cpu-bind=MASK - n2cn0179, task 105 105 [212879]: mask 0x|--------|--------||--------|--------||--------|--------||--------|--------||||--------|--------||--------|--------||--------|-B------||--------|--------| set
cpu-bind=MASK - n2cn1193, task 2046 126 [267142]: mask 0x|--------|--------||--------|--------||--------|--------||--------|--------||||--------|--------||--------|--------||--------|--------||--------|------B-| set
cpu-bind=MASK - n2cn0290, task 754 114 [244756]: mask 0x|--------|--------||--------|--------||--------|--------||--------|--------||||--------|--------||--------|--------||--------|--------||--B-----|--------| set
cpu-bind=MASK - n2cn0853, task 883 115 [302694]: mask 0x|--------|--------||--------|--------||--------|--------||--------|--------||||--------|--------||--------|--------||--------|--------||---B----|--------| set
cpu-bind=MASK - n2cn0182, task 503 119 [221977]: mask 0x|--------|--------||--------|--------||--------|--------||--------|--------||||--------|--------||--------|--------||--------|--------||-------B|--------| set
cpu-bind=MASK - n2cn1025, task 1272 120 [146443]: mask 0x|--------|--------||--------|--------||--------|--------||--------|--------||||--------|--------||--------|--------||--------|--------||--------|B-------| set
cpu-bind=MASK - n2cn1152, task 1655 119 [241823]: mask 0x|--------|--------||--------|--------||--------|--------||--------|--------||||--------|--------||--------|--------||--------|--------||-------B|--------| set
cpu-bind=MASK - n2cn0891, task 1143 119 [293983]: mask 0x|--------|--------||--------|--------||--------|--------||--------|--------||||--------|--------||--------|--------||--------|--------||-------B|--------| set
cpu-bind=MASK - n2cn1151, task 1533 125 [265510]: mask 0x|--------|--------||--------|--------||--------|--------||--------|--------||||--------|--------||--------|--------||--------|--------||--------|-----B--| set
cpu-bind=MASK - n2cn0179, task 106 106 [212880]: mask 0x|--------|--------||--------|--------||--------|--------||--------|--------||||--------|--------||--------|--------||--------|--B-----||--------|--------| set
cpu-bind=MASK - n2cn0853, task 884 116 [302695]: mask 0x|--------|--------||--------|--------||--------|--------||--------|--------||||--------|--------||--------|--------||--------|--------||----B---|--------| set
cpu-bind=MASK - n2cn0182, task 504 120 [221978]: mask 0x|--------|--------||--------|--------||--------|--------||--------|--------||||--------|--------||--------|--------||--------|--------||--------|B-------| set
cpu-bind=MASK - n2cn1025, task 1273 121 [146444]: mask 0x|--------|--------||--------|--------||--------|--------||--------|--------||||--------|--------||--------|--------||--------|--------||--------|-B------| set
cpu-bind=MASK - n2cn0891, task 1144 120 [293984]: mask 0x|--------|--------||--------|--------||--------|--------||--------|--------||||--------|--------||--------|--------||--------|--------||--------|B-------| set
cpu-bind=MASK - n2cn0290, task 755 115 [244757]: mask 0x|--------|--------||--------|--------||--------|--------||--------|--------||||--------|--------||--------|--------||--------|--------||---B----|--------| set
cpu-bind=MASK - n2cn1151, task 1534 126 [265511]: mask 0x|--------|--------||--------|--------||--------|--------||--------|--------||||--------|--------||--------|--------||--------|--------||--------|------B-| set
cpu-bind=MASK - n2cn0179, task 107 107 [212881]: mask 0x|--------|--------||--------|--------||--------|--------||--------|--------||||--------|--------||--------|--------||--------|---B----||--------|--------| set
cpu-bind=MASK - n2cn1152, task 1656 120 [241824]: mask 0x|--------|--------||--------|--------||--------|--------||--------|--------||||--------|--------||--------|--------||--------|--------||--------|B-------| set
cpu-bind=MASK - n2cn0853, task 885 117 [302696]: mask 0x|--------|--------||--------|--------||--------|--------||--------|--------||||--------|--------||--------|--------||--------|--------||-----B--|--------| set
cpu-bind=MASK - n2cn0182, task 505 121 [221979]: mask 0x|--------|--------||--------|--------||--------|--------||--------|--------||||--------|--------||--------|--------||--------|--------||--------|-B------| set
cpu-bind=MASK - n2cn1025, task 1274 122 [146445]: mask 0x|--------|--------||--------|--------||--------|--------||--------|--------||||--------|--------||--------|--------||--------|--------||--------|--B-----| set
cpu-bind=MASK - n2cn0891, task 1145 121 [293985]: mask 0x|--------|--------||--------|--------||--------|--------||--------|--------||||--------|--------||--------|--------||--------|--------||--------|-B------| set
cpu-bind=MASK - n2cn0290, task 756 116 [244758]: mask 0x|--------|--------||--------|--------||--------|--------||--------|--------||||--------|--------||--------|--------||--------|--------||----B---|--------| set
cpu-bind=MASK - n2cn1152, task 1657 121 [241825]: mask 0x|--------|--------||--------|--------||--------|--------||--------|--------||||--------|--------||--------|--------||--------|--------||--------|-B------| set
cpu-bind=MASK - n2cn0179, task 108 108 [212882]: mask 0x|--------|--------||--------|--------||--------|--------||--------|--------||||--------|--------||--------|--------||--------|----B---||--------|--------| set
cpu-bind=MASK - n2cn0853, task 886 118 [302697]: mask 0x|--------|--------||--------|--------||--------|--------||--------|--------||||--------|--------||--------|--------||--------|--------||------B-|--------| set
cpu-bind=MASK - n2cn0182, task 506 122 [221980]: mask 0x|--------|--------||--------|--------||--------|--------||--------|--------||||--------|--------||--------|--------||--------|--------||--------|--B-----| set
cpu-bind=MASK - n2cn0891, task 1146 122 [293986]: mask 0x|--------|--------||--------|--------||--------|--------||--------|--------||||--------|--------||--------|--------||--------|--------||--------|--B-----| set
cpu-bind=MASK - n2cn0290, task 757 117 [244759]: mask 0x|--------|--------||--------|--------||--------|--------||--------|--------||||--------|--------||--------|--------||--------|--------||-----B--|--------| set
cpu-bind=MASK - n2cn1025, task 1275 123 [146446]: mask 0x|--------|--------||--------|--------||--------|--------||--------|--------||||--------|--------||--------|--------||--------|--------||--------|---B----| set
cpu-bind=MASK - n2cn1152, task 1658 122 [241826]: mask 0x|--------|--------||--------|--------||--------|--------||--------|--------||||--------|--------||--------|--------||--------|--------||--------|--B-----| set
cpu-bind=MASK - n2cn0179, task 109 109 [212883]: mask 0x|--------|--------||--------|--------||--------|--------||--------|--------||||--------|--------||--------|--------||--------|-----B--||--------|--------| set
cpu-bind=MASK - n2cn0182, task 507 123 [221981]: mask 0x|--------|--------||--------|--------||--------|--------||--------|--------||||--------|--------||--------|--------||--------|--------||--------|---B----| set
cpu-bind=MASK - n2cn0853, task 887 119 [302698]: mask 0x|--------|--------||--------|--------||--------|--------||--------|--------||||--------|--------||--------|--------||--------|--------||-------B|--------| set
cpu-bind=MASK - n2cn0891, task 1147 123 [293987]: mask 0x|--------|--------||--------|--------||--------|--------||--------|--------||||--------|--------||--------|--------||--------|--------||--------|---B----| set
cpu-bind=MASK - n2cn0290, task 758 118 [244760]: mask 0x|--------|--------||--------|--------||--------|--------||--------|--------||||--------|--------||--------|--------||--------|--------||------B-|--------| set
cpu-bind=MASK - n2cn1025, task 1276 124 [146447]: mask 0x|--------|--------||--------|--------||--------|--------||--------|--------||||--------|--------||--------|--------||--------|--------||--------|----B---| set
cpu-bind=MASK - n2cn1152, task 1659 123 [241827]: mask 0x|--------|--------||--------|--------||--------|--------||--------|--------||||--------|--------||--------|--------||--------|--------||--------|---B----| set
cpu-bind=MASK - n2cn0179, task 110 110 [212884]: mask 0x|--------|--------||--------|--------||--------|--------||--------|--------||||--------|--------||--------|--------||--------|------B-||--------|--------| set
cpu-bind=MASK - n2cn0891, task 1148 124 [293988]: mask 0x|--------|--------||--------|--------||--------|--------||--------|--------||||--------|--------||--------|--------||--------|--------||--------|----B---| set
cpu-bind=MASK - n2cn0853, task 888 120 [302699]: mask 0x|--------|--------||--------|--------||--------|--------||--------|--------||||--------|--------||--------|--------||--------|--------||--------|B-------| set
cpu-bind=MASK - n2cn1025, task 1277 125 [146448]: mask 0x|--------|--------||--------|--------||--------|--------||--------|--------||||--------|--------||--------|--------||--------|--------||--------|-----B--| set
cpu-bind=MASK - n2cn0290, task 759 119 [244761]: mask 0x|--------|--------||--------|--------||--------|--------||--------|--------||||--------|--------||--------|--------||--------|--------||-------B|--------| set
cpu-bind=MASK - n2cn0179, task 111 111 [212885]: mask 0x|--------|--------||--------|--------||--------|--------||--------|--------||||--------|--------||--------|--------||--------|-------B||--------|--------| set
cpu-bind=MASK - n2cn1152, task 1660 124 [241828]: mask 0x|--------|--------||--------|--------||--------|--------||--------|--------||||--------|--------||--------|--------||--------|--------||--------|----B---| set
cpu-bind=MASK - n2cn0182, task 508 124 [221982]: mask 0x|--------|--------||--------|--------||--------|--------||--------|--------||||--------|--------||--------|--------||--------|--------||--------|----B---| set
cpu-bind=MASK - n2cn0891, task 1149 125 [293989]: mask 0x|--------|--------||--------|--------||--------|--------||--------|--------||||--------|--------||--------|--------||--------|--------||--------|-----B--| set
cpu-bind=MASK - n2cn0853, task 889 121 [302700]: mask 0x|--------|--------||--------|--------||--------|--------||--------|--------||||--------|--------||--------|--------||--------|--------||--------|-B------| set
cpu-bind=MASK - n2cn1025, task 1278 126 [146449]: mask 0x|--------|--------||--------|--------||--------|--------||--------|--------||||--------|--------||--------|--------||--------|--------||--------|------B-| set
cpu-bind=MASK - n2cn0290, task 760 120 [244762]: mask 0x|--------|--------||--------|--------||--------|--------||--------|--------||||--------|--------||--------|--------||--------|--------||--------|B-------| set
cpu-bind=MASK - n2cn1152, task 1661 125 [241829]: mask 0x|--------|--------||--------|--------||--------|--------||--------|--------||||--------|--------||--------|--------||--------|--------||--------|-----B--| set
cpu-bind=MASK - n2cn0179, task 112 112 [212886]: mask 0x|--------|--------||--------|--------||--------|--------||--------|--------||||--------|--------||--------|--------||--------|--------||B-------|--------| set
cpu-bind=MASK - n2cn0182, task 509 125 [221983]: mask 0x|--------|--------||--------|--------||--------|--------||--------|--------||||--------|--------||--------|--------||--------|--------||--------|-----B--| set
cpu-bind=MASK - n2cn0891, task 1150 126 [293990]: mask 0x|--------|--------||--------|--------||--------|--------||--------|--------||||--------|--------||--------|--------||--------|--------||--------|------B-| set
cpu-bind=MASK - n2cn0853, task 890 122 [302701]: mask 0x|--------|--------||--------|--------||--------|--------||--------|--------||||--------|--------||--------|--------||--------|--------||--------|--B-----| set
cpu-bind=MASK - n2cn0290, task 761 121 [244763]: mask 0x|--------|--------||--------|--------||--------|--------||--------|--------||||--------|--------||--------|--------||--------|--------||--------|-B------| set
cpu-bind=MASK - n2cn1152, task 1662 126 [241830]: mask 0x|--------|--------||--------|--------||--------|--------||--------|--------||||--------|--------||--------|--------||--------|--------||--------|------B-| set
cpu-bind=MASK - n2cn0179, task 113 113 [212887]: mask 0x|--------|--------||--------|--------||--------|--------||--------|--------||||--------|--------||--------|--------||--------|--------||-B------|--------| set
cpu-bind=MASK - n2cn0182, task 510 126 [221984]: mask 0x|--------|--------||--------|--------||--------|--------||--------|--------||||--------|--------||--------|--------||--------|--------||--------|------B-| set
cpu-bind=MASK - n2cn0853, task 891 123 [302702]: mask 0x|--------|--------||--------|--------||--------|--------||--------|--------||||--------|--------||--------|--------||--------|--------||--------|---B----| set
cpu-bind=MASK - n2cn0290, task 762 122 [244764]: mask 0x|--------|--------||--------|--------||--------|--------||--------|--------||||--------|--------||--------|--------||--------|--------||--------|--B-----| set
cpu-bind=MASK - n2cn0179, task 114 114 [212888]: mask 0x|--------|--------||--------|--------||--------|--------||--------|--------||||--------|--------||--------|--------||--------|--------||--B-----|--------| set
cpu-bind=MASK - n2cn0853, task 892 124 [302703]: mask 0x|--------|--------||--------|--------||--------|--------||--------|--------||||--------|--------||--------|--------||--------|--------||--------|----B---| set
cpu-bind=MASK - n2cn0290, task 763 123 [244765]: mask 0x|--------|--------||--------|--------||--------|--------||--------|--------||||--------|--------||--------|--------||--------|--------||--------|---B----| set
cpu-bind=MASK - n2cn0179, task 115 115 [212889]: mask 0x|--------|--------||--------|--------||--------|--------||--------|--------||||--------|--------||--------|--------||--------|--------||---B----|--------| set
cpu-bind=MASK - n2cn0853, task 893 125 [302704]: mask 0x|--------|--------||--------|--------||--------|--------||--------|--------||||--------|--------||--------|--------||--------|--------||--------|-----B--| set
cpu-bind=MASK - n2cn0290, task 764 124 [244766]: mask 0x|--------|--------||--------|--------||--------|--------||--------|--------||||--------|--------||--------|--------||--------|--------||--------|----B---| set
cpu-bind=MASK - n2cn0179, task 116 116 [212890]: mask 0x|--------|--------||--------|--------||--------|--------||--------|--------||||--------|--------||--------|--------||--------|--------||----B---|--------| set
cpu-bind=MASK - n2cn0853, task 894 126 [302705]: mask 0x|--------|--------||--------|--------||--------|--------||--------|--------||||--------|--------||--------|--------||--------|--------||--------|------B-| set
cpu-bind=MASK - n2cn0290, task 765 125 [244767]: mask 0x|--------|--------||--------|--------||--------|--------||--------|--------||||--------|--------||--------|--------||--------|--------||--------|-----B--| set
cpu-bind=MASK - n2cn1026, task 1407 127 [292153]: mask 0x|--------|--------||--------|--------||--------|--------||--------|--------||||--------|--------||--------|--------||--------|--------||--------|-------B| set
cpu-bind=MASK - n2cn0179, task 117 117 [212891]: mask 0x|--------|--------||--------|--------||--------|--------||--------|--------||||--------|--------||--------|--------||--------|--------||-----B--|--------| set
cpu-bind=MASK - n2cn0290, task 766 126 [244768]: mask 0x|--------|--------||--------|--------||--------|--------||--------|--------||||--------|--------||--------|--------||--------|--------||--------|------B-| set
cpu-bind=MASK - n2cn0179, task 118 118 [212892]: mask 0x|--------|--------||--------|--------||--------|--------||--------|--------||||--------|--------||--------|--------||--------|--------||------B-|--------| set
cpu-bind=MASK - n2cn0179, task 119 119 [212893]: mask 0x|--------|--------||--------|--------||--------|--------||--------|--------||||--------|--------||--------|--------||--------|--------||-------B|--------| set
cpu-bind=MASK - n2cn0179, task 120 120 [212894]: mask 0x|--------|--------||--------|--------||--------|--------||--------|--------||||--------|--------||--------|--------||--------|--------||--------|B-------| set
cpu-bind=MASK - n2cn0179, task 121 121 [212895]: mask 0x|--------|--------||--------|--------||--------|--------||--------|--------||||--------|--------||--------|--------||--------|--------||--------|-B------| set
cpu-bind=MASK - n2cn0179, task 122 122 [212896]: mask 0x|--------|--------||--------|--------||--------|--------||--------|--------||||--------|--------||--------|--------||--------|--------||--------|--B-----| set
cpu-bind=MASK - n2cn0179, task 123 123 [212897]: mask 0x|--------|--------||--------|--------||--------|--------||--------|--------||||--------|--------||--------|--------||--------|--------||--------|---B----| set
cpu-bind=MASK - n2cn0180, task 255 127 [336840]: mask 0x|--------|--------||--------|--------||--------|--------||--------|--------||||--------|--------||--------|--------||--------|--------||--------|-------B| set
cpu-bind=MASK - n2cn0179, task 124 124 [212898]: mask 0x|--------|--------||--------|--------||--------|--------||--------|--------||||--------|--------||--------|--------||--------|--------||--------|----B---| set
cpu-bind=MASK - n2cn0181, task 383 127 [212762]: mask 0x|--------|--------||--------|--------||--------|--------||--------|--------||||--------|--------||--------|--------||--------|--------||--------|-------B| set
cpu-bind=MASK - n2cn1157, task 1919 127 [2086869]: mask 0x|--------|--------||--------|--------||--------|--------||--------|--------||||--------|--------||--------|--------||--------|--------||--------|-------B| set
cpu-bind=MASK - n2cn0179, task 125 125 [212899]: mask 0x|--------|--------||--------|--------||--------|--------||--------|--------||||--------|--------||--------|--------||--------|--------||--------|-----B--| set
cpu-bind=MASK - n2cn0890, task 1023 127 [237045]: mask 0x|--------|--------||--------|--------||--------|--------||--------|--------||||--------|--------||--------|--------||--------|--------||--------|-------B| set
cpu-bind=MASK - n2cn0183, task 639 127 [212882]: mask 0x|--------|--------||--------|--------||--------|--------||--------|--------||||--------|--------||--------|--------||--------|--------||--------|-------B| set
cpu-bind=MASK - n2cn0179, task 126 126 [212900]: mask 0x|--------|--------||--------|--------||--------|--------||--------|--------||||--------|--------||--------|--------||--------|--------||--------|------B-| set
cpu-bind=MASK - n2cn1154, task 1791 127 [344464]: mask 0x|--------|--------||--------|--------||--------|--------||--------|--------||||--------|--------||--------|--------||--------|--------||--------|-------B| set
cpu-bind=MASK - n2cn1193, task 2047 127 [267143]: mask 0x|--------|--------||--------|--------||--------|--------||--------|--------||||--------|--------||--------|--------||--------|--------||--------|-------B| set
cpu-bind=MASK - n2cn1151, task 1535 127 [265512]: mask 0x|--------|--------||--------|--------||--------|--------||--------|--------||||--------|--------||--------|--------||--------|--------||--------|-------B| set
cpu-bind=MASK - n2cn0891, task 1151 127 [293991]: mask 0x|--------|--------||--------|--------||--------|--------||--------|--------||||--------|--------||--------|--------||--------|--------||--------|-------B| set
cpu-bind=MASK - n2cn1025, task 1279 127 [146450]: mask 0x|--------|--------||--------|--------||--------|--------||--------|--------||||--------|--------||--------|--------||--------|--------||--------|-------B| set
cpu-bind=MASK - n2cn1152, task 1663 127 [241831]: mask 0x|--------|--------||--------|--------||--------|--------||--------|--------||||--------|--------||--------|--------||--------|--------||--------|-------B| set
cpu-bind=MASK - n2cn0182, task 511 127 [221985]: mask 0x|--------|--------||--------|--------||--------|--------||--------|--------||||--------|--------||--------|--------||--------|--------||--------|-------B| set
cpu-bind=MASK - n2cn0853, task 895 127 [302706]: mask 0x|--------|--------||--------|--------||--------|--------||--------|--------||||--------|--------||--------|--------||--------|--------||--------|-------B| set
cpu-bind=MASK - n2cn0290, task 767 127 [244769]: mask 0x|--------|--------||--------|--------||--------|--------||--------|--------||||--------|--------||--------|--------||--------|--------||--------|-------B| set
cpu-bind=MASK - n2cn0179, task 127 127 [212901]: mask 0x|--------|--------||--------|--------||--------|--------||--------|--------||||--------|--------||--------|--------||--------|--------||--------|-------B| set
Creating ParaFaFT...
Creating ParaFaFT...
Creating ParaFaFT...
Creating ParaFaFT...
Creating ParaFaFT...
Creating ParaFaFT...
Creating ParaFaFT...
Creating ParaFaFT...
Creating ParaFaFT...
Creating ParaFaFT...
Creating ParaFaFT...
Creating ParaFaFT...
Creating ParaFaFT...
Creating ParaFaFT...
Creating ParaFaFT...
Creating ParaFaFT...
Creating ParaFaFT...
Creating ParaFaFT...
Creating ParaFaFT...
Creating ParaFaFT...
Creating ParaFaFT...
Creating ParaFaFT...
Creating ParaFaFT...
Creating ParaFaFT...
Creating ParaFaFT...
Creating ParaFaFT...
Creating ParaFaFT...
Creating ParaFaFT...
Creating ParaFaFT...
Creating ParaFaFT...
Creating ParaFaFT...
Creating ParaFaFT...
Creating ParaFaFT...
Creating ParaFaFT...
Creating ParaFaFT...
Creating ParaFaFT...
Creating ParaFaFT...
Creating ParaFaFT...
Creating ParaFaFT...
Creating ParaFaFT...
Creating ParaFaFT...
Creating ParaFaFT...
Creating ParaFaFT...
Creating ParaFaFT...
Creating ParaFaFT...
Creating ParaFaFT...
Creating ParaFaFT...
Creating ParaFaFT...
Creating ParaFaFT...
Creating ParaFaFT...
Creating ParaFaFT...
Creating ParaFaFT...
Creating ParaFaFT...
Creating ParaFaFT...
Creating ParaFaFT...
Creating ParaFaFT...
Creating ParaFaFT...
Creating ParaFaFT...
Creating ParaFaFT...
Creating ParaFaFT...
Creating ParaFaFT...
Creating ParaFaFT...
Creating ParaFaFT...
Creating ParaFaFT...
Creating ParaFaFT...
Creating ParaFaFT...
Creating ParaFaFT...
Creating ParaFaFT...
Creating ParaFaFT...
Creating ParaFaFT...
Creating ParaFaFT...
Creating ParaFaFT...
Creating ParaFaFT...
Creating ParaFaFT...
Creating ParaFaFT...
Creating ParaFaFT...
Creating ParaFaFT...
Creating ParaFaFT...
Creating ParaFaFT...
Creating ParaFaFT...
Creating ParaFaFT...
Creating ParaFaFT...
Creating ParaFaFT...
Creating ParaFaFT...
Creating ParaFaFT...
Creating ParaFaFT...
Creating ParaFaFT...
Creating ParaFaFT...
Creating ParaFaFT...
Creating ParaFaFT...
Creating ParaFaFT...
Creating ParaFaFT...
Creating ParaFaFT...
Creating ParaFaFT...
Creating ParaFaFT...
Creating ParaFaFT...
Creating ParaFaFT...
Creating ParaFaFT...
Creating ParaFaFT...
Creating ParaFaFT...
Creating ParaFaFT...
Creating ParaFaFT...
Creating ParaFaFT...
Creating ParaFaFT...
Creating ParaFaFT...
Creating ParaFaFT...
Creating ParaFaFT...
Creating ParaFaFT...
Creating ParaFaFT...
Creating ParaFaFT...
Creating ParaFaFT...
Creating ParaFaFT...
Creating ParaFaFT...
Creating ParaFaFT...
Creating ParaFaFT...
Creating ParaFaFT...
Creating ParaFaFT...
Creating ParaFaFT...
Creating ParaFaFT...
Creating ParaFaFT...
Creating ParaFaFT...
Creating ParaFaFT...
Creating ParaFaFT...
Creating ParaFaFT...
Creating ParaFaFT...
Creating ParaFaFT...
Creating ParaFaFT...
Creating ParaFaFT...
Creating ParaFaFT...
Creating ParaFaFT...
Creating ParaFaFT...
Creating ParaFaFT...
Creating ParaFaFT...
Creating ParaFaFT...
Creating ParaFaFT...
Creating ParaFaFT...
Creating ParaFaFT...
Creating ParaFaFT...
Creating ParaFaFT...
Creating ParaFaFT...
Creating ParaFaFT...
Creating ParaFaFT...
Creating ParaFaFT...
Creating ParaFaFT...
Creating ParaFaFT...
Creating ParaFaFT...
Creating ParaFaFT...
Creating ParaFaFT...
Creating ParaFaFT...
Creating ParaFaFT...
Creating ParaFaFT...
Creating ParaFaFT...
Creating ParaFaFT...
Creating ParaFaFT...
Creating ParaFaFT...
Creating ParaFaFT...
Creating ParaFaFT...
Creating ParaFaFT...
Creating ParaFaFT...
Creating ParaFaFT...
Creating ParaFaFT...
Creating ParaFaFT...
Creating ParaFaFT...
Creating ParaFaFT...
Creating ParaFaFT...
Creating ParaFaFT...
Creating ParaFaFT...
Creating ParaFaFT...
Creating ParaFaFT...
Creating ParaFaFT...
Creating ParaFaFT...
Creating ParaFaFT...
Creating ParaFaFT...
Creating ParaFaFT...
Creating ParaFaFT...
Creating ParaFaFT...
Creating ParaFaFT...
Creating ParaFaFT...
Creating ParaFaFT...
Creating ParaFaFT...
Creating ParaFaFT...
Creating ParaFaFT...
Creating ParaFaFT...
Creating ParaFaFT...
Creating ParaFaFT...
Creating ParaFaFT...
Creating ParaFaFT...
Creating ParaFaFT...
Creating ParaFaFT...
Creating ParaFaFT...
Creating ParaFaFT...
Creating ParaFaFT...
Creating ParaFaFT...
Creating ParaFaFT...
Creating ParaFaFT...
Creating ParaFaFT...
Creating ParaFaFT...
Creating ParaFaFT...
Creating ParaFaFT...
Creating ParaFaFT...
Creating ParaFaFT...
Creating ParaFaFT...
Creating ParaFaFT...
Creating ParaFaFT...
Creating ParaFaFT...
Creating ParaFaFT...
Creating ParaFaFT...
Creating ParaFaFT...
Creating ParaFaFT...
Creating ParaFaFT...
Creating ParaFaFT...
Creating ParaFaFT...
Creating ParaFaFT...
Creating ParaFaFT...
Creating ParaFaFT...
Creating ParaFaFT...
Creating ParaFaFT...
Creating ParaFaFT...
Creating ParaFaFT...
Creating ParaFaFT...
Creating ParaFaFT...
Creating ParaFaFT...
Creating ParaFaFT...
Creating ParaFaFT...
Creating ParaFaFT...
Creating ParaFaFT...
Creating ParaFaFT...
Creating ParaFaFT...
Creating ParaFaFT...
Creating ParaFaFT...
Creating ParaFaFT...
Creating ParaFaFT...
Creating ParaFaFT...
Creating ParaFaFT...
Creating ParaFaFT...
Creating ParaFaFT...
Creating ParaFaFT...
Creating ParaFaFT...
Creating ParaFaFT...
Creating ParaFaFT...
Creating ParaFaFT...
Creating ParaFaFT...
Creating ParaFaFT...
Creating ParaFaFT...
Creating ParaFaFT...
Creating ParaFaFT...
Creating ParaFaFT...
Creating ParaFaFT...
Creating ParaFaFT...
Creating ParaFaFT...
Creating ParaFaFT...
Creating ParaFaFT...
Creating ParaFaFT...
Creating ParaFaFT...
Creating ParaFaFT...
Creating ParaFaFT...
Creating ParaFaFT...
Creating ParaFaFT...
Creating ParaFaFT...
Creating ParaFaFT...
Creating ParaFaFT...
Creating ParaFaFT...
Creating ParaFaFT...
Creating ParaFaFT...
Creating ParaFaFT...
Creating ParaFaFT...
Creating ParaFaFT...
Creating ParaFaFT...
Creating ParaFaFT...
Creating ParaFaFT...
Creating ParaFaFT...
Creating ParaFaFT...
Creating ParaFaFT...
Creating ParaFaFT...
Creating ParaFaFT...
Creating ParaFaFT...
Creating ParaFaFT...
Creating ParaFaFT...
Creating ParaFaFT...
Creating ParaFaFT...
Creating ParaFaFT...
Creating ParaFaFT...
Creating ParaFaFT...
Creating ParaFaFT...
Creating ParaFaFT...
Creating ParaFaFT...
Creating ParaFaFT...
Creating ParaFaFT...
Creating ParaFaFT...
Creating ParaFaFT...
Creating ParaFaFT...
Creating ParaFaFT...
Creating ParaFaFT...
Creating ParaFaFT...
Creating ParaFaFT...
Creating ParaFaFT...
Creating ParaFaFT...
Creating ParaFaFT...
Creating ParaFaFT...
Creating ParaFaFT...
Creating ParaFaFT...
Creating ParaFaFT...
Creating ParaFaFT...
Creating ParaFaFT...
Creating ParaFaFT...
Creating ParaFaFT...
Creating ParaFaFT...
Creating ParaFaFT...
Creating ParaFaFT...
Creating ParaFaFT...
Creating ParaFaFT...
Creating ParaFaFT...
Creating ParaFaFT...
Creating ParaFaFT...
Creating ParaFaFT...
Creating ParaFaFT...
Creating ParaFaFT...
Creating ParaFaFT...
Creating ParaFaFT...
Creating ParaFaFT...
Creating ParaFaFT...
Creating ParaFaFT...
Creating ParaFaFT...
Creating ParaFaFT...
Creating ParaFaFT...
Creating ParaFaFT...
Creating ParaFaFT...
Creating ParaFaFT...
Creating ParaFaFT...
Creating ParaFaFT...
Creating ParaFaFT...
Creating ParaFaFT...
Creating ParaFaFT...
Creating ParaFaFT...
Creating ParaFaFT...
Creating ParaFaFT...
Creating ParaFaFT...
Creating ParaFaFT...
Creating ParaFaFT...
Creating ParaFaFT...
Creating ParaFaFT...
Creating ParaFaFT...
Creating ParaFaFT...
Creating ParaFaFT...
Creating ParaFaFT...
Creating ParaFaFT...
Creating ParaFaFT...
Creating ParaFaFT...
Creating ParaFaFT...
Creating ParaFaFT...
Creating ParaFaFT...
Creating ParaFaFT...
Creating ParaFaFT...
Creating ParaFaFT...
Creating ParaFaFT...
Creating ParaFaFT...
Creating ParaFaFT...
Creating ParaFaFT...
Creating ParaFaFT...
Creating ParaFaFT...
Creating ParaFaFT...
Creating ParaFaFT...
Creating ParaFaFT...
Creating ParaFaFT...
Creating ParaFaFT...
Creating ParaFaFT...
Creating ParaFaFT...
Creating ParaFaFT...
Creating ParaFaFT...
Creating ParaFaFT...
Creating ParaFaFT...
Creating ParaFaFT...
Creating ParaFaFT...
Creating ParaFaFT...
Creating ParaFaFT...
Creating ParaFaFT...
Creating ParaFaFT...
Creating ParaFaFT...
Creating ParaFaFT...
Creating ParaFaFT...
Creating ParaFaFT...
Creating ParaFaFT...
Creating ParaFaFT...
Creating ParaFaFT...
Creating ParaFaFT...
Creating ParaFaFT...
Creating ParaFaFT...
Creating ParaFaFT...
Creating ParaFaFT...
Creating ParaFaFT...
Creating ParaFaFT...
Creating ParaFaFT...
Creating ParaFaFT...
Creating ParaFaFT...
Creating ParaFaFT...
Creating ParaFaFT...
Creating ParaFaFT...
Creating ParaFaFT...
Creating ParaFaFT...
Creating ParaFaFT...
Creating ParaFaFT...
Creating ParaFaFT...
Creating ParaFaFT...
Creating ParaFaFT...
Creating ParaFaFT...
Creating ParaFaFT...
Creating ParaFaFT...
Creating ParaFaFT...
Creating ParaFaFT...
Creating ParaFaFT...
Creating ParaFaFT...
Creating ParaFaFT...
Creating ParaFaFT...
Creating ParaFaFT...
Creating ParaFaFT...
Creating ParaFaFT...
Creating ParaFaFT...
Creating ParaFaFT...
Creating ParaFaFT...
Creating ParaFaFT...
Creating ParaFaFT...
Creating ParaFaFT...
Creating ParaFaFT...
Creating ParaFaFT...
Creating ParaFaFT...
Creating ParaFaFT...
Creating ParaFaFT...
Creating ParaFaFT...
Creating ParaFaFT...
Creating ParaFaFT...
Creating ParaFaFT...
Creating ParaFaFT...
Creating ParaFaFT...
Creating ParaFaFT...
Creating ParaFaFT...
Creating ParaFaFT...
Creating ParaFaFT...
Creating ParaFaFT...
Creating ParaFaFT...
Creating ParaFaFT...
Creating ParaFaFT...
Creating ParaFaFT...
Creating ParaFaFT...
Creating ParaFaFT...
Creating ParaFaFT...
Creating ParaFaFT...
Creating ParaFaFT...
Creating ParaFaFT...
Creating ParaFaFT...
Creating ParaFaFT...
Creating ParaFaFT...
Creating ParaFaFT...
Creating ParaFaFT...
Creating ParaFaFT...
Creating ParaFaFT...
Creating ParaFaFT...
Creating ParaFaFT...
Creating ParaFaFT...
Creating ParaFaFT...
Creating ParaFaFT...
Creating ParaFaFT...
Creating ParaFaFT...
Creating ParaFaFT...
Creating ParaFaFT...
Creating ParaFaFT...
Creating ParaFaFT...
Creating ParaFaFT...
Creating ParaFaFT...
Creating ParaFaFT...
Creating ParaFaFT...
Creating ParaFaFT...
Creating ParaFaFT...
Creating ParaFaFT...
Creating ParaFaFT...
Creating ParaFaFT...
Creating ParaFaFT...
Creating ParaFaFT...
Creating ParaFaFT...
Creating ParaFaFT...
Creating ParaFaFT...
Creating ParaFaFT...
Creating ParaFaFT...
Creating ParaFaFT...
Creating ParaFaFT...
Creating ParaFaFT...
Creating ParaFaFT...
Creating ParaFaFT...
Creating ParaFaFT...
Creating ParaFaFT...
Creating ParaFaFT...
Creating ParaFaFT...
Creating ParaFaFT...
Creating ParaFaFT...
Creating ParaFaFT...
Creating ParaFaFT...
Creating ParaFaFT...
Creating ParaFaFT...
Creating ParaFaFT...
Creating ParaFaFT...
Creating ParaFaFT...
Creating ParaFaFT...
Creating ParaFaFT...
Creating ParaFaFT...
Creating ParaFaFT...
Creating ParaFaFT...
Creating ParaFaFT...
Creating ParaFaFT...
Creating ParaFaFT...
Creating ParaFaFT...
Creating ParaFaFT...
Creating ParaFaFT...
Creating ParaFaFT...
Creating ParaFaFT...
Creating ParaFaFT...
Creating ParaFaFT...
Creating ParaFaFT...
Creating ParaFaFT...
Creating ParaFaFT...
Creating ParaFaFT...
Creating ParaFaFT...
Creating ParaFaFT...
Creating ParaFaFT...
Creating ParaFaFT...
Creating ParaFaFT...
Creating ParaFaFT...
Creating ParaFaFT...
Creating ParaFaFT...
Creating ParaFaFT...
Creating ParaFaFT...
Creating ParaFaFT...
Creating ParaFaFT...
Creating ParaFaFT...
Creating ParaFaFT...
Creating ParaFaFT...
Creating ParaFaFT...
Creating ParaFaFT...
Creating ParaFaFT...
Creating ParaFaFT...
Creating ParaFaFT...
Creating ParaFaFT...
Creating ParaFaFT...
Creating ParaFaFT...
Creating ParaFaFT...
Creating ParaFaFT...
Creating ParaFaFT...
Creating ParaFaFT...
Creating ParaFaFT...
Creating ParaFaFT...
Creating ParaFaFT...
Creating ParaFaFT...
Creating ParaFaFT...
Creating ParaFaFT...
Creating ParaFaFT...
Creating ParaFaFT...
Creating ParaFaFT...
Creating ParaFaFT...
Creating ParaFaFT...
Creating ParaFaFT...
Creating ParaFaFT...
Creating ParaFaFT...
Creating ParaFaFT...
Creating ParaFaFT...
Creating ParaFaFT...
Creating ParaFaFT...
Creating ParaFaFT...
Creating ParaFaFT...
Creating ParaFaFT...
Creating ParaFaFT...
Creating ParaFaFT...
Creating ParaFaFT...
Creating ParaFaFT...
Creating ParaFaFT...
Creating ParaFaFT...
Creating ParaFaFT...
Creating ParaFaFT...
Creating ParaFaFT...
Creating ParaFaFT...
Creating ParaFaFT...
Creating ParaFaFT...
Creating ParaFaFT...
Creating ParaFaFT...
Creating ParaFaFT...
Creating ParaFaFT...
Creating ParaFaFT...
Creating ParaFaFT...
Creating ParaFaFT...
Creating ParaFaFT...
Creating ParaFaFT...
Creating ParaFaFT...
Creating ParaFaFT...
Creating ParaFaFT...
Creating ParaFaFT...
Creating ParaFaFT...
Creating ParaFaFT...
Creating ParaFaFT...
Creating ParaFaFT...
Creating ParaFaFT...
Creating ParaFaFT...
Creating ParaFaFT...
Creating ParaFaFT...
Creating ParaFaFT...
Creating ParaFaFT...
Creating ParaFaFT...
Creating ParaFaFT...
Creating ParaFaFT...
Creating ParaFaFT...
Creating ParaFaFT...
Creating ParaFaFT...
Creating ParaFaFT...
Creating ParaFaFT...
Creating ParaFaFT...
Creating ParaFaFT...
Creating ParaFaFT...
Creating ParaFaFT...
Creating ParaFaFT...
Creating ParaFaFT...
Creating ParaFaFT...
Creating ParaFaFT...
Creating ParaFaFT...
Creating ParaFaFT...
Creating ParaFaFT...
Creating ParaFaFT...
Creating ParaFaFT...
Creating ParaFaFT...
Creating ParaFaFT...
Creating ParaFaFT...
Creating ParaFaFT...
Creating ParaFaFT...
Creating ParaFaFT...
Creating ParaFaFT...
Creating ParaFaFT...
Creating ParaFaFT...
Creating ParaFaFT...
Creating ParaFaFT...
Creating ParaFaFT...
Creating ParaFaFT...
Creating ParaFaFT...
Creating ParaFaFT...
Creating ParaFaFT...
Creating ParaFaFT...
Creating ParaFaFT...
Creating ParaFaFT...
Creating ParaFaFT...
Creating ParaFaFT...
Creating ParaFaFT...
Creating ParaFaFT...
Creating ParaFaFT...
Creating ParaFaFT...
Creating ParaFaFT...
Creating ParaFaFT...
Creating ParaFaFT...
Creating ParaFaFT...
Creating ParaFaFT...
Creating ParaFaFT...
Creating ParaFaFT...
Creating ParaFaFT...
Creating ParaFaFT...
Creating ParaFaFT...
Creating ParaFaFT...
Creating ParaFaFT...
Creating ParaFaFT...
Creating ParaFaFT...
Creating ParaFaFT...
Creating ParaFaFT...
Creating ParaFaFT...
Creating ParaFaFT...
Creating ParaFaFT...
Creating ParaFaFT...
Creating ParaFaFT...
Creating ParaFaFT...
Creating ParaFaFT...
Creating ParaFaFT...
Creating ParaFaFT...
Creating ParaFaFT...
Creating ParaFaFT...
Creating ParaFaFT...
Creating ParaFaFT...
Creating ParaFaFT...
Creating ParaFaFT...
Creating ParaFaFT...
Creating ParaFaFT...
Creating ParaFaFT...
Creating ParaFaFT...
Creating ParaFaFT...
Creating ParaFaFT...
Creating ParaFaFT...
Creating ParaFaFT...
Creating ParaFaFT...
Creating ParaFaFT...
Creating ParaFaFT...
Creating ParaFaFT...
Creating ParaFaFT...
Creating ParaFaFT...
Creating ParaFaFT...
Creating ParaFaFT...
Creating ParaFaFT...
Creating ParaFaFT...
Creating ParaFaFT...
Creating ParaFaFT...
Creating ParaFaFT...
Creating ParaFaFT...
Creating ParaFaFT...
Creating ParaFaFT...
Creating ParaFaFT...
Creating ParaFaFT...
Creating ParaFaFT...
Creating ParaFaFT...
Creating ParaFaFT...
Creating ParaFaFT...
Creating ParaFaFT...
Creating ParaFaFT...
Creating ParaFaFT...
Creating ParaFaFT...
Creating ParaFaFT...
Creating ParaFaFT...
Creating ParaFaFT...
Creating ParaFaFT...
Creating ParaFaFT...
Creating ParaFaFT...
Creating ParaFaFT...
Creating ParaFaFT...
Creating ParaFaFT...
Creating ParaFaFT...
Creating ParaFaFT...
Creating ParaFaFT...
Creating ParaFaFT...
Creating ParaFaFT...
Creating ParaFaFT...
Creating ParaFaFT...
Creating ParaFaFT...
Creating ParaFaFT...
Creating ParaFaFT...
Creating ParaFaFT...
Creating ParaFaFT...
Creating ParaFaFT...
Creating ParaFaFT...
Creating ParaFaFT...
Creating ParaFaFT...
Creating ParaFaFT...
Creating ParaFaFT...
Creating ParaFaFT...
Creating ParaFaFT...
Creating ParaFaFT...
Creating ParaFaFT...
Creating ParaFaFT...
Creating ParaFaFT...
Creating ParaFaFT...
Creating ParaFaFT...
Creating ParaFaFT...
Creating ParaFaFT...
Creating ParaFaFT...
Creating ParaFaFT...
Creating ParaFaFT...
Creating ParaFaFT...
Creating ParaFaFT...
Creating ParaFaFT...
Creating ParaFaFT...
Creating ParaFaFT...
Creating ParaFaFT...
Creating ParaFaFT...
Creating ParaFaFT...
Creating ParaFaFT...
Creating ParaFaFT...
Creating ParaFaFT...
Creating ParaFaFT...
Creating ParaFaFT...
Creating ParaFaFT...
Creating ParaFaFT...
Creating ParaFaFT...
Creating ParaFaFT...
Creating ParaFaFT...
Creating ParaFaFT...
Creating ParaFaFT...
Creating ParaFaFT...
Creating ParaFaFT...
Creating ParaFaFT...
Creating ParaFaFT...
Creating ParaFaFT...
Creating ParaFaFT...
Creating ParaFaFT...
Creating ParaFaFT...
Creating ParaFaFT...
Creating ParaFaFT...
Creating ParaFaFT...
Creating ParaFaFT...
Creating ParaFaFT...
Creating ParaFaFT...
Creating ParaFaFT...
Creating ParaFaFT...
Creating ParaFaFT...
Creating ParaFaFT...
Creating ParaFaFT...
Creating ParaFaFT...
Creating ParaFaFT...
Creating ParaFaFT...
Creating ParaFaFT...
Creating ParaFaFT...
Creating ParaFaFT...
Creating ParaFaFT...
Creating ParaFaFT...
Creating ParaFaFT...
Creating ParaFaFT...
Creating ParaFaFT...
Creating ParaFaFT...
Creating ParaFaFT...
Creating ParaFaFT...
Creating ParaFaFT...
Creating ParaFaFT...
Creating ParaFaFT...
Creating ParaFaFT...
Creating ParaFaFT...
Creating ParaFaFT...
Creating ParaFaFT...
Creating ParaFaFT...
Creating ParaFaFT...
Creating ParaFaFT...
Creating ParaFaFT...
Creating ParaFaFT...
Creating ParaFaFT...
Creating ParaFaFT...
Creating ParaFaFT...
Creating ParaFaFT...
Creating ParaFaFT...
Creating ParaFaFT...
Creating ParaFaFT...
Creating ParaFaFT...
Creating ParaFaFT...
Creating ParaFaFT...
Creating ParaFaFT...
Creating ParaFaFT...
Creating ParaFaFT...
Creating ParaFaFT...
Creating ParaFaFT...
Creating ParaFaFT...
Creating ParaFaFT...
Creating ParaFaFT...
Creating ParaFaFT...
Creating ParaFaFT...
Creating ParaFaFT...
Creating ParaFaFT...
Creating ParaFaFT...
Creating ParaFaFT...
Creating ParaFaFT...
Creating ParaFaFT...
Creating ParaFaFT...
Creating ParaFaFT...
Creating ParaFaFT...
Creating ParaFaFT...
Creating ParaFaFT...
Creating ParaFaFT...
Creating ParaFaFT...
Creating ParaFaFT...
Creating ParaFaFT...
Creating ParaFaFT...
Creating ParaFaFT...
Creating ParaFaFT...
Creating ParaFaFT...
Creating ParaFaFT...
Creating ParaFaFT...
Creating ParaFaFT...
Creating ParaFaFT...
Creating ParaFaFT...
Creating ParaFaFT...
Creating ParaFaFT...
Creating ParaFaFT...
Creating ParaFaFT...
Creating ParaFaFT...
Creating ParaFaFT...
Creating ParaFaFT...
Creating ParaFaFT...
Creating ParaFaFT...
Creating ParaFaFT...
Creating ParaFaFT...
Creating ParaFaFT...
Creating ParaFaFT...
Creating ParaFaFT...
Creating ParaFaFT...
Creating ParaFaFT...
Creating ParaFaFT...
Creating ParaFaFT...
Creating ParaFaFT...
Creating ParaFaFT...
Creating ParaFaFT...
Creating ParaFaFT...
Creating ParaFaFT...
Creating ParaFaFT...
Creating ParaFaFT...
Creating ParaFaFT...
Creating ParaFaFT...
Creating ParaFaFT...
Creating ParaFaFT...
Creating ParaFaFT...
Creating ParaFaFT...
Creating ParaFaFT...
Creating ParaFaFT...
Creating ParaFaFT...
Creating ParaFaFT...
Creating ParaFaFT...
Creating ParaFaFT...
Creating ParaFaFT...
Creating ParaFaFT...
Creating ParaFaFT...
Creating ParaFaFT...
Creating ParaFaFT...
Creating ParaFaFT...
Creating ParaFaFT...
Creating ParaFaFT...
Creating ParaFaFT...
Creating ParaFaFT...
Creating ParaFaFT...
Creating ParaFaFT...
Creating ParaFaFT...
Creating ParaFaFT...
Creating ParaFaFT...
Creating ParaFaFT...
Creating ParaFaFT...
Creating ParaFaFT...
Creating ParaFaFT...
Creating ParaFaFT...
Creating ParaFaFT...
Creating ParaFaFT...
Creating ParaFaFT...
Creating ParaFaFT...
Creating ParaFaFT...
Creating ParaFaFT...
Creating ParaFaFT...
Creating ParaFaFT...
Creating ParaFaFT...
Creating ParaFaFT...
Creating ParaFaFT...
Creating ParaFaFT...
Creating ParaFaFT...
Creating ParaFaFT...
Creating ParaFaFT...
Creating ParaFaFT...
Creating ParaFaFT...
Creating ParaFaFT...
Creating ParaFaFT...
Creating ParaFaFT...
Creating ParaFaFT...
Creating ParaFaFT...
Creating ParaFaFT...
Creating ParaFaFT...
Creating ParaFaFT...
Creating ParaFaFT...
Creating ParaFaFT...
Creating ParaFaFT...
Creating ParaFaFT...
Creating ParaFaFT...
Creating ParaFaFT...
Creating ParaFaFT...
Creating ParaFaFT...
Creating ParaFaFT...
Creating ParaFaFT...
Creating ParaFaFT...
Creating ParaFaFT...
Creating ParaFaFT...
Creating ParaFaFT...
Creating ParaFaFT...
Creating ParaFaFT...
Creating ParaFaFT...
Creating ParaFaFT...
Creating ParaFaFT...
Creating ParaFaFT...
Creating ParaFaFT...
Creating ParaFaFT...
Creating ParaFaFT...
Creating ParaFaFT...
Creating ParaFaFT...
Creating ParaFaFT...
Creating ParaFaFT...
Creating ParaFaFT...
Creating ParaFaFT...
Creating ParaFaFT...
Creating ParaFaFT...
Creating ParaFaFT...
Creating ParaFaFT...
Creating ParaFaFT...
Creating ParaFaFT...
Creating ParaFaFT...
Creating ParaFaFT...
Creating ParaFaFT...
Creating ParaFaFT...
Creating ParaFaFT...
Creating ParaFaFT...
Creating ParaFaFT...
Creating ParaFaFT...
Creating ParaFaFT...
Creating ParaFaFT...
Creating ParaFaFT...
Creating ParaFaFT...
Creating ParaFaFT...
Creating ParaFaFT...
Creating ParaFaFT...
Creating ParaFaFT...
Creating ParaFaFT...
Creating ParaFaFT...
Creating ParaFaFT...
Creating ParaFaFT...
Creating ParaFaFT...
Creating ParaFaFT...
Creating ParaFaFT...
Creating ParaFaFT...
Creating ParaFaFT...
Creating ParaFaFT...
Creating ParaFaFT...
Creating ParaFaFT...
Creating ParaFaFT...
Creating ParaFaFT...
Creating ParaFaFT...
Creating ParaFaFT...
Creating ParaFaFT...
Creating ParaFaFT...
Creating ParaFaFT...
Creating ParaFaFT...
Creating ParaFaFT...
Creating ParaFaFT...
Creating ParaFaFT...
Creating ParaFaFT...
Creating ParaFaFT...
Creating ParaFaFT...
Creating ParaFaFT...
Creating ParaFaFT...
Creating ParaFaFT...
Creating ParaFaFT...
Creating ParaFaFT...
Creating ParaFaFT...
Creating ParaFaFT...
Creating ParaFaFT...
Creating ParaFaFT...
Creating ParaFaFT...
Creating ParaFaFT...
Creating ParaFaFT...
Creating ParaFaFT...
Creating ParaFaFT...
Creating ParaFaFT...
Creating ParaFaFT...
Creating ParaFaFT...
Creating ParaFaFT...
Creating ParaFaFT...
Creating ParaFaFT...
Creating ParaFaFT...
Creating ParaFaFT...
Creating ParaFaFT...
Creating ParaFaFT...
Creating ParaFaFT...
Creating ParaFaFT...
Creating ParaFaFT...
Creating ParaFaFT...
Creating ParaFaFT...
Creating ParaFaFT...
Creating ParaFaFT...
Creating ParaFaFT...
Creating ParaFaFT...
Creating ParaFaFT...
Creating ParaFaFT...
Creating ParaFaFT...
Creating ParaFaFT...
Creating ParaFaFT...
Creating ParaFaFT...
Creating ParaFaFT...
Creating ParaFaFT...
Creating ParaFaFT...
Creating ParaFaFT...
Creating ParaFaFT...
Creating ParaFaFT...
Creating ParaFaFT...
Creating ParaFaFT...
Creating ParaFaFT...
Creating ParaFaFT...
Creating ParaFaFT...
Creating ParaFaFT...
Creating ParaFaFT...
Creating ParaFaFT...
Creating ParaFaFT...
Creating ParaFaFT...
Creating ParaFaFT...
Creating ParaFaFT...
Creating ParaFaFT...
Creating ParaFaFT...
Creating ParaFaFT...
Creating ParaFaFT...
Creating ParaFaFT...
Creating ParaFaFT...
Creating ParaFaFT...
Creating ParaFaFT...
Creating ParaFaFT...
Creating ParaFaFT...
Creating ParaFaFT...
Creating ParaFaFT...
Creating ParaFaFT...
Creating ParaFaFT...
Creating ParaFaFT...
Creating ParaFaFT...
Creating ParaFaFT...
Creating ParaFaFT...
Creating ParaFaFT...
Creating ParaFaFT...
Creating ParaFaFT...
Creating ParaFaFT...
Creating ParaFaFT...
Creating ParaFaFT...
Creating ParaFaFT...
Creating ParaFaFT...
Creating ParaFaFT...
Creating ParaFaFT...
Creating ParaFaFT...
Creating ParaFaFT...
Creating ParaFaFT...

==========================================
Benchmark: ParaFaFT R2C 3D, N=1536, MPI procs=2048, FFTW threads=1, iterations=50
Creating ParaFaFT...
Creating ParaFaFT...
Creating ParaFaFT...
Creating ParaFaFT...
Creating ParaFaFT...
Creating ParaFaFT...
Creating ParaFaFT...
Creating ParaFaFT...
Creating ParaFaFT...
Creating ParaFaFT...
Creating ParaFaFT...
Creating ParaFaFT...
Creating ParaFaFT...
Creating ParaFaFT...
Creating ParaFaFT...
Creating ParaFaFT...
Creating ParaFaFT...
Creating ParaFaFT...
Creating ParaFaFT...
Creating ParaFaFT...
Creating ParaFaFT...
Creating ParaFaFT...
Creating ParaFaFT...
Creating ParaFaFT...
Creating ParaFaFT...
Creating ParaFaFT...
Creating ParaFaFT...
Creating ParaFaFT...
Creating ParaFaFT...
Creating ParaFaFT...
Creating ParaFaFT...
Creating ParaFaFT...
Creating ParaFaFT...
Creating ParaFaFT...
Creating ParaFaFT...
Creating ParaFaFT...
Creating ParaFaFT...
Creating ParaFaFT...
Creating ParaFaFT...
Creating ParaFaFT...
Creating ParaFaFT...
Creating ParaFaFT...
Creating ParaFaFT...
Creating ParaFaFT...
Creating ParaFaFT...
Creating ParaFaFT...
Creating ParaFaFT...
Creating ParaFaFT...
Creating ParaFaFT...
Creating ParaFaFT...
Creating ParaFaFT...
Creating ParaFaFT...
Creating ParaFaFT...
Creating ParaFaFT...
Creating ParaFaFT...
Creating ParaFaFT...
Creating ParaFaFT...
Creating ParaFaFT...
Creating ParaFaFT...
Creating ParaFaFT...
Creating ParaFaFT...
Creating ParaFaFT...
Creating ParaFaFT...
Creating ParaFaFT...
Creating ParaFaFT...
Creating ParaFaFT...
Creating ParaFaFT...
Creating ParaFaFT...
Creating ParaFaFT...
Creating ParaFaFT...
Creating ParaFaFT...
Creating ParaFaFT...
Creating ParaFaFT...
Creating ParaFaFT...
Creating ParaFaFT...
Creating ParaFaFT...
Creating ParaFaFT...
Creating ParaFaFT...
Creating ParaFaFT...
Creating ParaFaFT...
Creating ParaFaFT...
Creating ParaFaFT...
Creating ParaFaFT...
Creating ParaFaFT...
Creating ParaFaFT...
Creating ParaFaFT...
Creating ParaFaFT...
Creating ParaFaFT...
Creating ParaFaFT...
Creating ParaFaFT...
Creating ParaFaFT...
Creating ParaFaFT...
Creating ParaFaFT...
Creating ParaFaFT...
Creating ParaFaFT...
Creating ParaFaFT...
Creating ParaFaFT...
Creating ParaFaFT...
Creating ParaFaFT...
Creating ParaFaFT...
Creating ParaFaFT...
Creating ParaFaFT...
Creating ParaFaFT...
Creating ParaFaFT...
Creating ParaFaFT...
Creating ParaFaFT...
Creating ParaFaFT...
Creating ParaFaFT...
Creating ParaFaFT...
Creating ParaFaFT...
Creating ParaFaFT...
Creating ParaFaFT...
Creating ParaFaFT...
Creating ParaFaFT...
Creating ParaFaFT...
Creating ParaFaFT...
Creating ParaFaFT...
Creating ParaFaFT...
Creating ParaFaFT...
Creating ParaFaFT...
Creating ParaFaFT...
Creating ParaFaFT...
Creating ParaFaFT...
Creating ParaFaFT...
Creating ParaFaFT...
Creating ParaFaFT...
Creating ParaFaFT...
Creating ParaFaFT...
Creating ParaFaFT...
Creating ParaFaFT...
Creating ParaFaFT...
Creating ParaFaFT...
Creating ParaFaFT...
Creating ParaFaFT...
Creating ParaFaFT...
Creating ParaFaFT...
Creating ParaFaFT...
Creating ParaFaFT...
Creating ParaFaFT...
Creating ParaFaFT...
Creating ParaFaFT...
Creating ParaFaFT...
Creating ParaFaFT...
Creating ParaFaFT...
Creating ParaFaFT...
Creating ParaFaFT...
Creating ParaFaFT...
Creating ParaFaFT...
Creating ParaFaFT...
Creating ParaFaFT...
Creating ParaFaFT...
Creating ParaFaFT...
Creating ParaFaFT...
Creating ParaFaFT...
Creating ParaFaFT...
Creating ParaFaFT...
Creating ParaFaFT...
Creating ParaFaFT...
Creating ParaFaFT...
Creating ParaFaFT...
Creating ParaFaFT...
Creating ParaFaFT...
Creating ParaFaFT...
Creating ParaFaFT...
Creating ParaFaFT...
Creating ParaFaFT...
Creating ParaFaFT...
Creating ParaFaFT...
Creating ParaFaFT...
Creating ParaFaFT...
Creating ParaFaFT...
Creating ParaFaFT...
Creating ParaFaFT...
Creating ParaFaFT...
Creating ParaFaFT...
Creating ParaFaFT...
Creating ParaFaFT...
Creating ParaFaFT...
Creating ParaFaFT...
Creating ParaFaFT...
Creating ParaFaFT...
Creating ParaFaFT...
Creating ParaFaFT...
Creating ParaFaFT...
Creating ParaFaFT...
Creating ParaFaFT...
Creating ParaFaFT...
Creating ParaFaFT...
Creating ParaFaFT...
Creating ParaFaFT...
Creating ParaFaFT...
Creating ParaFaFT...
Creating ParaFaFT...
Creating ParaFaFT...
Creating ParaFaFT...
Creating ParaFaFT...
Creating ParaFaFT...
Creating ParaFaFT...
Creating ParaFaFT...
Creating ParaFaFT...
Creating ParaFaFT...
Creating ParaFaFT...
Creating ParaFaFT...
Creating ParaFaFT...
Creating ParaFaFT...
Creating ParaFaFT...
Creating ParaFaFT...
Creating ParaFaFT...
Creating ParaFaFT...
Creating ParaFaFT...
Creating ParaFaFT...
Creating ParaFaFT...
Creating ParaFaFT...
Creating ParaFaFT...
Creating ParaFaFT...
Creating ParaFaFT...
Creating ParaFaFT...
Creating ParaFaFT...
Creating ParaFaFT...
Creating ParaFaFT...
Creating ParaFaFT...
Creating ParaFaFT...
Creating ParaFaFT...
Creating ParaFaFT...
Creating ParaFaFT...
Creating ParaFaFT...
Creating ParaFaFT...
Creating ParaFaFT...
Creating ParaFaFT...
Creating ParaFaFT...
Creating ParaFaFT...
Creating ParaFaFT...
Creating ParaFaFT...
Creating ParaFaFT...
Creating ParaFaFT...
Creating ParaFaFT...
Creating ParaFaFT...
Creating ParaFaFT...
Creating ParaFaFT...
Creating ParaFaFT...
Creating ParaFaFT...
Creating ParaFaFT...
Creating ParaFaFT...
Creating ParaFaFT...
Creating ParaFaFT...
Creating ParaFaFT...
Creating ParaFaFT...
Creating ParaFaFT...
Creating ParaFaFT...
Creating ParaFaFT...
Creating ParaFaFT...
Creating ParaFaFT...
Creating ParaFaFT...
Creating ParaFaFT...
Creating ParaFaFT...
Creating ParaFaFT...
Creating ParaFaFT...
Creating ParaFaFT...
Creating ParaFaFT...
Creating ParaFaFT...
Creating ParaFaFT...
Creating ParaFaFT...
Creating ParaFaFT...
Creating ParaFaFT...
Creating ParaFaFT...
Creating ParaFaFT...
Creating ParaFaFT...
Creating ParaFaFT...
Creating ParaFaFT...
Creating ParaFaFT...
Creating ParaFaFT...
Creating ParaFaFT...
Creating ParaFaFT...
Creating ParaFaFT...
Creating ParaFaFT...
Creating ParaFaFT...
Creating ParaFaFT...
Creating ParaFaFT...
Creating ParaFaFT...
Creating ParaFaFT...
Creating ParaFaFT...
Creating ParaFaFT...
Creating ParaFaFT...
Creating ParaFaFT...
Creating ParaFaFT...
Creating ParaFaFT...
Creating ParaFaFT...
Creating ParaFaFT...
Creating ParaFaFT...
Creating ParaFaFT...
Creating ParaFaFT...
Creating ParaFaFT...
Creating ParaFaFT...
Creating ParaFaFT...
Creating ParaFaFT...
Creating ParaFaFT...
Creating ParaFaFT...
Creating ParaFaFT...
Creating ParaFaFT...
Creating ParaFaFT...
Creating ParaFaFT...
Creating ParaFaFT...
Creating ParaFaFT...
Creating ParaFaFT...
Creating ParaFaFT...
Creating ParaFaFT...
Creating ParaFaFT...
Creating ParaFaFT...
Creating ParaFaFT...
Creating ParaFaFT...
Creating ParaFaFT...
Creating ParaFaFT...
Creating ParaFaFT...
Creating ParaFaFT...
Creating ParaFaFT...
Creating ParaFaFT...
Creating ParaFaFT...
Creating ParaFaFT...
Creating ParaFaFT...
Creating ParaFaFT...
Creating ParaFaFT...
Creating ParaFaFT...
Creating ParaFaFT...
Creating ParaFaFT...
Creating ParaFaFT...
Creating ParaFaFT...
Creating ParaFaFT...
Creating ParaFaFT...
Creating ParaFaFT...
Creating ParaFaFT...
Creating ParaFaFT...
Creating ParaFaFT...
Creating ParaFaFT...
Creating ParaFaFT...
Creating ParaFaFT...
Creating ParaFaFT...
Creating ParaFaFT...
Creating ParaFaFT...
Creating ParaFaFT...
Creating ParaFaFT...
Creating ParaFaFT...
Creating ParaFaFT...
Creating ParaFaFT...
Creating ParaFaFT...
Creating ParaFaFT...
Creating ParaFaFT...
Creating ParaFaFT...
Creating ParaFaFT...
Creating ParaFaFT...
Creating ParaFaFT...
Creating ParaFaFT...
Creating ParaFaFT...
Creating ParaFaFT...
Creating ParaFaFT...
Creating ParaFaFT...
Creating ParaFaFT...
Creating ParaFaFT...
Creating ParaFaFT...
Creating ParaFaFT...
Creating ParaFaFT...
Creating ParaFaFT...
Creating ParaFaFT...
Creating ParaFaFT...
Creating ParaFaFT...
Creating ParaFaFT...
Creating ParaFaFT...
Creating ParaFaFT...
Creating ParaFaFT...
Creating ParaFaFT...
Creating ParaFaFT...
Creating ParaFaFT...
Creating ParaFaFT...
Creating ParaFaFT...
Creating ParaFaFT...
Creating ParaFaFT...
Creating ParaFaFT...
Creating ParaFaFT...
Creating ParaFaFT...
Creating ParaFaFT...
Creating ParaFaFT...
Creating ParaFaFT...
Creating ParaFaFT...
Creating ParaFaFT...
Creating ParaFaFT...
Creating ParaFaFT...
Creating ParaFaFT...
Creating ParaFaFT...
Creating ParaFaFT...
Creating ParaFaFT...
Creating ParaFaFT...
Creating ParaFaFT...
Creating ParaFaFT...
Creating ParaFaFT...
Creating ParaFaFT...
Creating ParaFaFT...
Creating ParaFaFT...
Creating ParaFaFT...
Creating ParaFaFT...
Creating ParaFaFT...
Creating ParaFaFT...
Creating ParaFaFT...
Creating ParaFaFT...
Creating ParaFaFT...
Creating ParaFaFT...
Creating ParaFaFT...
Creating ParaFaFT...
Creating ParaFaFT...
Creating ParaFaFT...
Creating ParaFaFT...
Creating ParaFaFT...
Creating ParaFaFT...
Creating ParaFaFT...
Creating ParaFaFT...
Creating ParaFaFT...
Creating ParaFaFT...
Creating ParaFaFT...
Creating ParaFaFT...
Creating ParaFaFT...
Creating ParaFaFT...
Creating ParaFaFT...
Creating ParaFaFT...
Creating ParaFaFT...
Creating ParaFaFT...
Creating ParaFaFT...
Creating ParaFaFT...
Creating ParaFaFT...
Creating ParaFaFT...
Creating ParaFaFT...
Creating ParaFaFT...
Creating ParaFaFT...
Creating ParaFaFT...
Creating ParaFaFT...
Creating ParaFaFT...
Creating ParaFaFT...
Creating ParaFaFT...
Creating ParaFaFT...
Creating ParaFaFT...
Creating ParaFaFT...
Creating ParaFaFT...
Creating ParaFaFT...
Creating ParaFaFT...
Creating ParaFaFT...
Creating ParaFaFT...
Creating ParaFaFT...
Creating ParaFaFT...
Creating ParaFaFT...
Creating ParaFaFT...
Creating ParaFaFT...
Creating ParaFaFT...
Creating ParaFaFT...
Creating ParaFaFT...
Creating ParaFaFT...
Creating ParaFaFT...
Creating ParaFaFT...
Creating ParaFaFT...
Creating ParaFaFT...
Creating ParaFaFT...
Creating ParaFaFT...
Creating ParaFaFT...
Creating ParaFaFT...
Creating ParaFaFT...
Creating ParaFaFT...
Creating ParaFaFT...
Creating ParaFaFT...
Creating ParaFaFT...
Creating ParaFaFT...
Creating ParaFaFT...
Creating ParaFaFT...
Creating ParaFaFT...
Creating ParaFaFT...
Creating ParaFaFT...
Creating ParaFaFT...
Creating ParaFaFT...
Creating ParaFaFT...
Creating ParaFaFT...
Creating ParaFaFT...
Creating ParaFaFT...
Creating ParaFaFT...
Creating ParaFaFT...
Creating ParaFaFT...
Creating ParaFaFT...
Creating ParaFaFT...
Creating ParaFaFT...
Creating ParaFaFT...
Creating ParaFaFT...
Creating ParaFaFT...
Creating ParaFaFT...
Creating ParaFaFT...
Creating ParaFaFT...
Creating ParaFaFT...
Creating ParaFaFT...
Creating ParaFaFT...
Creating ParaFaFT...
Creating ParaFaFT...
Creating ParaFaFT...
Creating ParaFaFT...
Creating ParaFaFT...
Creating ParaFaFT...
Creating ParaFaFT...
Creating ParaFaFT...
Creating ParaFaFT...
Creating ParaFaFT...
Creating ParaFaFT...
Creating ParaFaFT...
Creating ParaFaFT...
Creating ParaFaFT...
Creating ParaFaFT...
Creating ParaFaFT...
Creating ParaFaFT...
Creating ParaFaFT...
Creating ParaFaFT...
Creating ParaFaFT...
Creating ParaFaFT...
Creating ParaFaFT...
Creating ParaFaFT...
Creating ParaFaFT...
Creating ParaFaFT...
Creating ParaFaFT...
Creating ParaFaFT...
Creating ParaFaFT...
Creating ParaFaFT...
Creating ParaFaFT...
Creating ParaFaFT...
Creating ParaFaFT...
Creating ParaFaFT...
Creating ParaFaFT...
Creating ParaFaFT...
Creating ParaFaFT...
Creating ParaFaFT...
Creating ParaFaFT...
Creating ParaFaFT...
Creating ParaFaFT...
Creating ParaFaFT...
Creating ParaFaFT...
Creating ParaFaFT...
Creating ParaFaFT...
Creating ParaFaFT...
Creating ParaFaFT...
Creating ParaFaFT...
Creating ParaFaFT...
Creating ParaFaFT...
Creating ParaFaFT...
Creating ParaFaFT...
Creating ParaFaFT...
Creating ParaFaFT...
Creating ParaFaFT...
Creating ParaFaFT...
Creating ParaFaFT...
Creating ParaFaFT...
Creating ParaFaFT...
Creating ParaFaFT...
Creating ParaFaFT...
Creating ParaFaFT...
Creating ParaFaFT...
Creating ParaFaFT...
Creating ParaFaFT...
Creating ParaFaFT...
Creating ParaFaFT...
Creating ParaFaFT...
Creating ParaFaFT...
Creating ParaFaFT...
Creating ParaFaFT...
Creating ParaFaFT...
Creating ParaFaFT...
Creating ParaFaFT...
Creating ParaFaFT...
Creating ParaFaFT...
Creating ParaFaFT...
Creating ParaFaFT...
Creating ParaFaFT...
Creating ParaFaFT...
Creating ParaFaFT...
Creating ParaFaFT...
Creating ParaFaFT...
Creating ParaFaFT...
Creating ParaFaFT...
Creating ParaFaFT...
Creating ParaFaFT...
Creating ParaFaFT...
Creating ParaFaFT...
Creating ParaFaFT...
Creating ParaFaFT...
Creating ParaFaFT...
Creating ParaFaFT...
Creating ParaFaFT...
Creating ParaFaFT...
Creating ParaFaFT...
Creating ParaFaFT...
Creating ParaFaFT...
Creating ParaFaFT...
Creating ParaFaFT...
Creating ParaFaFT...
Creating ParaFaFT...
Creating ParaFaFT...
Creating ParaFaFT...
Creating ParaFaFT...
Creating ParaFaFT...
Creating ParaFaFT...
Creating ParaFaFT...
Creating ParaFaFT...
Creating ParaFaFT...
Creating ParaFaFT...
Creating ParaFaFT...
Creating ParaFaFT...
Creating ParaFaFT...
Creating ParaFaFT...
Creating ParaFaFT...
Creating ParaFaFT...
Creating ParaFaFT...
Creating ParaFaFT...
Creating ParaFaFT...
Creating ParaFaFT...
Creating ParaFaFT...
Creating ParaFaFT...
Creating ParaFaFT...
Creating ParaFaFT...
Creating ParaFaFT...
Creating ParaFaFT...
Creating ParaFaFT...
Creating ParaFaFT...
Creating ParaFaFT...
Creating ParaFaFT...
Creating ParaFaFT...
Creating ParaFaFT...
Creating ParaFaFT...
Creating ParaFaFT...
Creating ParaFaFT...
Creating ParaFaFT...
Creating ParaFaFT...
Creating ParaFaFT...
Creating ParaFaFT...
Creating ParaFaFT...
Creating ParaFaFT...
Creating ParaFaFT...
Creating ParaFaFT...
Creating ParaFaFT...
Creating ParaFaFT...
Creating ParaFaFT...
Creating ParaFaFT...
Creating ParaFaFT...
Creating ParaFaFT...
Creating ParaFaFT...
Creating ParaFaFT...
Creating ParaFaFT...
Creating ParaFaFT...
Creating ParaFaFT...
Creating ParaFaFT...
Creating ParaFaFT...
Creating ParaFaFT...
Creating ParaFaFT...
Creating ParaFaFT...
Creating ParaFaFT...
Creating ParaFaFT...
Creating ParaFaFT...
Creating ParaFaFT...
Creating ParaFaFT...
Creating ParaFaFT...
Creating ParaFaFT...
Creating ParaFaFT...
Creating ParaFaFT...
Creating ParaFaFT...
Creating ParaFaFT...
Creating ParaFaFT...
Creating ParaFaFT...
Creating ParaFaFT...
Creating ParaFaFT...
Creating ParaFaFT...
Creating ParaFaFT...
Creating ParaFaFT...
Creating ParaFaFT...
Creating ParaFaFT...
Creating ParaFaFT...
Creating ParaFaFT...
Creating ParaFaFT...
Creating ParaFaFT...
Creating ParaFaFT...
Creating ParaFaFT...
Creating ParaFaFT...
Creating ParaFaFT...
Creating ParaFaFT...
Creating ParaFaFT...
Creating ParaFaFT...
Creating ParaFaFT...
Creating ParaFaFT...
Creating ParaFaFT...
Creating ParaFaFT...
Creating ParaFaFT...
Creating ParaFaFT...
Creating ParaFaFT...
Creating ParaFaFT...
Creating ParaFaFT...
Creating ParaFaFT...
Creating ParaFaFT...
Creating ParaFaFT...
Creating ParaFaFT...
Creating ParaFaFT...
Creating ParaFaFT...
Creating ParaFaFT...
Creating ParaFaFT...
Creating ParaFaFT...
Creating ParaFaFT...
Creating ParaFaFT...
Creating ParaFaFT...
Creating ParaFaFT...
Creating ParaFaFT...
Creating ParaFaFT...
Creating ParaFaFT...
Creating ParaFaFT...
Creating ParaFaFT...
Creating ParaFaFT...
Creating ParaFaFT...
Creating ParaFaFT...
Creating ParaFaFT...
Creating ParaFaFT...
Creating ParaFaFT...
Creating ParaFaFT...
Creating ParaFaFT...
Creating ParaFaFT...
Creating ParaFaFT...
Creating ParaFaFT...
Creating ParaFaFT...
Creating ParaFaFT...
Creating ParaFaFT...
Creating ParaFaFT...
Creating ParaFaFT...
Creating ParaFaFT...
Creating ParaFaFT...
Creating ParaFaFT...
Creating ParaFaFT...
Creating ParaFaFT...
Creating ParaFaFT...
Creating ParaFaFT...
Creating ParaFaFT...
Creating ParaFaFT...
Creating ParaFaFT...
Creating ParaFaFT...
Creating ParaFaFT...
Creating ParaFaFT...
Creating ParaFaFT...
Creating ParaFaFT...
Creating ParaFaFT...
Creating ParaFaFT...
Creating ParaFaFT...
Creating ParaFaFT...
Creating ParaFaFT...
Creating ParaFaFT...
Creating ParaFaFT...
Creating ParaFaFT...
Creating ParaFaFT...
Creating ParaFaFT...
Creating ParaFaFT...
Creating ParaFaFT...
Creating ParaFaFT...
Creating ParaFaFT...
Creating ParaFaFT...
Creating ParaFaFT...
Creating ParaFaFT...
Creating ParaFaFT...
Creating ParaFaFT...
Creating ParaFaFT...
Creating ParaFaFT...
Creating ParaFaFT...
Creating ParaFaFT...
Creating ParaFaFT...
Creating ParaFaFT...
Creating ParaFaFT...
Creating ParaFaFT...
Creating ParaFaFT...
Creating ParaFaFT...
Creating ParaFaFT...
Creating ParaFaFT...
Creating ParaFaFT...
Creating ParaFaFT...
Creating ParaFaFT...
Creating ParaFaFT...
Creating ParaFaFT...
Creating ParaFaFT...
Creating ParaFaFT...
Creating ParaFaFT...
Creating ParaFaFT...
Creating ParaFaFT...
Creating ParaFaFT...
Creating ParaFaFT...
Creating ParaFaFT...
Creating ParaFaFT...
Creating ParaFaFT...
Creating ParaFaFT...
Creating ParaFaFT...
Creating ParaFaFT...
Creating ParaFaFT...
Creating ParaFaFT...
Creating ParaFaFT...
Creating ParaFaFT...
Creating ParaFaFT...
Creating ParaFaFT...
Creating ParaFaFT...
Creating ParaFaFT...
Creating ParaFaFT...
Creating ParaFaFT...
Creating ParaFaFT...
Creating ParaFaFT...
Creating ParaFaFT...
Creating ParaFaFT...
Creating ParaFaFT...
Creating ParaFaFT...
Creating ParaFaFT...
Creating ParaFaFT...
Creating ParaFaFT...
Creating ParaFaFT...
Creating ParaFaFT...
Creating ParaFaFT...
Creating ParaFaFT...
Creating ParaFaFT...
Creating ParaFaFT...
Creating ParaFaFT...
Creating ParaFaFT...
Creating ParaFaFT...
Creating ParaFaFT...
Creating ParaFaFT...
Creating ParaFaFT...
Creating ParaFaFT...
Creating ParaFaFT...
Creating ParaFaFT...
Creating ParaFaFT...
Creating ParaFaFT...
Creating ParaFaFT...
Creating ParaFaFT...
Creating ParaFaFT...
Creating ParaFaFT...
Creating ParaFaFT...
Creating ParaFaFT...
Creating ParaFaFT...
Creating ParaFaFT...
Creating ParaFaFT...
Creating ParaFaFT...
Creating ParaFaFT...
Creating ParaFaFT...
Creating ParaFaFT...
Creating ParaFaFT...
Creating ParaFaFT...
Creating ParaFaFT...
Creating ParaFaFT...
Creating ParaFaFT...
Creating ParaFaFT...
Creating ParaFaFT...
Creating ParaFaFT...
Creating ParaFaFT...
Creating ParaFaFT...
Creating ParaFaFT...
Creating ParaFaFT...
Creating ParaFaFT...
Creating ParaFaFT...
Creating ParaFaFT...
Creating ParaFaFT...
Creating ParaFaFT...
Creating ParaFaFT...
Creating ParaFaFT...
Creating ParaFaFT...
Creating ParaFaFT...
Creating ParaFaFT...
Creating ParaFaFT...
Creating ParaFaFT...
Creating ParaFaFT...
Creating ParaFaFT...
Creating ParaFaFT...
Creating ParaFaFT...
Creating ParaFaFT...
Creating ParaFaFT...
Creating ParaFaFT...
Creating ParaFaFT...
Creating ParaFaFT...
Creating ParaFaFT...
Creating ParaFaFT...
Creating ParaFaFT...
Creating ParaFaFT...
Creating ParaFaFT...
Creating ParaFaFT...
Creating ParaFaFT...
Creating ParaFaFT...
Creating ParaFaFT...
Creating ParaFaFT...
Creating ParaFaFT...
Creating ParaFaFT...
Creating ParaFaFT...
Creating ParaFaFT...
Creating ParaFaFT...
Creating ParaFaFT...
Creating ParaFaFT...
Creating ParaFaFT...
Creating ParaFaFT...
Creating ParaFaFT...
Creating ParaFaFT...
Creating ParaFaFT...
Creating ParaFaFT...
Creating ParaFaFT...
Creating ParaFaFT...
Creating ParaFaFT...
Creating ParaFaFT...
Creating ParaFaFT...
Creating ParaFaFT...
Creating ParaFaFT...
Creating ParaFaFT...
Creating ParaFaFT...
Creating ParaFaFT...
Creating ParaFaFT...
Creating ParaFaFT...
Creating ParaFaFT...
Creating ParaFaFT...
Creating ParaFaFT...
Creating ParaFaFT...
Creating ParaFaFT...
Creating ParaFaFT...
Creating ParaFaFT...
Creating ParaFaFT...
Creating ParaFaFT...
Creating ParaFaFT...
Creating ParaFaFT...
Creating ParaFaFT...
Creating ParaFaFT...
Creating ParaFaFT...
Creating ParaFaFT...
Creating ParaFaFT...
Creating ParaFaFT...
Creating ParaFaFT...
Creating ParaFaFT...
Creating ParaFaFT...
Creating ParaFaFT...
Creating ParaFaFT...
Creating ParaFaFT...
Creating ParaFaFT...
Creating ParaFaFT...
Creating ParaFaFT...
Creating ParaFaFT...
Creating ParaFaFT...
Creating ParaFaFT...
Creating ParaFaFT...
Creating ParaFaFT...
Creating ParaFaFT...
Creating ParaFaFT...
Filling data...
Filling data...
Filling data...
Filling data...
Filling data...
Filling data...
Filling data...
Filling data...
Filling data...
Filling data...
Filling data...
Filling data...
Filling data...
Filling data...
Filling data...
Filling data...
Filling data...
Filling data...
Filling data...
Filling data...
Filling data...
Filling data...
Filling data...
Filling data...
Filling data...
Filling data...
Filling data...
Filling data...
Filling data...
Filling data...
Filling data...
Filling data...
Filling data...
Filling data...
Filling data...
Filling data...
Filling data...
Filling data...
Filling data...
Filling data...
Filling data...
Filling data...
Filling data...
Filling data...
Filling data...
Filling data...
Filling data...
Filling data...
Filling data...
Filling data...
Filling data...
Filling data...
Filling data...
Filling data...
Filling data...
Filling data...
Filling data...
Filling data...
Filling data...
Filling data...
Filling data...
Filling data...
Filling data...
Filling data...
Filling data...
Filling data...
Filling data...
Filling data...
Filling data...
Filling data...
Filling data...
Filling data...
Filling data...
Filling data...
Filling data...
Filling data...
Filling data...
Filling data...
Filling data...
Filling data...
Filling data...
Filling data...
Filling data...
Filling data...
Filling data...
Filling data...
Filling data...
Filling data...
Filling data...
Filling data...
Filling data...
Filling data...
Filling data...
Filling data...
Filling data...
Filling data...
Filling data...
Filling data...
Filling data...
Filling data...
Filling data...
Filling data...
Filling data...
Filling data...
Filling data...
Filling data...
Filling data...
Filling data...
Filling data...
Filling data...
Filling data...
Filling data...
Filling data...
Filling data...
Filling data...
Filling data...
Filling data...
Filling data...
Filling data...
Filling data...
Filling data...
Filling data...
Filling data...
Filling data...
Filling data...
Filling data...
Filling data...
Filling data...
Filling data...
Filling data...
Filling data...
Filling data...
Filling data...
Filling data...
Filling data...
Filling data...
Filling data...
Filling data...
Filling data...
Filling data...
Filling data...
Filling data...
Filling data...
Filling data...
Filling data...
Filling data...
Filling data...
Filling data...
Filling data...
Filling data...
Filling data...
Filling data...
Filling data...
Filling data...
Filling data...
Filling data...
Filling data...
Filling data...
Filling data...
Filling data...
Filling data...
Filling data...
Filling data...
Filling data...
Filling data...
Filling data...
Filling data...
Filling data...
Filling data...
Filling data...
Filling data...
Filling data...
Filling data...
Filling data...
Filling data...
Filling data...
Filling data...
Filling data...
Filling data...
Filling data...
Filling data...
Filling data...
Filling data...
Filling data...
Filling data...
Filling data...
Filling data...
Filling data...
Filling data...
Filling data...
Filling data...
Filling data...
Filling data...
Filling data...
Filling data...
Filling data...
Filling data...
Filling data...
Filling data...
Filling data...
Filling data...
Filling data...
Filling data...
Filling data...
Filling data...
Filling data...
Filling data...
Filling data...
Filling data...
Filling data...
Filling data...
Filling data...
Filling data...
Filling data...
Filling data...
Filling data...
Filling data...
Filling data...
Filling data...
Filling data...
Filling data...
Filling data...
Filling data...
Filling data...
Filling data...
Filling data...
Filling data...
Filling data...
Filling data...
Filling data...
Filling data...
Filling data...
Filling data...
Filling data...
Filling data...
Filling data...
Filling data...
Filling data...
Filling data...
Filling data...
Filling data...
Filling data...
Filling data...
Filling data...
Filling data...
Filling data...
Filling data...
Filling data...
Filling data...
Filling data...
Filling data...
Filling data...
Filling data...
Filling data...
Filling data...
Filling data...
Filling data...
Filling data...
Filling data...
Filling data...
Filling data...
Filling data...
Filling data...
Filling data...
Filling data...
Filling data...
Filling data...
Filling data...
Filling data...
Filling data...
Filling data...
Filling data...
Filling data...
Filling data...
Filling data...
Filling data...
Filling data...
Filling data...
Filling data...
Filling data...
Filling data...
Filling data...
Filling data...
Filling data...
Filling data...
Filling data...
Filling data...
Filling data...
Filling data...
Filling data...
Filling data...
Filling data...
Filling data...
Filling data...
Filling data...
Filling data...
Filling data...
Filling data...
Filling data...
Filling data...
Filling data...
Filling data...
Filling data...
Filling data...
Filling data...
Filling data...
Filling data...
Filling data...
Filling data...
Filling data...
Filling data...
Filling data...
Filling data...
Filling data...
Filling data...
Filling data...
Filling data...
Filling data...
Filling data...
Filling data...
Filling data...
Filling data...
Filling data...
Filling data...
Filling data...
Filling data...
Filling data...
Filling data...
Filling data...
Filling data...
Filling data...
Filling data...
Filling data...
Filling data...
Filling data...
Filling data...
Filling data...
Filling data...
Filling data...
Filling data...
Filling data...
Filling data...
Filling data...
Filling data...
Filling data...
Filling data...
Filling data...
Filling data...
Filling data...
Filling data...
Filling data...
Filling data...
Filling data...
Filling data...
Filling data...
Filling data...
Filling data...
Filling data...
Filling data...
Filling data...
Filling data...
Filling data...
Filling data...
Filling data...
Filling data...
Filling data...
Filling data...
Filling data...
Filling data...
Filling data...
Filling data...
Filling data...
Filling data...
Filling data...
Filling data...
Filling data...
Filling data...
Filling data...
Filling data...
Filling data...
Filling data...
Filling data...
Filling data...
Filling data...
Filling data...
Filling data...
Filling data...
Filling data...
Filling data...
Filling data...
Filling data...
Filling data...
Filling data...
Filling data...
Filling data...
Filling data...
Filling data...
Filling data...
Filling data...
Filling data...
Filling data...
Filling data...
Filling data...
Filling data...
Filling data...
Filling data...
Filling data...
Filling data...
Filling data...
Filling data...
Filling data...
Filling data...
Filling data...
Filling data...
Filling data...
Filling data...
Filling data...
Filling data...
Filling data...
Filling data...
Filling data...
Filling data...
Filling data...
Filling data...
Filling data...
Filling data...
Filling data...
Filling data...
Filling data...
Filling data...
Filling data...
Filling data...
Filling data...
Filling data...
Filling data...
Filling data...
Filling data...
Filling data...
Filling data...
Filling data...
Filling data...
Filling data...
Filling data...
Filling data...
Filling data...
Filling data...
Filling data...
Filling data...
Filling data...
Filling data...
Filling data...
Filling data...
Filling data...
Filling data...
Filling data...
Filling data...
Filling data...
Filling data...
Filling data...
Filling data...
Filling data...
Filling data...
Filling data...
Filling data...
Filling data...
Filling data...
Filling data...
Filling data...
Filling data...
Filling data...
Filling data...
Filling data...
Filling data...
Filling data...
Filling data...
Filling data...
Filling data...
Filling data...
Filling data...
Filling data...
Filling data...
Filling data...
Filling data...
Filling data...
Filling data...
Filling data...
Filling data...
Filling data...
Filling data...
Filling data...
Filling data...
Filling data...
Filling data...
Filling data...
Filling data...
Filling data...
Filling data...
Filling data...
Filling data...
Filling data...
Filling data...
Filling data...
Filling data...
Filling data...
Filling data...
Filling data...
Filling data...
Filling data...
Filling data...
Filling data...
Filling data...
Filling data...
Filling data...
Filling data...
Filling data...
Filling data...
Filling data...
Filling data...
Filling data...
Filling data...
Filling data...
Filling data...
Filling data...
Filling data...
Filling data...
Filling data...
Filling data...
Filling data...
Filling data...
Filling data...
Filling data...
Filling data...
Filling data...
Filling data...
Filling data...
Filling data...
Filling data...
Filling data...
Filling data...
Filling data...
Filling data...
Filling data...
Filling data...
Filling data...
Filling data...
Filling data...
Filling data...
Filling data...
Filling data...
Filling data...
Filling data...
Filling data...
Filling data...
Filling data...
Filling data...
Filling data...
Filling data...
Filling data...
Filling data...
Filling data...
Filling data...
Filling data...
Filling data...
Filling data...
Filling data...
Filling data...
Filling data...
Filling data...
Filling data...
Filling data...
Filling data...
Filling data...
Filling data...
Filling data...
Filling data...
Filling data...
Filling data...
Filling data...
Filling data...
Filling data...
Filling data...
Filling data...
Filling data...
Filling data...
Filling data...
Filling data...
Filling data...
Filling data...
Filling data...
Filling data...
Filling data...
Filling data...
Filling data...
Filling data...
Filling data...
Filling data...
Filling data...
Filling data...
Filling data...
Filling data...
Filling data...
Filling data...
Filling data...
Filling data...
Filling data...
Filling data...
Filling data...
Filling data...
Filling data...
Filling data...
Filling data...
Filling data...
Filling data...
Filling data...
Filling data...
Filling data...
Filling data...
Filling data...
Filling data...
Filling data...
Filling data...
Filling data...
Filling data...
Filling data...
Filling data...
Filling data...
Filling data...
Filling data...
Filling data...
Filling data...
Filling data...
Filling data...
Filling data...
Filling data...
Filling data...
Filling data...
Filling data...
Filling data...
Filling data...
Filling data...
Filling data...
Filling data...
Filling data...
Filling data...
Filling data...
Filling data...
Filling data...
Filling data...
Filling data...
Filling data...
Filling data...
Filling data...
Filling data...
Filling data...
Filling data...
Filling data...
Filling data...
Filling data...
Filling data...
Filling data...
Filling data...
Filling data...
Filling data...
Filling data...
Filling data...
Filling data...
Filling data...
Filling data...
Filling data...
Filling data...
Filling data...
Filling data...
Filling data...
Filling data...
Filling data...
Filling data...
Filling data...
Filling data...
Filling data...
Filling data...
Filling data...
Filling data...
Filling data...
Filling data...
Filling data...
Filling data...
Filling data...
Filling data...
Filling data...
Filling data...
Filling data...
Filling data...
Filling data...
Filling data...
Filling data...
Filling data...
Filling data...
Filling data...
Filling data...
Filling data...
Filling data...
Filling data...
Filling data...
Filling data...
Filling data...
Filling data...
Filling data...
Filling data...
Filling data...
Filling data...
Filling data...
Filling data...
Filling data...
Filling data...
Filling data...
Filling data...
Filling data...
Filling data...
Filling data...
Filling data...
Filling data...
Filling data...
Filling data...
Filling data...
Filling data...
Filling data...
Filling data...
Filling data...
Filling data...
Filling data...
Filling data...
Filling data...
Filling data...
Filling data...
Filling data...
Filling data...
Filling data...
Filling data...
Filling data...
Filling data...
Filling data...
Filling data...
Filling data...
Filling data...
Filling data...
Filling data...
Filling data...
Filling data...
Filling data...
Filling data...
Filling data...
Filling data...
Filling data...
Filling data...
Filling data...
Filling data...
Filling data...
Filling data...
Filling data...
Filling data...
Filling data...
Filling data...
Filling data...
Filling data...
Filling data...
Filling data...
Filling data...
Filling data...
Filling data...
Filling data...
Filling data...
Filling data...
Filling data...
Filling data...
Filling data...
Filling data...
Filling data...
Filling data...
Filling data...
Filling data...
Filling data...
Filling data...
Filling data...
Filling data...
Filling data...
Filling data...
Filling data...
Filling data...
Filling data...
Filling data...
Filling data...
Filling data...
Filling data...
Filling data...
Filling data...
Filling data...
Filling data...
Filling data...
Filling data...
Filling data...
Filling data...
Filling data...
Filling data...
Filling data...
Filling data...
Filling data...
Filling data...
Filling data...
Filling data...
Filling data...
Filling data...
Filling data...
Filling data...
Filling data...
Filling data...
Filling data...
Filling data...
Filling data...
Filling data...
Filling data...
Filling data...
Filling data...
Filling data...
Filling data...
Filling data...
Filling data...
Filling data...
Filling data...
Filling data...
Filling data...
Filling data...
Filling data...
Filling data...
Filling data...
Filling data...
Filling data...
Filling data...
Filling data...
Filling data...
Filling data...
Filling data...
Filling data...
Filling data...
Filling data...
Filling data...
Filling data...
Filling data...
Filling data...
Filling data...
Filling data...
Filling data...
Filling data...
Filling data...
Filling data...
Filling data...
Filling data...
Filling data...
Filling data...
Filling data...
Filling data...
Filling data...
Filling data...
Filling data...
Filling data...
Filling data...
Filling data...
Filling data...
Filling data...
Filling data...
Filling data...
Filling data...
Filling data...
Filling data...
Filling data...
Filling data...
Filling data...
Filling data...
Filling data...
Filling data...
Filling data...
Filling data...
Filling data...
Filling data...
Filling data...
Filling data...
Filling data...
Filling data...
Filling data...
Filling data...
Filling data...
Filling data...
Filling data...
Filling data...
Filling data...
Filling data...
Filling data...
Filling data...
Filling data...
Filling data...
Filling data...
Filling data...
Filling data...
Filling data...
Filling data...
Filling data...
Filling data...
Filling data...
Filling data...
Filling data...
Filling data...
Filling data...
Filling data...
Filling data...
Filling data...
Filling data...
Filling data...
Filling data...
Filling data...
Filling data...
Filling data...
Filling data...
Filling data...
Filling data...
Filling data...
Filling data...
Filling data...
Filling data...
Filling data...
Filling data...
Filling data...
Filling data...
Filling data...
Filling data...
Filling data...
Filling data...
Filling data...
Filling data...
Filling data...
Filling data...
Filling data...
Filling data...
Filling data...
Filling data...
Filling data...
Filling data...
Filling data...
Filling data...
Filling data...
Filling data...
Filling data...
Filling data...
Filling data...
Filling data...
Filling data...
Filling data...
Filling data...
Filling data...
Filling data...
Filling data...
Filling data...
Filling data...
Filling data...
Filling data...
Filling data...
Filling data...
Filling data...
Filling data...
Filling data...
Filling data...
Filling data...
Filling data...
Filling data...
Filling data...
Filling data...
Filling data...
Filling data...
Filling data...
Filling data...
Filling data...
Filling data...
Filling data...
Filling data...
Filling data...
Filling data...
Filling data...
Filling data...
Filling data...
Filling data...
Filling data...
Filling data...
Filling data...
Filling data...
Filling data...
Filling data...
Filling data...
Filling data...
Filling data...
Filling data...
Filling data...
Filling data...
Filling data...
Filling data...
Filling data...
Filling data...
Filling data...
Filling data...
Filling data...
Filling data...
Filling data...
Filling data...
Filling data...
Filling data...
Filling data...
Filling data...
Filling data...
Filling data...
Filling data...
Filling data...
Filling data...
Filling data...
Filling data...
Filling data...
Filling data...
Filling data...
Filling data...
Filling data...
Filling data...
Filling data...
Filling data...
Filling data...
Filling data...
Filling data...
Filling data...
Filling data...
Filling data...
Filling data...
Filling data...
Filling data...
Filling data...
Filling data...
Filling data...
Filling data...
Filling data...
Filling data...
Filling data...
Filling data...
Filling data...
Filling data...
Filling data...
Filling data...
Filling data...
Filling data...
Filling data...
Filling data...
Filling data...
Filling data...
Filling data...
Filling data...
Filling data...
Filling data...
Filling data...
Filling data...
Filling data...
Filling data...
Filling data...
Filling data...
Filling data...
Filling data...
Filling data...
Filling data...
Filling data...
Filling data...
Filling data...
Filling data...
Filling data...
Filling data...
Filling data...
Filling data...
Filling data...
Filling data...
Filling data...
Filling data...
Filling data...
Filling data...
Filling data...
Filling data...
Filling data...
Filling data...
Filling data...
Filling data...
Filling data...
Filling data...
Filling data...
Filling data...
Filling data...
Filling data...
Filling data...
Filling data...
Filling data...
Filling data...
Filling data...
Filling data...
Filling data...
Filling data...
Filling data...
Filling data...
Filling data...
Filling data...
Filling data...
Filling data...
Filling data...
Filling data...
Filling data...
Filling data...
Filling data...
Filling data...
Filling data...
Filling data...
Filling data...
Filling data...
Filling data...
Filling data...
Filling data...
Filling data...
Filling data...
Filling data...
Filling data...
Filling data...
Filling data...
Filling data...
Filling data...
Filling data...
Filling data...
Filling data...
Filling data...
Filling data...
Filling data...
Filling data...
Filling data...
Filling data...
Filling data...
Filling data...
Filling data...
Filling data...
Filling data...
Filling data...
Filling data...
Filling data...
Filling data...
Filling data...
Filling data...
Filling data...
Filling data...
Filling data...
Filling data...
Filling data...
Filling data...
Filling data...
Filling data...
Filling data...
Filling data...
Filling data...
Filling data...
Filling data...
Filling data...
Filling data...
Filling data...
Filling data...
Filling data...
Filling data...
Filling data...
Filling data...
Filling data...
Filling data...
Filling data...
Filling data...
Filling data...
Filling data...
Filling data...
Filling data...
Filling data...
Filling data...
Filling data...
Filling data...
Filling data...
Filling data...
Filling data...
Filling data...
Filling data...
Filling data...
Filling data...
Filling data...
Filling data...
Filling data...
Filling data...
Filling data...
Filling data...
Filling data...
Filling data...
Filling data...
Filling data...
Filling data...
Filling data...
Filling data...
Filling data...
Filling data...
Filling data...
Filling data...
Filling data...
Filling data...
Filling data...
Filling data...
Filling data...
Filling data...
Filling data...
Filling data...
Filling data...
Filling data...
Filling data...
Filling data...
Filling data...
Filling data...
Filling data...
Filling data...
Filling data...
Filling data...
Filling data...
Filling data...
Filling data...
Filling data...
Filling data...
Filling data...
Filling data...
Filling data...
Filling data...
Filling data...
Filling data...
Filling data...
Filling data...
Filling data...
Filling data...
Filling data...
Filling data...
Filling data...
Filling data...
Filling data...
Filling data...
Filling data...
Filling data...
Filling data...
Filling data...
Filling data...
Filling data...
Filling data...
Filling data...
Filling data...
Filling data...
Filling data...
Filling data...
Filling data...
Filling data...
Filling data...
Filling data...
Filling data...
Filling data...
Filling data...
Filling data...
Filling data...
Filling data...
Filling data...
Filling data...
Filling data...
Filling data...
Filling data...
Filling data...
Filling data...
Filling data...
Filling data...
Filling data...
Filling data...
Filling data...
Filling data...
Filling data...
Filling data...
Filling data...
Filling data...
Filling data...
Filling data...
Filling data...
Filling data...
Filling data...
Filling data...
Filling data...
Filling data...
Filling data...
Filling data...
Filling data...
Filling data...
Filling data...
Filling data...
Filling data...
Filling data...
Filling data...
Filling data...
Filling data...
Filling data...
Filling data...
Filling data...
Filling data...
Filling data...
Filling data...
Filling data...
Filling data...
Filling data...
Filling data...
Filling data...
Filling data...
Filling data...
Filling data...
Filling data...
Filling data...
Filling data...
Filling data...
Filling data...
Filling data...
Filling data...
Filling data...
Filling data...
Filling data...
Filling data...
Filling data...
Filling data...
Filling data...
Filling data...
Filling data...
Filling data...
Filling data...
Filling data...
Filling data...
Filling data...
Filling data...
Filling data...
Filling data...
Filling data...
Filling data...
Filling data...
Filling data...
Filling data...
Filling data...
Filling data...
Filling data...
Filling data...
Filling data...
Filling data...
Filling data...
Filling data...
Filling data...
Filling data...
Filling data...
Filling data...
Filling data...
Filling data...
Filling data...
Filling data...
Filling data...
Filling data...
Filling data...
Filling data...
Filling data...
Filling data...
Filling data...
Filling data...
Filling data...
Filling data...
Filling data...
Filling data...
Filling data...
Filling data...
Filling data...
Filling data...
Filling data...
Filling data...
Filling data...
Filling data...
Filling data...
Filling data...
Filling data...
Filling data...
Filling data...
Filling data...
Filling data...
Filling data...
Filling data...
Filling data...
Filling data...
Filling data...
Filling data...
Filling data...
Filling data...
Filling data...
Filling data...
Filling data...
Filling data...
Filling data...
Filling data...
Filling data...
Filling data...
Filling data...
Filling data...
Filling data...
Filling data...
Filling data...
Filling data...
Filling data...
Filling data...
Filling data...
Filling data...
Filling data...
Filling data...
Filling data...
Filling data...
Filling data...
Filling data...
Filling data...
Filling data...
Filling data...
Filling data...
Filling data...
Filling data...
Filling data...
Filling data...
Filling data...
Filling data...
Filling data...
Filling data...
Filling data...
Filling data...
Filling data...
Filling data...
Filling data...
Filling data...
Filling data...
Filling data...
Filling data...
Filling data...
Filling data...
Filling data...
Filling data...
Filling data...
Filling data...
Filling data...
Filling data...
Filling data...
Filling data...
Filling data...
Filling data...
Filling data...
Filling data...
Filling data...
Filling data...
Filling data...
Filling data...
Filling data...
Filling data...
Filling data...
Filling data...
Filling data...
Filling data...
Filling data...
Filling data...
Filling data...
Filling data...
Filling data...
Filling data...
Filling data...
Filling data...
Filling data...
Filling data...
Filling data...
Filling data...
Filling data...
Filling data...
Filling data...
Filling data...
Filling data...
Filling data...
Filling data...
Filling data...
Filling data...
Filling data...
Filling data...
Filling data...
Filling data...
Filling data...
Filling data...
Filling data...
Filling data...
Filling data...
Filling data...
Filling data...
Filling data...
Filling data...
Filling data...
Filling data...
Filling data...
Filling data...
Filling data...
Filling data...
Filling data...
Filling data...
Filling data...
Filling data...
Filling data...
Filling data...
Filling data...
Filling data...
Filling data...
Filling data...
Filling data...
Filling data...
Filling data...
Filling data...
Filling data...
Filling data...
Filling data...
Filling data...
Filling data...
Filling data...
Filling data...
Filling data...
Filling data...
Filling data...
Filling data...
Filling data...
Filling data...
Filling data...
Filling data...
Filling data...
Filling data...
Filling data...
Filling data...
Filling data...
Filling data...
Filling data...
Filling data...
Filling data...
Filling data...
Filling data...
Filling data...
Filling data...
Filling data...
Filling data...
Filling data...
Filling data...
Filling data...
Filling data...
Filling data...
Filling data...
Filling data...
Filling data...
Filling data...
Filling data...
Filling data...
Filling data...
Filling data...
Filling data...
Filling data...
Filling data...
Filling data...
Filling data...
Filling data...
Filling data...
Filling data...
Filling data...
Filling data...
Filling data...
Filling data...
Filling data...
Filling data...
Filling data...
Filling data...
Filling data...
Filling data...
Filling data...
Filling data...
Filling data...
Filling data...
Filling data...
Filling data...
Filling data...
Filling data...
Filling data...
Filling data...
Filling data...
Filling data...
Filling data...
Filling data...
Filling data...
Filling data...
Filling data...
Filling data...
Filling data...
Filling data...
Filling data...
Filling data...
Filling data...
Filling data...
Filling data...
Filling data...
Filling data...
Filling data...
Filling data...
Filling data...
Filling data...
Filling data...
Filling data...
Filling data...
Filling data...
Filling data...
Filling data...
Filling data...
Filling data...
Filling data...
Filling data...
Filling data...
Filling data...
Filling data...
Filling data...
Filling data...
Filling data...
Filling data...
Filling data...
Filling data...
Filling data...
Filling data...
Filling data...
Filling data...
Filling data...
Filling data...
Filling data...
Filling data...
Filling data...
Filling data...
Filling data...
Filling data...
Filling data...
Filling data...
Filling data...
Filling data...
Filling data...
Filling data...
Filling data...
Filling data...
Filling data...
Filling data...
Filling data...
Filling data...
Filling data...
Filling data...
Filling data...
Filling data...
Filling data...
Filling data...
Filling data...
Filling data...
Filling data...
Filling data...
Filling data...
Filling data...
Filling data...
Filling data...
Filling data...
Filling data...
Filling data...
Filling data...
Filling data...
Filling data...
Filling data...
Filling data...
Filling data...
Filling data...
Filling data...
Filling data...
Filling data...
Filling data...
Filling data...
Filling data...
Filling data...
Filling data...
Filling data...
Filling data...
Filling data...
Filling data...
Filling data...
Filling data...
Filling data...
Filling data...
Filling data...
Filling data...
Filling data...
Filling data...
Filling data...
Filling data...
Filling data...
Filling data...
Filling data...
Filling data...
Filling data...
Filling data...
Filling data...
Filling data...
Filling data...
Filling data...
Filling data...
Filling data...
Filling data...
Filling data...
Filling data...
Filling data...
Filling data...
Filling data...
Filling data...
Filling data...
Filling data...
Filling data...
Filling data...
Filling data...
Filling data...
Filling data...
Filling data...
Filling data...
Filling data...
Filling data...
Filling data...
Filling data...
Filling data...
Filling data...
Filling data...
Filling data...
Filling data...
Filling data...
Filling data...
Filling data...
Filling data...
Filling data...
Filling data...
Filling data...
Filling data...
Filling data...
Filling data...
Filling data...
Filling data...
Filling data...
Filling data...
Filling data...
Filling data...
Filling data...
Filling data...
Filling data...
Filling data...
Filling data...
Filling data...
Filling data...
Filling data...
Filling data...
Filling data...
Filling data...
Filling data...
Filling data...
Filling data...
Filling data...
Filling data...
Filling data...
Filling data...
Filling data...
Filling data...
Filling data...
Filling data...
Filling data...
Filling data...
Filling data...
Filling data...
Filling data...
Filling data...
Filling data...
Filling data...
Filling data...
Filling data...
Filling data...
Filling data...
Filling data...
Filling data...
Filling data...
Filling data...
Filling data...
Filling data...
Filling data...
Filling data...
Filling data...
Filling data...
Filling data...
Filling data...
Filling data...
Filling data...
Filling data...
Filling data...
Filling data...
Filling data...
Filling data...
Filling data...
Filling data...
Filling data...
Filling data...
Filling data...
Filling data...
Filling data...
Filling data...
Filling data...
Filling data...
Filling data...
Filling data...
Filling data...
Filling data...
Filling data...
Filling data...
Filling data...
Filling data...
Filling data...
Filling data...
Filling data...
Filling data...
Filling data...
Filling data...
Filling data...
Filling data...
Filling data...
Filling data...
Filling data...
Filling data...
Filling data...
Filling data...
Filling data...
Filling data...
Filling data...
Filling data...
Filling data...
Filling data...
Filling data...
Filling data...
Filling data...
Filling data...
Filling data...
Filling data...
Filling data...
Filling data...
Filling data...
Filling data...
Filling data...
Filling data...
Filling data...
Filling data...
Filling data...
Filling data...
Filling data...
Filling data...
Filling data...
Filling data...
Filling data...
Filling data...
Filling data...
Filling data...
Filling data...
Filling data...
Filling data...
Filling data...
Filling data...
Filling data...
Filling data...
Filling data...
Filling data...
Filling data...
Filling data...
Filling data...
Filling data...
Filling data...
Filling data...
Filling data...
Filling data...
Filling data...
Filling data...
Filling data...
Filling data...
Filling data...
Filling data...
Filling data...
Filling data...
Filling data...
Filling data...
Filling data...
Filling data...
Filling data...
Filling data...
Filling data...
Filling data...
Filling data...
Filling data...
Filling data...
Filling data...
Filling data...
Filling data...
Filling data...
Filling data...
Filling data...
Filling data...
Filling data...
Filling data...
Filling data...
Filling data...
Filling data...
Filling data...
Filling data...
Filling data...
Filling data...
Filling data...
Filling data...
Filling data...
Filling data...
Filling data...
Filling data...
Filling data...
Filling data...
Filling data...
Filling data...
Filling data...
Filling data...
Filling data...
Filling data...
Filling data...
Filling data...
Filling data...
Filling data...
Filling data...
Filling data...
Filling data...
Filling data...
Filling data...
Filling data...
Filling data...
Filling data...
Filling data...
Filling data...
Filling data...
Filling data...
Filling data...
Filling data...
Filling data...
Filling data...
Filling data...
Filling data...
Filling data...
Filling data...
Filling data...
Filling data...
Filling data...
Filling data...
Filling data...
Filling data...
Filling data...
Filling data...
Filling data...
Filling data...
Filling data...
Filling data...
Filling data...
Filling data...
Filling data...
Filling data...
Filling data...
Filling data...
Filling data...
Filling data...
Filling data...
Filling data...
Filling data...
Filling data...
Filling data...
Filling data...
Filling data...
Filling data...
Filling data...
Filling data...
Filling data...
Filling data...
Filling data...
Filling data...
Filling data...
Filling data...
Filling data...
Filling data...
Filling data...
Filling data...
Filling data...
Filling data...
Filling data...
Filling data...
Filling data...
Filling data...
Filling data...
Filling data...
Filling data...
Filling data...
Filling data...
Filling data...
Filling data...
Filling data...
Filling data...
Filling data...
Filling data...
Filling data...
Filling data...
Filling data...
Filling data...
Filling data...
Filling data...
Filling data...
Filling data...
Filling data...
Filling data...
Filling data...
Filling data...
Filling data...
Filling data...
Filling data...
Filling data...
Filling data...
Filling data...
Filling data...
Filling data...
Filling data...
Filling data...
Filling data...
Filling data...
Filling data...
Filling data...
Filling data...
Filling data...
Filling data...
Filling data...
Doing warmup FFTs ...
Doing warmup FFTs ...
Doing warmup FFTs ...
Doing warmup FFTs ...
Doing warmup FFTs ...
Doing warmup FFTs ...
Doing warmup FFTs ...
Doing warmup FFTs ...
Doing warmup FFTs ...
Doing warmup FFTs ...
Doing warmup FFTs ...
Doing warmup FFTs ...
Doing warmup FFTs ...
Doing warmup FFTs ...
Doing warmup FFTs ...
Doing warmup FFTs ...
Doing warmup FFTs ...
Doing warmup FFTs ...
Doing warmup FFTs ...
Doing warmup FFTs ...
Doing warmup FFTs ...
Doing warmup FFTs ...
Doing warmup FFTs ...
Doing warmup FFTs ...
Doing warmup FFTs ...
Doing warmup FFTs ...
Doing warmup FFTs ...
Doing warmup FFTs ...
Doing warmup FFTs ...
Doing warmup FFTs ...
Doing warmup FFTs ...
Doing warmup FFTs ...
Doing warmup FFTs ...
Doing warmup FFTs ...
Doing warmup FFTs ...
Doing warmup FFTs ...
Doing warmup FFTs ...
Doing warmup FFTs ...
Doing warmup FFTs ...
Doing warmup FFTs ...
Doing warmup FFTs ...
Doing warmup FFTs ...
Doing warmup FFTs ...
Doing warmup FFTs ...
Doing warmup FFTs ...
Doing warmup FFTs ...
Doing warmup FFTs ...
Doing warmup FFTs ...
Doing warmup FFTs ...
Doing warmup FFTs ...
Doing warmup FFTs ...
Doing warmup FFTs ...
Doing warmup FFTs ...
Doing warmup FFTs ...
Doing warmup FFTs ...
Doing warmup FFTs ...
Doing warmup FFTs ...
Doing warmup FFTs ...
Doing warmup FFTs ...
Doing warmup FFTs ...
Doing warmup FFTs ...
Doing warmup FFTs ...
Doing warmup FFTs ...
Doing warmup FFTs ...
Doing warmup FFTs ...
Doing warmup FFTs ...
Doing warmup FFTs ...
Doing warmup FFTs ...
Doing warmup FFTs ...
Doing warmup FFTs ...
Doing warmup FFTs ...
Doing warmup FFTs ...
Doing warmup FFTs ...
Doing warmup FFTs ...
Doing warmup FFTs ...
Doing warmup FFTs ...
Doing warmup FFTs ...
Doing warmup FFTs ...
Doing warmup FFTs ...
Doing warmup FFTs ...
Doing warmup FFTs ...
Doing warmup FFTs ...
Doing warmup FFTs ...
Doing warmup FFTs ...
Doing warmup FFTs ...
Doing warmup FFTs ...
Doing warmup FFTs ...
Doing warmup FFTs ...
Doing warmup FFTs ...
Doing warmup FFTs ...
Doing warmup FFTs ...
Doing warmup FFTs ...
Doing warmup FFTs ...
Doing warmup FFTs ...
Doing warmup FFTs ...
Doing warmup FFTs ...
Doing warmup FFTs ...
Doing warmup FFTs ...
Doing warmup FFTs ...
Doing warmup FFTs ...
Doing warmup FFTs ...
Doing warmup FFTs ...
Doing warmup FFTs ...
Doing warmup FFTs ...
Doing warmup FFTs ...
Doing warmup FFTs ...
Doing warmup FFTs ...
Doing warmup FFTs ...
Doing warmup FFTs ...
Doing warmup FFTs ...
Doing warmup FFTs ...
Doing warmup FFTs ...
Doing warmup FFTs ...
Doing warmup FFTs ...
Doing warmup FFTs ...
Doing warmup FFTs ...
Doing warmup FFTs ...
Doing warmup FFTs ...
Doing warmup FFTs ...
Doing warmup FFTs ...
Doing warmup FFTs ...
Doing warmup FFTs ...
Doing warmup FFTs ...
Doing warmup FFTs ...
Doing warmup FFTs ...
Doing warmup FFTs ...
Doing warmup FFTs ...
Doing warmup FFTs ...
Doing warmup FFTs ...
Doing warmup FFTs ...
Doing warmup FFTs ...
Doing warmup FFTs ...
Doing warmup FFTs ...
Doing warmup FFTs ...
Doing warmup FFTs ...
Doing warmup FFTs ...
Doing warmup FFTs ...
Doing warmup FFTs ...
Doing warmup FFTs ...
Doing warmup FFTs ...
Doing warmup FFTs ...
Doing warmup FFTs ...
Doing warmup FFTs ...
Doing warmup FFTs ...
Doing warmup FFTs ...
Doing warmup FFTs ...
Doing warmup FFTs ...
Doing warmup FFTs ...
Doing warmup FFTs ...
Doing warmup FFTs ...
Doing warmup FFTs ...
Doing warmup FFTs ...
Doing warmup FFTs ...
Doing warmup FFTs ...
Doing warmup FFTs ...
Doing warmup FFTs ...
Doing warmup FFTs ...
Doing warmup FFTs ...
Doing warmup FFTs ...
Doing warmup FFTs ...
Doing warmup FFTs ...
Doing warmup FFTs ...
Doing warmup FFTs ...
Doing warmup FFTs ...
Doing warmup FFTs ...
Doing warmup FFTs ...
Doing warmup FFTs ...
Doing warmup FFTs ...
Doing warmup FFTs ...
Doing warmup FFTs ...
Doing warmup FFTs ...
Doing warmup FFTs ...
Doing warmup FFTs ...
Doing warmup FFTs ...
Doing warmup FFTs ...
Doing warmup FFTs ...
Doing warmup FFTs ...
Doing warmup FFTs ...
Doing warmup FFTs ...
Doing warmup FFTs ...
Doing warmup FFTs ...
Doing warmup FFTs ...
Doing warmup FFTs ...
Doing warmup FFTs ...
Doing warmup FFTs ...
Doing warmup FFTs ...
Doing warmup FFTs ...
Doing warmup FFTs ...
Doing warmup FFTs ...
Doing warmup FFTs ...
Doing warmup FFTs ...
Doing warmup FFTs ...
Doing warmup FFTs ...
Doing warmup FFTs ...
Doing warmup FFTs ...
Doing warmup FFTs ...
Doing warmup FFTs ...
Doing warmup FFTs ...
Doing warmup FFTs ...
Doing warmup FFTs ...
Doing warmup FFTs ...
Doing warmup FFTs ...
Doing warmup FFTs ...
Doing warmup FFTs ...
Doing warmup FFTs ...
Doing warmup FFTs ...
Doing warmup FFTs ...
Doing warmup FFTs ...
Doing warmup FFTs ...
Doing warmup FFTs ...
Doing warmup FFTs ...
Doing warmup FFTs ...
Doing warmup FFTs ...
Doing warmup FFTs ...
Doing warmup FFTs ...
Doing warmup FFTs ...
Doing warmup FFTs ...
Doing warmup FFTs ...
Doing warmup FFTs ...
Doing warmup FFTs ...
Doing warmup FFTs ...
Doing warmup FFTs ...
Doing warmup FFTs ...
Doing warmup FFTs ...
Doing warmup FFTs ...
Doing warmup FFTs ...
Doing warmup FFTs ...
Doing warmup FFTs ...
Doing warmup FFTs ...
Doing warmup FFTs ...
Doing warmup FFTs ...
Doing warmup FFTs ...
Doing warmup FFTs ...
Doing warmup FFTs ...
Doing warmup FFTs ...
Doing warmup FFTs ...
Doing warmup FFTs ...
Doing warmup FFTs ...
Doing warmup FFTs ...
Doing warmup FFTs ...
Doing warmup FFTs ...
Doing warmup FFTs ...
Doing warmup FFTs ...
Doing warmup FFTs ...
Doing warmup FFTs ...
Doing warmup FFTs ...
Doing warmup FFTs ...
Doing warmup FFTs ...
Doing warmup FFTs ...
Doing warmup FFTs ...
Doing warmup FFTs ...
Doing warmup FFTs ...
Doing warmup FFTs ...
Doing warmup FFTs ...
Doing warmup FFTs ...
Doing warmup FFTs ...
Doing warmup FFTs ...
Doing warmup FFTs ...
Doing warmup FFTs ...
Doing warmup FFTs ...
Doing warmup FFTs ...
Doing warmup FFTs ...
Doing warmup FFTs ...
Doing warmup FFTs ...
Doing warmup FFTs ...
Doing warmup FFTs ...
Doing warmup FFTs ...
Doing warmup FFTs ...
Doing warmup FFTs ...
Doing warmup FFTs ...
Doing warmup FFTs ...
Doing warmup FFTs ...
Doing warmup FFTs ...
Doing warmup FFTs ...
Doing warmup FFTs ...
Doing warmup FFTs ...
Doing warmup FFTs ...
Doing warmup FFTs ...
Doing warmup FFTs ...
Doing warmup FFTs ...
Doing warmup FFTs ...
Doing warmup FFTs ...
Doing warmup FFTs ...
Doing warmup FFTs ...
Doing warmup FFTs ...
Doing warmup FFTs ...
Doing warmup FFTs ...
Doing warmup FFTs ...
Doing warmup FFTs ...
Doing warmup FFTs ...
Doing warmup FFTs ...
Doing warmup FFTs ...
Doing warmup FFTs ...
Doing warmup FFTs ...
Doing warmup FFTs ...
Doing warmup FFTs ...
Doing warmup FFTs ...
Doing warmup FFTs ...
Doing warmup FFTs ...
Doing warmup FFTs ...
Doing warmup FFTs ...
Doing warmup FFTs ...
Doing warmup FFTs ...
Doing warmup FFTs ...
Doing warmup FFTs ...
Doing warmup FFTs ...
Doing warmup FFTs ...
Doing warmup FFTs ...
Doing warmup FFTs ...
Doing warmup FFTs ...
Doing warmup FFTs ...
Doing warmup FFTs ...
Doing warmup FFTs ...
Doing warmup FFTs ...
Doing warmup FFTs ...
Doing warmup FFTs ...
Doing warmup FFTs ...
Doing warmup FFTs ...
Doing warmup FFTs ...
Doing warmup FFTs ...
Doing warmup FFTs ...
Doing warmup FFTs ...
Doing warmup FFTs ...
Doing warmup FFTs ...
Doing warmup FFTs ...
Doing warmup FFTs ...
Doing warmup FFTs ...
Doing warmup FFTs ...
Doing warmup FFTs ...
Doing warmup FFTs ...
Doing warmup FFTs ...
Doing warmup FFTs ...
Doing warmup FFTs ...
Doing warmup FFTs ...
Doing warmup FFTs ...
Doing warmup FFTs ...
Doing warmup FFTs ...
Doing warmup FFTs ...
Doing warmup FFTs ...
Doing warmup FFTs ...
Doing warmup FFTs ...
Doing warmup FFTs ...
Doing warmup FFTs ...
Doing warmup FFTs ...
Doing warmup FFTs ...
Doing warmup FFTs ...
Doing warmup FFTs ...
Doing warmup FFTs ...
Doing warmup FFTs ...
Doing warmup FFTs ...
Doing warmup FFTs ...
Doing warmup FFTs ...
Doing warmup FFTs ...
Doing warmup FFTs ...
Doing warmup FFTs ...
Doing warmup FFTs ...
Doing warmup FFTs ...
Doing warmup FFTs ...
Doing warmup FFTs ...
Doing warmup FFTs ...
Doing warmup FFTs ...
Doing warmup FFTs ...
Doing warmup FFTs ...
Doing warmup FFTs ...
Doing warmup FFTs ...
Doing warmup FFTs ...
Doing warmup FFTs ...
Doing warmup FFTs ...
Doing warmup FFTs ...
Doing warmup FFTs ...
Doing warmup FFTs ...
Doing warmup FFTs ...
Doing warmup FFTs ...
Doing warmup FFTs ...
Doing warmup FFTs ...
Doing warmup FFTs ...
Doing warmup FFTs ...
Doing warmup FFTs ...
Doing warmup FFTs ...
Doing warmup FFTs ...
Doing warmup FFTs ...
Doing warmup FFTs ...
Doing warmup FFTs ...
Doing warmup FFTs ...
Doing warmup FFTs ...
Doing warmup FFTs ...
Doing warmup FFTs ...
Doing warmup FFTs ...
Doing warmup FFTs ...
Doing warmup FFTs ...
Doing warmup FFTs ...
Doing warmup FFTs ...
Doing warmup FFTs ...
Doing warmup FFTs ...
Doing warmup FFTs ...
Doing warmup FFTs ...
Doing warmup FFTs ...
Doing warmup FFTs ...
Doing warmup FFTs ...
Doing warmup FFTs ...
Doing warmup FFTs ...
Doing warmup FFTs ...
Doing warmup FFTs ...
Doing warmup FFTs ...
Doing warmup FFTs ...
Doing warmup FFTs ...
Doing warmup FFTs ...
Doing warmup FFTs ...
Doing warmup FFTs ...
Doing warmup FFTs ...
Doing warmup FFTs ...
Doing warmup FFTs ...
Doing warmup FFTs ...
Doing warmup FFTs ...
Doing warmup FFTs ...
Doing warmup FFTs ...
Doing warmup FFTs ...
Doing warmup FFTs ...
Doing warmup FFTs ...
Doing warmup FFTs ...
Doing warmup FFTs ...
Doing warmup FFTs ...
Doing warmup FFTs ...
Doing warmup FFTs ...
Doing warmup FFTs ...
Doing warmup FFTs ...
Doing warmup FFTs ...
Doing warmup FFTs ...
Doing warmup FFTs ...
Doing warmup FFTs ...
Doing warmup FFTs ...
Doing warmup FFTs ...
Doing warmup FFTs ...
Doing warmup FFTs ...
Doing warmup FFTs ...
Doing warmup FFTs ...
Doing warmup FFTs ...
Doing warmup FFTs ...
Doing warmup FFTs ...
Doing warmup FFTs ...
Doing warmup FFTs ...
Doing warmup FFTs ...
Doing warmup FFTs ...
Doing warmup FFTs ...
Doing warmup FFTs ...
Doing warmup FFTs ...
Doing warmup FFTs ...
Doing warmup FFTs ...
Doing warmup FFTs ...
Doing warmup FFTs ...
Doing warmup FFTs ...
Doing warmup FFTs ...
Doing warmup FFTs ...
Doing warmup FFTs ...
Doing warmup FFTs ...
Doing warmup FFTs ...
Doing warmup FFTs ...
Doing warmup FFTs ...
Doing warmup FFTs ...
Doing warmup FFTs ...
Doing warmup FFTs ...
Doing warmup FFTs ...
Doing warmup FFTs ...
Doing warmup FFTs ...
Doing warmup FFTs ...
Doing warmup FFTs ...
Doing warmup FFTs ...
Doing warmup FFTs ...
Doing warmup FFTs ...
Doing warmup FFTs ...
Doing warmup FFTs ...
Doing warmup FFTs ...
Doing warmup FFTs ...
Doing warmup FFTs ...
Doing warmup FFTs ...
Doing warmup FFTs ...
Doing warmup FFTs ...
Doing warmup FFTs ...
Doing warmup FFTs ...
Doing warmup FFTs ...
Doing warmup FFTs ...
Doing warmup FFTs ...
Doing warmup FFTs ...
Doing warmup FFTs ...
Doing warmup FFTs ...
Doing warmup FFTs ...
Doing warmup FFTs ...
Doing warmup FFTs ...
Doing warmup FFTs ...
Doing warmup FFTs ...
Doing warmup FFTs ...
Doing warmup FFTs ...
Doing warmup FFTs ...
Doing warmup FFTs ...
Doing warmup FFTs ...
Doing warmup FFTs ...
Doing warmup FFTs ...
Doing warmup FFTs ...
Doing warmup FFTs ...
Doing warmup FFTs ...
Doing warmup FFTs ...
Doing warmup FFTs ...
Doing warmup FFTs ...
Doing warmup FFTs ...
Doing warmup FFTs ...
Doing warmup FFTs ...
Doing warmup FFTs ...
Doing warmup FFTs ...
Doing warmup FFTs ...
Doing warmup FFTs ...
Doing warmup FFTs ...
Doing warmup FFTs ...
Doing warmup FFTs ...
Doing warmup FFTs ...
Doing warmup FFTs ...
Doing warmup FFTs ...
Doing warmup FFTs ...
Doing warmup FFTs ...
Doing warmup FFTs ...
Doing warmup FFTs ...
Doing warmup FFTs ...
Doing warmup FFTs ...
Doing warmup FFTs ...
Doing warmup FFTs ...
Doing warmup FFTs ...
Doing warmup FFTs ...
Doing warmup FFTs ...
Doing warmup FFTs ...
Doing warmup FFTs ...
Doing warmup FFTs ...
Doing warmup FFTs ...
Doing warmup FFTs ...
Doing warmup FFTs ...
Doing warmup FFTs ...
Doing warmup FFTs ...
Doing warmup FFTs ...
Doing warmup FFTs ...
Doing warmup FFTs ...
Doing warmup FFTs ...
Doing warmup FFTs ...
Doing warmup FFTs ...
Doing warmup FFTs ...
Doing warmup FFTs ...
Doing warmup FFTs ...
Doing warmup FFTs ...
Doing warmup FFTs ...
Doing warmup FFTs ...
Doing warmup FFTs ...
Doing warmup FFTs ...
Doing warmup FFTs ...
Doing warmup FFTs ...
Doing warmup FFTs ...
Doing warmup FFTs ...
Doing warmup FFTs ...
Doing warmup FFTs ...
Doing warmup FFTs ...
Doing warmup FFTs ...
Doing warmup FFTs ...
Doing warmup FFTs ...
Doing warmup FFTs ...
Doing warmup FFTs ...
Doing warmup FFTs ...
Doing warmup FFTs ...
Doing warmup FFTs ...
Doing warmup FFTs ...
Doing warmup FFTs ...
Doing warmup FFTs ...
Doing warmup FFTs ...
Doing warmup FFTs ...
Doing warmup FFTs ...
Doing warmup FFTs ...
Doing warmup FFTs ...
Doing warmup FFTs ...
Doing warmup FFTs ...
Doing warmup FFTs ...
Doing warmup FFTs ...
Doing warmup FFTs ...
Doing warmup FFTs ...
Doing warmup FFTs ...
Doing warmup FFTs ...
Doing warmup FFTs ...
Doing warmup FFTs ...
Doing warmup FFTs ...
Doing warmup FFTs ...
Doing warmup FFTs ...
Doing warmup FFTs ...
Doing warmup FFTs ...
Doing warmup FFTs ...
Doing warmup FFTs ...
Doing warmup FFTs ...
Doing warmup FFTs ...
Doing warmup FFTs ...
Doing warmup FFTs ...
Doing warmup FFTs ...
Doing warmup FFTs ...
Doing warmup FFTs ...
Doing warmup FFTs ...
Doing warmup FFTs ...
Doing warmup FFTs ...
Doing warmup FFTs ...
Doing warmup FFTs ...
Doing warmup FFTs ...
Doing warmup FFTs ...
Doing warmup FFTs ...
Doing warmup FFTs ...
Doing warmup FFTs ...
Doing warmup FFTs ...
Doing warmup FFTs ...
Doing warmup FFTs ...
Doing warmup FFTs ...
Doing warmup FFTs ...
Doing warmup FFTs ...
Doing warmup FFTs ...
Doing warmup FFTs ...
Doing warmup FFTs ...
Doing warmup FFTs ...
Doing warmup FFTs ...
Doing warmup FFTs ...
Doing warmup FFTs ...
Doing warmup FFTs ...
Doing warmup FFTs ...
Doing warmup FFTs ...
Doing warmup FFTs ...
Doing warmup FFTs ...
Doing warmup FFTs ...
Doing warmup FFTs ...
Doing warmup FFTs ...
Doing warmup FFTs ...
Doing warmup FFTs ...
Doing warmup FFTs ...
Doing warmup FFTs ...
Doing warmup FFTs ...
Doing warmup FFTs ...
Doing warmup FFTs ...
Doing warmup FFTs ...
Doing warmup FFTs ...
Doing warmup FFTs ...
Doing warmup FFTs ...
Doing warmup FFTs ...
Doing warmup FFTs ...
Doing warmup FFTs ...
Doing warmup FFTs ...
Doing warmup FFTs ...
Doing warmup FFTs ...
Doing warmup FFTs ...
Doing warmup FFTs ...
Doing warmup FFTs ...
Doing warmup FFTs ...
Doing warmup FFTs ...
Doing warmup FFTs ...
Doing warmup FFTs ...
Doing warmup FFTs ...
Doing warmup FFTs ...
Doing warmup FFTs ...
Doing warmup FFTs ...
Doing warmup FFTs ...
Doing warmup FFTs ...
Doing warmup FFTs ...
Doing warmup FFTs ...
Doing warmup FFTs ...
Doing warmup FFTs ...
Doing warmup FFTs ...
Doing warmup FFTs ...
Doing warmup FFTs ...
Doing warmup FFTs ...
Doing warmup FFTs ...
Doing warmup FFTs ...
Doing warmup FFTs ...
Doing warmup FFTs ...
Doing warmup FFTs ...
Doing warmup FFTs ...
Doing warmup FFTs ...
Doing warmup FFTs ...
Doing warmup FFTs ...
Doing warmup FFTs ...
Doing warmup FFTs ...
Doing warmup FFTs ...
Doing warmup FFTs ...
Doing warmup FFTs ...
Doing warmup FFTs ...
Doing warmup FFTs ...
Doing warmup FFTs ...
Doing warmup FFTs ...
Doing warmup FFTs ...
Doing warmup FFTs ...
Doing warmup FFTs ...
Doing warmup FFTs ...
Doing warmup FFTs ...
Doing warmup FFTs ...
Doing warmup FFTs ...
Doing warmup FFTs ...
Doing warmup FFTs ...
Doing warmup FFTs ...
Doing warmup FFTs ...
Doing warmup FFTs ...
Doing warmup FFTs ...
Doing warmup FFTs ...
Doing warmup FFTs ...
Doing warmup FFTs ...
Doing warmup FFTs ...
Doing warmup FFTs ...
Doing warmup FFTs ...
Doing warmup FFTs ...
Doing warmup FFTs ...
Doing warmup FFTs ...
Doing warmup FFTs ...
Doing warmup FFTs ...
Doing warmup FFTs ...
Doing warmup FFTs ...
Doing warmup FFTs ...
Doing warmup FFTs ...
Doing warmup FFTs ...
Doing warmup FFTs ...
Doing warmup FFTs ...
Doing warmup FFTs ...
Doing warmup FFTs ...
Doing warmup FFTs ...
Doing warmup FFTs ...
Doing warmup FFTs ...
Doing warmup FFTs ...
Doing warmup FFTs ...
Doing warmup FFTs ...
Doing warmup FFTs ...
Doing warmup FFTs ...
Doing warmup FFTs ...
Doing warmup FFTs ...
Doing warmup FFTs ...
Doing warmup FFTs ...
Doing warmup FFTs ...
Doing warmup FFTs ...
Doing warmup FFTs ...
Doing warmup FFTs ...
Doing warmup FFTs ...
Doing warmup FFTs ...
Doing warmup FFTs ...
Doing warmup FFTs ...
Doing warmup FFTs ...
Doing warmup FFTs ...
Doing warmup FFTs ...
Doing warmup FFTs ...
Doing warmup FFTs ...
Doing warmup FFTs ...
Doing warmup FFTs ...
Doing warmup FFTs ...
Doing warmup FFTs ...
Doing warmup FFTs ...
Doing warmup FFTs ...
Doing warmup FFTs ...
Doing warmup FFTs ...
Doing warmup FFTs ...
Doing warmup FFTs ...
Doing warmup FFTs ...
Doing warmup FFTs ...
Doing warmup FFTs ...
Doing warmup FFTs ...
Doing warmup FFTs ...
Doing warmup FFTs ...
Doing warmup FFTs ...
Doing warmup FFTs ...
Doing warmup FFTs ...
Doing warmup FFTs ...
Doing warmup FFTs ...
Doing warmup FFTs ...
Doing warmup FFTs ...
Doing warmup FFTs ...
Doing warmup FFTs ...
Doing warmup FFTs ...
Doing warmup FFTs ...
Doing warmup FFTs ...
Doing warmup FFTs ...
Doing warmup FFTs ...
Doing warmup FFTs ...
Doing warmup FFTs ...
Doing warmup FFTs ...
Doing warmup FFTs ...
Doing warmup FFTs ...
Doing warmup FFTs ...
Doing warmup FFTs ...
Doing warmup FFTs ...
Doing warmup FFTs ...
Doing warmup FFTs ...
Doing warmup FFTs ...
Doing warmup FFTs ...
Doing warmup FFTs ...
Doing warmup FFTs ...
Doing warmup FFTs ...
Doing warmup FFTs ...
Doing warmup FFTs ...
Doing warmup FFTs ...
Doing warmup FFTs ...
Doing warmup FFTs ...
Doing warmup FFTs ...
Doing warmup FFTs ...
Doing warmup FFTs ...
Doing warmup FFTs ...
Doing warmup FFTs ...
Doing warmup FFTs ...
Doing warmup FFTs ...
Doing warmup FFTs ...
Doing warmup FFTs ...
Doing warmup FFTs ...
Doing warmup FFTs ...
Doing warmup FFTs ...
Doing warmup FFTs ...
Doing warmup FFTs ...
Doing warmup FFTs ...
Doing warmup FFTs ...
Doing warmup FFTs ...
Doing warmup FFTs ...
Doing warmup FFTs ...
Doing warmup FFTs ...
Doing warmup FFTs ...
Doing warmup FFTs ...
Doing warmup FFTs ...
Doing warmup FFTs ...
Doing warmup FFTs ...
Doing warmup FFTs ...
Doing warmup FFTs ...
Doing warmup FFTs ...
Doing warmup FFTs ...
Doing warmup FFTs ...
Doing warmup FFTs ...
Doing warmup FFTs ...
Doing warmup FFTs ...
Doing warmup FFTs ...
Doing warmup FFTs ...
Doing warmup FFTs ...
Doing warmup FFTs ...
Doing warmup FFTs ...
Doing warmup FFTs ...
Doing warmup FFTs ...
Doing warmup FFTs ...
Doing warmup FFTs ...
Doing warmup FFTs ...
Doing warmup FFTs ...
Doing warmup FFTs ...
Doing warmup FFTs ...
Doing warmup FFTs ...
Doing warmup FFTs ...
Doing warmup FFTs ...
Doing warmup FFTs ...
Doing warmup FFTs ...
Doing warmup FFTs ...
Doing warmup FFTs ...
Doing warmup FFTs ...
Doing warmup FFTs ...
Doing warmup FFTs ...
Doing warmup FFTs ...
Doing warmup FFTs ...
Doing warmup FFTs ...
Doing warmup FFTs ...
Doing warmup FFTs ...
Doing warmup FFTs ...
Doing warmup FFTs ...
Doing warmup FFTs ...
Doing warmup FFTs ...
Doing warmup FFTs ...
Doing warmup FFTs ...
Doing warmup FFTs ...
Doing warmup FFTs ...
Doing warmup FFTs ...
Doing warmup FFTs ...
Doing warmup FFTs ...
Doing warmup FFTs ...
Doing warmup FFTs ...
Doing warmup FFTs ...
Doing warmup FFTs ...
Doing warmup FFTs ...
Doing warmup FFTs ...
Doing warmup FFTs ...
Doing warmup FFTs ...
Doing warmup FFTs ...
Doing warmup FFTs ...
Doing warmup FFTs ...
Doing warmup FFTs ...
Doing warmup FFTs ...
Doing warmup FFTs ...
Doing warmup FFTs ...
Doing warmup FFTs ...
Doing warmup FFTs ...
Doing warmup FFTs ...
Doing warmup FFTs ...
Doing warmup FFTs ...
Doing warmup FFTs ...
Doing warmup FFTs ...
Doing warmup FFTs ...
Doing warmup FFTs ...
Doing warmup FFTs ...
Doing warmup FFTs ...
Doing warmup FFTs ...
Doing warmup FFTs ...
Doing warmup FFTs ...
Doing warmup FFTs ...
Doing warmup FFTs ...
Doing warmup FFTs ...
Doing warmup FFTs ...
Doing warmup FFTs ...
Doing warmup FFTs ...
Doing warmup FFTs ...
Doing warmup FFTs ...
Doing warmup FFTs ...
Doing warmup FFTs ...
Doing warmup FFTs ...
Doing warmup FFTs ...
Doing warmup FFTs ...
Doing warmup FFTs ...
Doing warmup FFTs ...
Doing warmup FFTs ...
Doing warmup FFTs ...
Doing warmup FFTs ...
Doing warmup FFTs ...
Doing warmup FFTs ...
Doing warmup FFTs ...
Doing warmup FFTs ...
Doing warmup FFTs ...
Doing warmup FFTs ...
Doing warmup FFTs ...
Doing warmup FFTs ...
Doing warmup FFTs ...
Doing warmup FFTs ...
Doing warmup FFTs ...
Doing warmup FFTs ...
Doing warmup FFTs ...
Doing warmup FFTs ...
Doing warmup FFTs ...
Doing warmup FFTs ...
Doing warmup FFTs ...
Doing warmup FFTs ...
Doing warmup FFTs ...
Doing warmup FFTs ...
Doing warmup FFTs ...
Doing warmup FFTs ...
Doing warmup FFTs ...
Doing warmup FFTs ...
Doing warmup FFTs ...
Doing warmup FFTs ...
Doing warmup FFTs ...
Doing warmup FFTs ...
Doing warmup FFTs ...
Doing warmup FFTs ...
Doing warmup FFTs ...
Doing warmup FFTs ...
Doing warmup FFTs ...
Doing warmup FFTs ...
Doing warmup FFTs ...
Doing warmup FFTs ...
Doing warmup FFTs ...
Doing warmup FFTs ...
Doing warmup FFTs ...
Doing warmup FFTs ...
Doing warmup FFTs ...
Doing warmup FFTs ...
Doing warmup FFTs ...
Doing warmup FFTs ...
Doing warmup FFTs ...
Doing warmup FFTs ...
Doing warmup FFTs ...
Doing warmup FFTs ...
Doing warmup FFTs ...
Doing warmup FFTs ...
Doing warmup FFTs ...
Doing warmup FFTs ...
Doing warmup FFTs ...
Doing warmup FFTs ...
Doing warmup FFTs ...
Doing warmup FFTs ...
Doing warmup FFTs ...
Doing warmup FFTs ...
Doing warmup FFTs ...
Doing warmup FFTs ...
Doing warmup FFTs ...
Doing warmup FFTs ...
Doing warmup FFTs ...
Doing warmup FFTs ...
Doing warmup FFTs ...
Doing warmup FFTs ...
Doing warmup FFTs ...
Doing warmup FFTs ...
Doing warmup FFTs ...
Doing warmup FFTs ...
Doing warmup FFTs ...
Doing warmup FFTs ...
Doing warmup FFTs ...
Doing warmup FFTs ...
Doing warmup FFTs ...
Doing warmup FFTs ...
Doing warmup FFTs ...
Doing warmup FFTs ...
Doing warmup FFTs ...
Doing warmup FFTs ...
Doing warmup FFTs ...
Doing warmup FFTs ...
Doing warmup FFTs ...
Doing warmup FFTs ...
Doing warmup FFTs ...
Doing warmup FFTs ...
Doing warmup FFTs ...
Doing warmup FFTs ...
Doing warmup FFTs ...
Doing warmup FFTs ...
Doing warmup FFTs ...
Doing warmup FFTs ...
Doing warmup FFTs ...
Doing warmup FFTs ...
Doing warmup FFTs ...
Doing warmup FFTs ...
Doing warmup FFTs ...
Doing warmup FFTs ...
Doing warmup FFTs ...
Doing warmup FFTs ...
Doing warmup FFTs ...
Doing warmup FFTs ...
Doing warmup FFTs ...
Doing warmup FFTs ...
Doing warmup FFTs ...
Doing warmup FFTs ...
Doing warmup FFTs ...
Doing warmup FFTs ...
Doing warmup FFTs ...
Doing warmup FFTs ...
Doing warmup FFTs ...
Doing warmup FFTs ...
Doing warmup FFTs ...
Doing warmup FFTs ...
Doing warmup FFTs ...
Doing warmup FFTs ...
Doing warmup FFTs ...
Doing warmup FFTs ...
Doing warmup FFTs ...
Doing warmup FFTs ...
Doing warmup FFTs ...
Doing warmup FFTs ...
Doing warmup FFTs ...
Doing warmup FFTs ...
Doing warmup FFTs ...
Doing warmup FFTs ...
Doing warmup FFTs ...
Doing warmup FFTs ...
Doing warmup FFTs ...
Doing warmup FFTs ...
Doing warmup FFTs ...
Doing warmup FFTs ...
Doing warmup FFTs ...
Doing warmup FFTs ...
Doing warmup FFTs ...
Doing warmup FFTs ...
Doing warmup FFTs ...
Doing warmup FFTs ...
Doing warmup FFTs ...
Doing warmup FFTs ...
Doing warmup FFTs ...
Doing warmup FFTs ...
Doing warmup FFTs ...
Doing warmup FFTs ...
Doing warmup FFTs ...
Doing warmup FFTs ...
Doing warmup FFTs ...
Doing warmup FFTs ...
Doing warmup FFTs ...
Doing warmup FFTs ...
Doing warmup FFTs ...
Doing warmup FFTs ...
Doing warmup FFTs ...
Doing warmup FFTs ...
Doing warmup FFTs ...
Doing warmup FFTs ...
Doing warmup FFTs ...
Doing warmup FFTs ...
Doing warmup FFTs ...
Doing warmup FFTs ...
Doing warmup FFTs ...
Doing warmup FFTs ...
Doing warmup FFTs ...
Doing warmup FFTs ...
Doing warmup FFTs ...
Doing warmup FFTs ...
Doing warmup FFTs ...
Doing warmup FFTs ...
Doing warmup FFTs ...
Doing warmup FFTs ...
Doing warmup FFTs ...
Doing warmup FFTs ...
Doing warmup FFTs ...
Doing warmup FFTs ...
Doing warmup FFTs ...
Doing warmup FFTs ...
Doing warmup FFTs ...
Doing warmup FFTs ...
Doing warmup FFTs ...
Doing warmup FFTs ...
Doing warmup FFTs ...
Doing warmup FFTs ...
Doing warmup FFTs ...
Doing warmup FFTs ...
Doing warmup FFTs ...
Doing warmup FFTs ...
Doing warmup FFTs ...
Doing warmup FFTs ...
Doing warmup FFTs ...
Doing warmup FFTs ...
Doing warmup FFTs ...
Doing warmup FFTs ...
Doing warmup FFTs ...
Doing warmup FFTs ...
Doing warmup FFTs ...
Doing warmup FFTs ...
Doing warmup FFTs ...
Doing warmup FFTs ...
Doing warmup FFTs ...
Doing warmup FFTs ...
Doing warmup FFTs ...
Doing warmup FFTs ...
Doing warmup FFTs ...
Doing warmup FFTs ...
Doing warmup FFTs ...
Doing warmup FFTs ...
Doing warmup FFTs ...
Doing warmup FFTs ...
Doing warmup FFTs ...
Doing warmup FFTs ...
Doing warmup FFTs ...
Doing warmup FFTs ...
Doing warmup FFTs ...
Doing warmup FFTs ...
Doing warmup FFTs ...
Doing warmup FFTs ...
Doing warmup FFTs ...
Doing warmup FFTs ...
Doing warmup FFTs ...
Doing warmup FFTs ...
Doing warmup FFTs ...
Doing warmup FFTs ...
Doing warmup FFTs ...
Doing warmup FFTs ...
Doing warmup FFTs ...
Doing warmup FFTs ...
Doing warmup FFTs ...
Doing warmup FFTs ...
Doing warmup FFTs ...
Doing warmup FFTs ...
Doing warmup FFTs ...
Doing warmup FFTs ...
Doing warmup FFTs ...
Doing warmup FFTs ...
Doing warmup FFTs ...
Doing warmup FFTs ...
Doing warmup FFTs ...
Doing warmup FFTs ...
Doing warmup FFTs ...
Doing warmup FFTs ...
Doing warmup FFTs ...
Doing warmup FFTs ...
Doing warmup FFTs ...
Doing warmup FFTs ...
Doing warmup FFTs ...
Doing warmup FFTs ...
Doing warmup FFTs ...
Doing warmup FFTs ...
Doing warmup FFTs ...
Doing warmup FFTs ...
Doing warmup FFTs ...
Doing warmup FFTs ...
Doing warmup FFTs ...
Doing warmup FFTs ...
Doing warmup FFTs ...
Doing warmup FFTs ...
Doing warmup FFTs ...
Doing warmup FFTs ...
Doing warmup FFTs ...
Doing warmup FFTs ...
Doing warmup FFTs ...
Doing warmup FFTs ...
Doing warmup FFTs ...
Doing warmup FFTs ...
Doing warmup FFTs ...
Doing warmup FFTs ...
Doing warmup FFTs ...
Doing warmup FFTs ...
Doing warmup FFTs ...
Doing warmup FFTs ...
Doing warmup FFTs ...
Doing warmup FFTs ...
Doing warmup FFTs ...
Doing warmup FFTs ...
Doing warmup FFTs ...
Doing warmup FFTs ...
Doing warmup FFTs ...
Doing warmup FFTs ...
Doing warmup FFTs ...
Doing warmup FFTs ...
Doing warmup FFTs ...
Doing warmup FFTs ...
Doing warmup FFTs ...
Doing warmup FFTs ...
Doing warmup FFTs ...
Doing warmup FFTs ...
Doing warmup FFTs ...
Doing warmup FFTs ...
Doing warmup FFTs ...
Doing warmup FFTs ...
Doing warmup FFTs ...
Doing warmup FFTs ...
Doing warmup FFTs ...
Doing warmup FFTs ...
Doing warmup FFTs ...
Doing warmup FFTs ...
Doing warmup FFTs ...
Doing warmup FFTs ...
Doing warmup FFTs ...
Doing warmup FFTs ...
Doing warmup FFTs ...
Doing warmup FFTs ...
Doing warmup FFTs ...
Doing warmup FFTs ...
Doing warmup FFTs ...
Doing warmup FFTs ...
Doing warmup FFTs ...
Doing warmup FFTs ...
Doing warmup FFTs ...
Doing warmup FFTs ...
Doing warmup FFTs ...
Doing warmup FFTs ...
Doing warmup FFTs ...
Doing warmup FFTs ...
Doing warmup FFTs ...
Doing warmup FFTs ...
Doing warmup FFTs ...
Doing warmup FFTs ...
Doing warmup FFTs ...
Doing warmup FFTs ...
Doing warmup FFTs ...
Doing warmup FFTs ...
Doing warmup FFTs ...
Doing warmup FFTs ...
Doing warmup FFTs ...
Doing warmup FFTs ...
Doing warmup FFTs ...
Doing warmup FFTs ...
Doing warmup FFTs ...
Doing warmup FFTs ...
Doing warmup FFTs ...
Doing warmup FFTs ...
Doing warmup FFTs ...
Doing warmup FFTs ...
Doing warmup FFTs ...
Doing warmup FFTs ...
Doing warmup FFTs ...
Doing warmup FFTs ...
Doing warmup FFTs ...
Doing warmup FFTs ...
Doing warmup FFTs ...
Doing warmup FFTs ...
Doing warmup FFTs ...
Doing warmup FFTs ...
Doing warmup FFTs ...
Doing warmup FFTs ...
Doing warmup FFTs ...
Doing warmup FFTs ...
Doing warmup FFTs ...
Doing warmup FFTs ...
Doing warmup FFTs ...
Doing warmup FFTs ...
Doing warmup FFTs ...
Doing warmup FFTs ...
Doing warmup FFTs ...
Doing warmup FFTs ...
Doing warmup FFTs ...
Doing warmup FFTs ...
Doing warmup FFTs ...
Doing warmup FFTs ...
Doing warmup FFTs ...
Doing warmup FFTs ...
Doing warmup FFTs ...
Doing warmup FFTs ...
Doing warmup FFTs ...
Doing warmup FFTs ...
Doing warmup FFTs ...
Doing warmup FFTs ...
Doing warmup FFTs ...
Doing warmup FFTs ...
Doing warmup FFTs ...
Doing warmup FFTs ...
Doing warmup FFTs ...
Doing warmup FFTs ...
Doing warmup FFTs ...
Doing warmup FFTs ...
Doing warmup FFTs ...
Doing warmup FFTs ...
Doing warmup FFTs ...
Doing warmup FFTs ...
Doing warmup FFTs ...
Doing warmup FFTs ...
Doing warmup FFTs ...
Doing warmup FFTs ...
Doing warmup FFTs ...
Doing warmup FFTs ...
Doing warmup FFTs ...
Doing warmup FFTs ...
Doing warmup FFTs ...
Doing warmup FFTs ...
Doing warmup FFTs ...
Doing warmup FFTs ...
Doing warmup FFTs ...
Doing warmup FFTs ...
Doing warmup FFTs ...
Doing warmup FFTs ...
Doing warmup FFTs ...
Doing warmup FFTs ...
Doing warmup FFTs ...
Doing warmup FFTs ...
Doing warmup FFTs ...
Doing warmup FFTs ...
Doing warmup FFTs ...
Doing warmup FFTs ...
Doing warmup FFTs ...
Doing warmup FFTs ...
Doing warmup FFTs ...
Doing warmup FFTs ...
Doing warmup FFTs ...
Doing warmup FFTs ...
Doing warmup FFTs ...
Doing warmup FFTs ...
Doing warmup FFTs ...
Doing warmup FFTs ...
Doing warmup FFTs ...
Doing warmup FFTs ...
Doing warmup FFTs ...
Doing warmup FFTs ...
Doing warmup FFTs ...
Doing warmup FFTs ...
Doing warmup FFTs ...
Doing warmup FFTs ...
Doing warmup FFTs ...
Doing warmup FFTs ...
Doing warmup FFTs ...
Doing warmup FFTs ...
Doing warmup FFTs ...
Doing warmup FFTs ...
Doing warmup FFTs ...
Doing warmup FFTs ...
Doing warmup FFTs ...
Doing warmup FFTs ...
Doing warmup FFTs ...
Doing warmup FFTs ...
Doing warmup FFTs ...
Doing warmup FFTs ...
Doing warmup FFTs ...
Doing warmup FFTs ...
Doing warmup FFTs ...
Doing warmup FFTs ...
Doing warmup FFTs ...
Doing warmup FFTs ...
Doing warmup FFTs ...
Doing warmup FFTs ...
Doing warmup FFTs ...
Doing warmup FFTs ...
Doing warmup FFTs ...
Doing warmup FFTs ...
Doing warmup FFTs ...
Doing warmup FFTs ...
Doing warmup FFTs ...
Doing warmup FFTs ...
Doing warmup FFTs ...
Doing warmup FFTs ...
Doing warmup FFTs ...
Doing warmup FFTs ...
Doing warmup FFTs ...
Doing warmup FFTs ...
Doing warmup FFTs ...
Doing warmup FFTs ...
Doing warmup FFTs ...
Doing warmup FFTs ...
Doing warmup FFTs ...
Doing warmup FFTs ...
Doing warmup FFTs ...
Doing warmup FFTs ...
Doing warmup FFTs ...
Doing warmup FFTs ...
Doing warmup FFTs ...
Doing warmup FFTs ...
Doing warmup FFTs ...
Doing warmup FFTs ...
Doing warmup FFTs ...
Doing warmup FFTs ...
Doing warmup FFTs ...
Doing warmup FFTs ...
Doing warmup FFTs ...
Doing warmup FFTs ...
Doing warmup FFTs ...
Doing warmup FFTs ...
Doing warmup FFTs ...
Doing warmup FFTs ...
Doing warmup FFTs ...
Doing warmup FFTs ...
Doing warmup FFTs ...
Doing warmup FFTs ...
Doing warmup FFTs ...
Doing warmup FFTs ...
Doing warmup FFTs ...
Doing warmup FFTs ...
Doing warmup FFTs ...
Doing warmup FFTs ...
Doing warmup FFTs ...
Doing warmup FFTs ...
Doing warmup FFTs ...
Doing warmup FFTs ...
Doing warmup FFTs ...
Doing warmup FFTs ...
Doing warmup FFTs ...
Doing warmup FFTs ...
Doing warmup FFTs ...
Doing warmup FFTs ...
Doing warmup FFTs ...
Doing warmup FFTs ...
Doing warmup FFTs ...
Doing warmup FFTs ...
Doing warmup FFTs ...
Doing warmup FFTs ...
Doing warmup FFTs ...
Doing warmup FFTs ...
Doing warmup FFTs ...
Doing warmup FFTs ...
Doing warmup FFTs ...
Doing warmup FFTs ...
Doing warmup FFTs ...
Doing warmup FFTs ...
Doing warmup FFTs ...
Doing warmup FFTs ...
Doing warmup FFTs ...
Doing warmup FFTs ...
Doing warmup FFTs ...
Doing warmup FFTs ...
Doing warmup FFTs ...
Doing warmup FFTs ...
Doing warmup FFTs ...
Doing warmup FFTs ...
Doing warmup FFTs ...
Doing warmup FFTs ...
Doing warmup FFTs ...
Doing warmup FFTs ...
Doing warmup FFTs ...
Doing warmup FFTs ...
Doing warmup FFTs ...
Doing warmup FFTs ...
Doing warmup FFTs ...
Doing warmup FFTs ...
Doing warmup FFTs ...
Doing warmup FFTs ...
Doing warmup FFTs ...
Doing warmup FFTs ...
Doing warmup FFTs ...
Doing warmup FFTs ...
Doing warmup FFTs ...
Doing warmup FFTs ...
Doing warmup FFTs ...
Doing warmup FFTs ...
Doing warmup FFTs ...
Doing warmup FFTs ...
Doing warmup FFTs ...
Doing warmup FFTs ...
Doing warmup FFTs ...
Doing warmup FFTs ...
Doing warmup FFTs ...
Doing warmup FFTs ...
Doing warmup FFTs ...
Doing warmup FFTs ...
Doing warmup FFTs ...
Doing warmup FFTs ...
Doing warmup FFTs ...
Doing warmup FFTs ...
Doing warmup FFTs ...
Doing warmup FFTs ...
Doing warmup FFTs ...
Doing warmup FFTs ...
Doing warmup FFTs ...
Doing warmup FFTs ...
Doing warmup FFTs ...
Doing warmup FFTs ...
Doing warmup FFTs ...
Doing warmup FFTs ...
Doing warmup FFTs ...
Doing warmup FFTs ...
Doing warmup FFTs ...
Doing warmup FFTs ...
Doing warmup FFTs ...
Doing warmup FFTs ...
Doing warmup FFTs ...
Doing warmup FFTs ...
Doing warmup FFTs ...
Doing warmup FFTs ...
Doing warmup FFTs ...
Doing warmup FFTs ...
Doing warmup FFTs ...
Doing warmup FFTs ...
Doing warmup FFTs ...
Doing warmup FFTs ...
Doing warmup FFTs ...
Doing warmup FFTs ...
Doing warmup FFTs ...
Doing warmup FFTs ...
Doing warmup FFTs ...
Doing warmup FFTs ...
Doing warmup FFTs ...
Doing warmup FFTs ...
Doing warmup FFTs ...
Doing warmup FFTs ...
Doing warmup FFTs ...
Doing warmup FFTs ...
Doing warmup FFTs ...
Doing warmup FFTs ...
Doing warmup FFTs ...
Doing warmup FFTs ...
Doing warmup FFTs ...
Doing warmup FFTs ...
Doing warmup FFTs ...
Doing warmup FFTs ...
Doing warmup FFTs ...
Doing warmup FFTs ...
Doing warmup FFTs ...
Doing warmup FFTs ...
Doing warmup FFTs ...
Doing warmup FFTs ...
Doing warmup FFTs ...
Doing warmup FFTs ...
Doing warmup FFTs ...
Doing warmup FFTs ...
Doing warmup FFTs ...
Doing warmup FFTs ...
Doing warmup FFTs ...
Doing warmup FFTs ...
Doing warmup FFTs ...
Doing warmup FFTs ...
Doing warmup FFTs ...
Doing warmup FFTs ...
Doing warmup FFTs ...
Doing warmup FFTs ...
Doing warmup FFTs ...
Doing warmup FFTs ...
Doing warmup FFTs ...
Doing warmup FFTs ...
Doing warmup FFTs ...
Doing warmup FFTs ...
Doing warmup FFTs ...
Doing warmup FFTs ...
Doing warmup FFTs ...
Doing warmup FFTs ...
Doing warmup FFTs ...
Doing warmup FFTs ...
Doing warmup FFTs ...
Doing warmup FFTs ...
Doing warmup FFTs ...
Doing warmup FFTs ...
Doing warmup FFTs ...
Doing warmup FFTs ...
Doing warmup FFTs ...
Doing warmup FFTs ...
Doing warmup FFTs ...
Doing warmup FFTs ...
Doing warmup FFTs ...
Doing warmup FFTs ...
Doing warmup FFTs ...
Doing warmup FFTs ...
Doing warmup FFTs ...
Doing warmup FFTs ...
Doing warmup FFTs ...
Doing warmup FFTs ...
Doing warmup FFTs ...
Doing warmup FFTs ...
Doing warmup FFTs ...
Doing warmup FFTs ...
Doing warmup FFTs ...
Doing warmup FFTs ...
Doing warmup FFTs ...
Doing warmup FFTs ...
Doing warmup FFTs ...
Doing warmup FFTs ...
Doing warmup FFTs ...
Doing warmup FFTs ...
Doing warmup FFTs ...
Doing warmup FFTs ...
Doing warmup FFTs ...
Doing warmup FFTs ...
Doing warmup FFTs ...
Doing warmup FFTs ...
Doing warmup FFTs ...
Doing warmup FFTs ...
Doing warmup FFTs ...
Doing warmup FFTs ...
Doing warmup FFTs ...
Doing warmup FFTs ...
Doing warmup FFTs ...
Doing warmup FFTs ...
Doing warmup FFTs ...
Doing warmup FFTs ...
Doing warmup FFTs ...
Doing warmup FFTs ...
Doing warmup FFTs ...
Doing warmup FFTs ...
Doing warmup FFTs ...
Doing warmup FFTs ...
Doing warmup FFTs ...
Doing warmup FFTs ...
Doing warmup FFTs ...
Doing warmup FFTs ...
Doing warmup FFTs ...
Doing warmup FFTs ...
Doing warmup FFTs ...
Doing warmup FFTs ...
Doing warmup FFTs ...
Doing warmup FFTs ...
Doing warmup FFTs ...
Doing warmup FFTs ...
Doing warmup FFTs ...
Doing warmup FFTs ...
Doing warmup FFTs ...
Doing warmup FFTs ...
Doing warmup FFTs ...
Doing warmup FFTs ...
Doing warmup FFTs ...
Doing warmup FFTs ...
Doing warmup FFTs ...
Doing warmup FFTs ...
Doing warmup FFTs ...
Doing warmup FFTs ...
Doing warmup FFTs ...
Doing warmup FFTs ...
Doing warmup FFTs ...
Doing warmup FFTs ...
Doing warmup FFTs ...
Doing warmup FFTs ...
Doing warmup FFTs ...
Doing warmup FFTs ...
Doing warmup FFTs ...
Doing warmup FFTs ...
Doing warmup FFTs ...
Doing warmup FFTs ...
Doing warmup FFTs ...
Doing warmup FFTs ...
Doing warmup FFTs ...
Doing warmup FFTs ...
Doing warmup FFTs ...
Doing warmup FFTs ...
Doing warmup FFTs ...
Doing warmup FFTs ...
Doing warmup FFTs ...
Doing warmup FFTs ...
Doing warmup FFTs ...
Doing warmup FFTs ...
Doing warmup FFTs ...
Doing warmup FFTs ...
Doing warmup FFTs ...
Doing warmup FFTs ...
Doing warmup FFTs ...
Doing warmup FFTs ...
Doing warmup FFTs ...
Doing warmup FFTs ...
Doing warmup FFTs ...
Doing warmup FFTs ...
Doing warmup FFTs ...
Doing warmup FFTs ...
Doing warmup FFTs ...
Doing warmup FFTs ...
Doing warmup FFTs ...
Doing warmup FFTs ...
Doing warmup FFTs ...
Doing warmup FFTs ...
Doing warmup FFTs ...
Doing warmup FFTs ...
Doing warmup FFTs ...
Doing warmup FFTs ...
Doing warmup FFTs ...
Doing warmup FFTs ...
Doing warmup FFTs ...
Doing warmup FFTs ...
Doing warmup FFTs ...
Doing warmup FFTs ...
Doing warmup FFTs ...
Doing warmup FFTs ...
Doing warmup FFTs ...
Doing warmup FFTs ...
Doing warmup FFTs ...
Doing warmup FFTs ...
Doing warmup FFTs ...
Doing warmup FFTs ...
Doing warmup FFTs ...
Doing warmup FFTs ...
Doing warmup FFTs ...
Doing warmup FFTs ...
Doing warmup FFTs ...
Doing warmup FFTs ...
Doing warmup FFTs ...
Doing warmup FFTs ...
Doing warmup FFTs ...
Doing warmup FFTs ...
Doing warmup FFTs ...
Doing warmup FFTs ...
Doing warmup FFTs ...
Doing warmup FFTs ...
Doing warmup FFTs ...
Doing warmup FFTs ...
Doing warmup FFTs ...
Doing warmup FFTs ...
Doing warmup FFTs ...
Doing warmup FFTs ...
Doing warmup FFTs ...
Doing warmup FFTs ...
Doing warmup FFTs ...
Doing warmup FFTs ...
Doing warmup FFTs ...
Doing warmup FFTs ...
Doing warmup FFTs ...
Doing warmup FFTs ...
Doing warmup FFTs ...
Doing warmup FFTs ...
Doing warmup FFTs ...
Doing warmup FFTs ...
Doing warmup FFTs ...
Doing warmup FFTs ...
Doing warmup FFTs ...
Doing warmup FFTs ...
Doing warmup FFTs ...
Doing warmup FFTs ...
Doing warmup FFTs ...
Doing warmup FFTs ...
Doing warmup FFTs ...
Doing warmup FFTs ...
Doing warmup FFTs ...
Doing warmup FFTs ...
Doing warmup FFTs ...
Doing warmup FFTs ...
Doing warmup FFTs ...
Doing warmup FFTs ...
Doing warmup FFTs ...
Doing warmup FFTs ...
Doing warmup FFTs ...
Doing warmup FFTs ...
Doing warmup FFTs ...
Doing warmup FFTs ...
Doing warmup FFTs ...
Doing warmup FFTs ...
Doing warmup FFTs ...
Doing warmup FFTs ...
Doing warmup FFTs ...
Doing warmup FFTs ...
Doing warmup FFTs ...
Doing warmup FFTs ...
Doing warmup FFTs ...
Doing warmup FFTs ...
Doing warmup FFTs ...
Doing warmup FFTs ...
Doing warmup FFTs ...
Doing warmup FFTs ...
Doing warmup FFTs ...
Doing warmup FFTs ...
Doing warmup FFTs ...
Doing warmup FFTs ...
Doing warmup FFTs ...
Doing warmup FFTs ...
Doing warmup FFTs ...
Doing warmup FFTs ...
Doing warmup FFTs ...
Doing warmup FFTs ...
Doing warmup FFTs ...
Doing warmup FFTs ...
Doing warmup FFTs ...
Doing warmup FFTs ...
Doing warmup FFTs ...
Doing warmup FFTs ...
Doing warmup FFTs ...
Doing warmup FFTs ...
Doing warmup FFTs ...
Doing warmup FFTs ...
Doing warmup FFTs ...
Doing warmup FFTs ...
Doing warmup FFTs ...
Doing warmup FFTs ...
Doing warmup FFTs ...
Doing warmup FFTs ...
Doing warmup FFTs ...
Doing warmup FFTs ...
Doing warmup FFTs ...
Doing warmup FFTs ...
Doing warmup FFTs ...
Doing warmup FFTs ...
Doing warmup FFTs ...
Doing warmup FFTs ...
Doing warmup FFTs ...
Doing warmup FFTs ...
Doing warmup FFTs ...
Doing warmup FFTs ...
Doing warmup FFTs ...
Doing warmup FFTs ...
Doing warmup FFTs ...
Doing warmup FFTs ...
Doing warmup FFTs ...
Doing warmup FFTs ...
Doing warmup FFTs ...
Doing warmup FFTs ...
Doing warmup FFTs ...
Doing warmup FFTs ...
Doing warmup FFTs ...
Doing warmup FFTs ...
Doing warmup FFTs ...
Doing warmup FFTs ...
Doing warmup FFTs ...
Doing warmup FFTs ...
Doing warmup FFTs ...
Doing warmup FFTs ...
Doing warmup FFTs ...
Doing warmup FFTs ...
Doing warmup FFTs ...
Doing warmup FFTs ...
Doing warmup FFTs ...
Doing warmup FFTs ...
Doing warmup FFTs ...
Doing warmup FFTs ...
Doing warmup FFTs ...
Doing warmup FFTs ...
Doing warmup FFTs ...
Doing warmup FFTs ...
Doing warmup FFTs ...
Doing warmup FFTs ...
Doing warmup FFTs ...
Doing warmup FFTs ...
Doing warmup FFTs ...
Doing warmup FFTs ...
Doing warmup FFTs ...
Doing warmup FFTs ...
Doing warmup FFTs ...
Doing warmup FFTs ...
Doing warmup FFTs ...
Doing warmup FFTs ...
Doing warmup FFTs ...
Doing warmup FFTs ...
Doing warmup FFTs ...
Doing warmup FFTs ...
Doing warmup FFTs ...
Doing warmup FFTs ...
Doing warmup FFTs ...
Doing warmup FFTs ...
Doing warmup FFTs ...
Doing warmup FFTs ...
Doing warmup FFTs ...
Doing warmup FFTs ...
Doing warmup FFTs ...
Doing warmup FFTs ...
Doing warmup FFTs ...
Doing warmup FFTs ...
Doing warmup FFTs ...
Doing warmup FFTs ...
Doing warmup FFTs ...
Doing warmup FFTs ...
Doing warmup FFTs ...
Doing warmup FFTs ...
Doing warmup FFTs ...
Doing warmup FFTs ...
Doing warmup FFTs ...
Doing warmup FFTs ...
Doing warmup FFTs ...
Doing warmup FFTs ...
Doing warmup FFTs ...
Doing warmup FFTs ...
Doing warmup FFTs ...
Doing warmup FFTs ...
Doing warmup FFTs ...
Doing warmup FFTs ...
Doing warmup FFTs ...
Doing warmup FFTs ...
Doing warmup FFTs ...
Doing warmup FFTs ...
Doing warmup FFTs ...
Doing warmup FFTs ...
Doing warmup FFTs ...
Doing warmup FFTs ...
Doing warmup FFTs ...
Doing warmup FFTs ...
Doing warmup FFTs ...
Doing warmup FFTs ...
Doing warmup FFTs ...
Doing warmup FFTs ...
Doing warmup FFTs ...
Doing warmup FFTs ...
Doing warmup FFTs ...
Doing warmup FFTs ...
Doing warmup FFTs ...
Doing warmup FFTs ...
Doing warmup FFTs ...
Doing warmup FFTs ...
Doing warmup FFTs ...
Doing warmup FFTs ...
Doing warmup FFTs ...
Doing warmup FFTs ...
Doing warmup FFTs ...
Doing warmup FFTs ...
Doing warmup FFTs ...
Doing warmup FFTs ...
Doing warmup FFTs ...
Doing warmup FFTs ...
Doing warmup FFTs ...
Doing warmup FFTs ...
Doing warmup FFTs ...
Doing warmup FFTs ...
Doing warmup FFTs ...
Doing warmup FFTs ...
Doing warmup FFTs ...
Doing warmup FFTs ...
Doing warmup FFTs ...
Doing warmup FFTs ...
Doing warmup FFTs ...
Doing warmup FFTs ...
Doing warmup FFTs ...
Doing warmup FFTs ...
Doing warmup FFTs ...
Doing warmup FFTs ...
Doing warmup FFTs ...
Doing warmup FFTs ...
Doing warmup FFTs ...
Doing warmup FFTs ...
Doing warmup FFTs ...
Doing warmup FFTs ...
Doing warmup FFTs ...
Doing warmup FFTs ...
Doing warmup FFTs ...
Doing warmup FFTs ...
Doing warmup FFTs ...
Doing warmup FFTs ...
Doing warmup FFTs ...
Doing warmup FFTs ...
Doing warmup FFTs ...
Doing warmup FFTs ...
Doing warmup FFTs ...
Doing warmup FFTs ...
Doing warmup FFTs ...
Doing warmup FFTs ...
Doing warmup FFTs ...
Doing warmup FFTs ...
Doing warmup FFTs ...
Doing warmup FFTs ...
Doing warmup FFTs ...
Doing warmup FFTs ...
Doing warmup FFTs ...
Doing warmup FFTs ...
Doing warmup FFTs ...
Doing warmup FFTs ...
Doing warmup FFTs ...
Doing warmup FFTs ...
Doing warmup FFTs ...
Doing warmup FFTs ...
Doing warmup FFTs ...
Doing warmup FFTs ...
Doing warmup FFTs ...
Doing warmup FFTs ...
Doing warmup FFTs ...
Doing warmup FFTs ...
Doing warmup FFTs ...
Doing warmup FFTs ...
Doing warmup FFTs ...
Doing warmup FFTs ...
Doing warmup FFTs ...
Doing warmup FFTs ...
Doing warmup FFTs ...
Doing warmup FFTs ...
Doing warmup FFTs ...
Doing warmup FFTs ...
Doing warmup FFTs ...
Doing warmup FFTs ...
Doing warmup FFTs ...
Doing warmup FFTs ...
Doing warmup FFTs ...
Doing warmup FFTs ...
Doing warmup FFTs ...
Doing warmup FFTs ...
Doing warmup FFTs ...
Doing warmup FFTs ...
Doing warmup FFTs ...
Doing warmup FFTs ...
Doing warmup FFTs ...
Doing warmup FFTs ...
Doing warmup FFTs ...
Doing warmup FFTs ...
Doing warmup FFTs ...
Doing warmup FFTs ...
Doing warmup FFTs ...
Doing warmup FFTs ...
Doing warmup FFTs ...
Doing warmup FFTs ...
Doing warmup FFTs ...
Doing warmup FFTs ...
Doing warmup FFTs ...
Doing warmup FFTs ...
Doing warmup FFTs ...
Doing warmup FFTs ...
Doing warmup FFTs ...
Doing warmup FFTs ...
Doing warmup FFTs ...
Doing warmup FFTs ...
Doing warmup FFTs ...
Doing warmup FFTs ...
Doing warmup FFTs ...
Doing warmup FFTs ...
Doing warmup FFTs ...
Doing warmup FFTs ...
Doing warmup FFTs ...
Doing warmup FFTs ...
Doing warmup FFTs ...
Doing warmup FFTs ...
Doing warmup FFTs ...
Doing warmup FFTs ...
Doing warmup FFTs ...
Doing warmup FFTs ...
Doing warmup FFTs ...
Doing warmup FFTs ...
Doing warmup FFTs ...
Doing warmup FFTs ...
Doing warmup FFTs ...
Doing warmup FFTs ...
Doing warmup FFTs ...
Doing warmup FFTs ...
Doing warmup FFTs ...
Doing warmup FFTs ...
Doing warmup FFTs ...
Doing warmup FFTs ...
Doing warmup FFTs ...
Doing warmup FFTs ...
Doing warmup FFTs ...
Doing warmup FFTs ...
Doing warmup FFTs ...
Doing warmup FFTs ...
Doing warmup FFTs ...
Doing warmup FFTs ...
Doing warmup FFTs ...
Doing warmup FFTs ...
Doing warmup FFTs ...
Doing warmup FFTs ...
Doing warmup FFTs ...
Doing warmup FFTs ...
Doing warmup FFTs ...
Doing warmup FFTs ...
Doing warmup FFTs ...
Doing warmup FFTs ...
Doing warmup FFTs ...
Doing warmup FFTs ...
Doing warmup FFTs ...
Doing warmup FFTs ...
Doing warmup FFTs ...
Doing warmup FFTs ...
Doing warmup FFTs ...
Doing warmup FFTs ...
Doing FFTs ...
Doing FFTs ...
Doing FFTs ...
Doing FFTs ...
Doing FFTs ...
Doing FFTs ...
Doing FFTs ...
Doing FFTs ...
Doing FFTs ...
Doing FFTs ...
Doing FFTs ...
Doing FFTs ...
Doing FFTs ...
Doing FFTs ...
Doing FFTs ...
Doing FFTs ...
Doing FFTs ...
Doing FFTs ...
Doing FFTs ...
Doing FFTs ...
Doing FFTs ...
Doing FFTs ...
Doing FFTs ...
Doing FFTs ...
Doing FFTs ...
Doing FFTs ...
Doing FFTs ...
Doing FFTs ...
Doing FFTs ...
Doing FFTs ...
Doing FFTs ...
Doing FFTs ...
Doing FFTs ...
Doing FFTs ...
Doing FFTs ...
Doing FFTs ...
Doing FFTs ...
Doing FFTs ...
Doing FFTs ...
Doing FFTs ...
Doing FFTs ...
Doing FFTs ...
Doing FFTs ...
Doing FFTs ...
Doing FFTs ...
Doing FFTs ...
Doing FFTs ...
Doing FFTs ...
Doing FFTs ...
Doing FFTs ...
Doing FFTs ...
Doing FFTs ...
Doing FFTs ...
Doing FFTs ...
Doing FFTs ...
Doing FFTs ...
Doing FFTs ...
Doing FFTs ...
Doing FFTs ...
Doing FFTs ...
Doing FFTs ...
Doing FFTs ...
Doing FFTs ...
Doing FFTs ...
Doing FFTs ...
Doing FFTs ...
Doing FFTs ...
Doing FFTs ...
Doing FFTs ...
Doing FFTs ...
Doing FFTs ...
Doing FFTs ...
Doing FFTs ...
Doing FFTs ...
Doing FFTs ...
Doing FFTs ...
Doing FFTs ...
Doing FFTs ...
Doing FFTs ...
Doing FFTs ...
Doing FFTs ...
Doing FFTs ...
Doing FFTs ...
Doing FFTs ...
Doing FFTs ...
Doing FFTs ...
Doing FFTs ...
Doing FFTs ...
Doing FFTs ...
Doing FFTs ...
Doing FFTs ...
Doing FFTs ...
Doing FFTs ...
Doing FFTs ...
Doing FFTs ...
Doing FFTs ...
Doing FFTs ...
Doing FFTs ...
Doing FFTs ...
Doing FFTs ...
Doing FFTs ...
Doing FFTs ...
Doing FFTs ...
Doing FFTs ...
Doing FFTs ...
Doing FFTs ...
Doing FFTs ...
Doing FFTs ...
Doing FFTs ...
Doing FFTs ...
Doing FFTs ...
Doing FFTs ...
Doing FFTs ...
Doing FFTs ...
Doing FFTs ...
Doing FFTs ...
Doing FFTs ...
Doing FFTs ...
Doing FFTs ...
Doing FFTs ...
Doing FFTs ...
Doing FFTs ...
Doing FFTs ...
Doing FFTs ...
Doing FFTs ...
Doing FFTs ...
Doing FFTs ...
Doing FFTs ...
Doing FFTs ...
Doing FFTs ...
Doing FFTs ...
Doing FFTs ...
Doing FFTs ...
Doing FFTs ...
Doing FFTs ...
Doing FFTs ...
Doing FFTs ...
Doing FFTs ...
Doing FFTs ...
Doing FFTs ...
Doing FFTs ...
Doing FFTs ...
Doing FFTs ...
Doing FFTs ...
Doing FFTs ...
Doing FFTs ...
Doing FFTs ...
Doing FFTs ...
Doing FFTs ...
Doing FFTs ...
Doing FFTs ...
Doing FFTs ...
Doing FFTs ...
Doing FFTs ...
Doing FFTs ...
Doing FFTs ...
Doing FFTs ...
Doing FFTs ...
Doing FFTs ...
Doing FFTs ...
Doing FFTs ...
Doing FFTs ...
Doing FFTs ...
Doing FFTs ...
Doing FFTs ...
Doing FFTs ...
Doing FFTs ...
Doing FFTs ...
Doing FFTs ...
Doing FFTs ...
Doing FFTs ...
Doing FFTs ...
Doing FFTs ...
Doing FFTs ...
Doing FFTs ...
Doing FFTs ...
Doing FFTs ...
Doing FFTs ...
Doing FFTs ...
Doing FFTs ...
Doing FFTs ...
Doing FFTs ...
Doing FFTs ...
Doing FFTs ...
Doing FFTs ...
Doing FFTs ...
Doing FFTs ...
Doing FFTs ...
Doing FFTs ...
Doing FFTs ...
Doing FFTs ...
Doing FFTs ...
Doing FFTs ...
Doing FFTs ...
Doing FFTs ...
Doing FFTs ...
Doing FFTs ...
Doing FFTs ...
Doing FFTs ...
Doing FFTs ...
Doing FFTs ...
Doing FFTs ...
Doing FFTs ...
Doing FFTs ...
Doing FFTs ...
Doing FFTs ...
Doing FFTs ...
Doing FFTs ...
Doing FFTs ...
Doing FFTs ...
Doing FFTs ...
Doing FFTs ...
Doing FFTs ...
Doing FFTs ...
Doing FFTs ...
Doing FFTs ...
Doing FFTs ...
Doing FFTs ...
Doing FFTs ...
Doing FFTs ...
Doing FFTs ...
Doing FFTs ...
Doing FFTs ...
Doing FFTs ...
Doing FFTs ...
Doing FFTs ...
Doing FFTs ...
Doing FFTs ...
Doing FFTs ...
Doing FFTs ...
Doing FFTs ...
Doing FFTs ...
Doing FFTs ...
Doing FFTs ...
Doing FFTs ...
Doing FFTs ...
Doing FFTs ...
Doing FFTs ...
Doing FFTs ...
Doing FFTs ...
Doing FFTs ...
Doing FFTs ...
Doing FFTs ...
Doing FFTs ...
Doing FFTs ...
Doing FFTs ...
Doing FFTs ...
Doing FFTs ...
Doing FFTs ...
Doing FFTs ...
Doing FFTs ...
Doing FFTs ...
Doing FFTs ...
Doing FFTs ...
Doing FFTs ...
Doing FFTs ...
Doing FFTs ...
Doing FFTs ...
Doing FFTs ...
Doing FFTs ...
Doing FFTs ...
Doing FFTs ...
Doing FFTs ...
Doing FFTs ...
Doing FFTs ...
Doing FFTs ...
Doing FFTs ...
Doing FFTs ...
Doing FFTs ...
Doing FFTs ...
Doing FFTs ...
Doing FFTs ...
Doing FFTs ...
Doing FFTs ...
Doing FFTs ...
Doing FFTs ...
Doing FFTs ...
Doing FFTs ...
Doing FFTs ...
Doing FFTs ...
Doing FFTs ...
Doing FFTs ...
Doing FFTs ...
Doing FFTs ...
Doing FFTs ...
Doing FFTs ...
Doing FFTs ...
Doing FFTs ...
Doing FFTs ...
Doing FFTs ...
Doing FFTs ...
Doing FFTs ...
Doing FFTs ...
Doing FFTs ...
Doing FFTs ...
Doing FFTs ...
Doing FFTs ...
Doing FFTs ...
Doing FFTs ...
Doing FFTs ...
Doing FFTs ...
Doing FFTs ...
Doing FFTs ...
Doing FFTs ...
Doing FFTs ...
Doing FFTs ...
Doing FFTs ...
Doing FFTs ...
Doing FFTs ...
Doing FFTs ...
Doing FFTs ...
Doing FFTs ...
Doing FFTs ...
Doing FFTs ...
Doing FFTs ...
Doing FFTs ...
Doing FFTs ...
Doing FFTs ...
Doing FFTs ...
Doing FFTs ...
Doing FFTs ...
Doing FFTs ...
Doing FFTs ...
Doing FFTs ...
Doing FFTs ...
Doing FFTs ...
Doing FFTs ...
Doing FFTs ...
Doing FFTs ...
Doing FFTs ...
Doing FFTs ...
Doing FFTs ...
Doing FFTs ...
Doing FFTs ...
Doing FFTs ...
Doing FFTs ...
Doing FFTs ...
Doing FFTs ...
Doing FFTs ...
Doing FFTs ...
Doing FFTs ...
Doing FFTs ...
Doing FFTs ...
Doing FFTs ...
Doing FFTs ...
Doing FFTs ...
Doing FFTs ...
Doing FFTs ...
Doing FFTs ...
Doing FFTs ...
Doing FFTs ...
Doing FFTs ...
Doing FFTs ...
Doing FFTs ...
Doing FFTs ...
Doing FFTs ...
Doing FFTs ...
Doing FFTs ...
Doing FFTs ...
Doing FFTs ...
Doing FFTs ...
Doing FFTs ...
Doing FFTs ...
Doing FFTs ...
Doing FFTs ...
Doing FFTs ...
Doing FFTs ...
Doing FFTs ...
Doing FFTs ...
Doing FFTs ...
Doing FFTs ...
Doing FFTs ...
Doing FFTs ...
Doing FFTs ...
Doing FFTs ...
Doing FFTs ...
Doing FFTs ...
Doing FFTs ...
Doing FFTs ...
Doing FFTs ...
Doing FFTs ...
Doing FFTs ...
Doing FFTs ...
Doing FFTs ...
Doing FFTs ...
Doing FFTs ...
Doing FFTs ...
Doing FFTs ...
Doing FFTs ...
Doing FFTs ...
Doing FFTs ...
Doing FFTs ...
Doing FFTs ...
Doing FFTs ...
Doing FFTs ...
Doing FFTs ...
Doing FFTs ...
Doing FFTs ...
Doing FFTs ...
Doing FFTs ...
Doing FFTs ...
Doing FFTs ...
Doing FFTs ...
Doing FFTs ...
Doing FFTs ...
Doing FFTs ...
Doing FFTs ...
Doing FFTs ...
Doing FFTs ...
Doing FFTs ...
Doing FFTs ...
Doing FFTs ...
Doing FFTs ...
Doing FFTs ...
Doing FFTs ...
Doing FFTs ...
Doing FFTs ...
Doing FFTs ...
Doing FFTs ...
Doing FFTs ...
Doing FFTs ...
Doing FFTs ...
Doing FFTs ...
Doing FFTs ...
Doing FFTs ...
Doing FFTs ...
Doing FFTs ...
Doing FFTs ...
Doing FFTs ...
Doing FFTs ...
Doing FFTs ...
Doing FFTs ...
Doing FFTs ...
Doing FFTs ...
Doing FFTs ...
Doing FFTs ...
Doing FFTs ...
Doing FFTs ...
Doing FFTs ...
Doing FFTs ...
Doing FFTs ...
Doing FFTs ...
Doing FFTs ...
Doing FFTs ...
Doing FFTs ...
Doing FFTs ...
Doing FFTs ...
Doing FFTs ...
Doing FFTs ...
Doing FFTs ...
Doing FFTs ...
Doing FFTs ...
Doing FFTs ...
Doing FFTs ...
Doing FFTs ...
Doing FFTs ...
Doing FFTs ...
Doing FFTs ...
Doing FFTs ...
Doing FFTs ...
Doing FFTs ...
Doing FFTs ...
Doing FFTs ...
Doing FFTs ...
Doing FFTs ...
Doing FFTs ...
Doing FFTs ...
Doing FFTs ...
Doing FFTs ...
Doing FFTs ...
Doing FFTs ...
Doing FFTs ...
Doing FFTs ...
Doing FFTs ...
Doing FFTs ...
Doing FFTs ...
Doing FFTs ...
Doing FFTs ...
Doing FFTs ...
Doing FFTs ...
Doing FFTs ...
Doing FFTs ...
Doing FFTs ...
Doing FFTs ...
Doing FFTs ...
Doing FFTs ...
Doing FFTs ...
Doing FFTs ...
Doing FFTs ...
Doing FFTs ...
Doing FFTs ...
Doing FFTs ...
Doing FFTs ...
Doing FFTs ...
Doing FFTs ...
Doing FFTs ...
Doing FFTs ...
Doing FFTs ...
Doing FFTs ...
Doing FFTs ...
Doing FFTs ...
Doing FFTs ...
Doing FFTs ...
Doing FFTs ...
Doing FFTs ...
Doing FFTs ...
Doing FFTs ...
Doing FFTs ...
Doing FFTs ...
Doing FFTs ...
Doing FFTs ...
Doing FFTs ...
Doing FFTs ...
Doing FFTs ...
Doing FFTs ...
Doing FFTs ...
Doing FFTs ...
Doing FFTs ...
Doing FFTs ...
Doing FFTs ...
Doing FFTs ...
Doing FFTs ...
Doing FFTs ...
Doing FFTs ...
Doing FFTs ...
Doing FFTs ...
Doing FFTs ...
Doing FFTs ...
Doing FFTs ...
Doing FFTs ...
Doing FFTs ...
Doing FFTs ...
Doing FFTs ...
Doing FFTs ...
Doing FFTs ...
Doing FFTs ...
Doing FFTs ...
Doing FFTs ...
Doing FFTs ...
Doing FFTs ...
Doing FFTs ...
Doing FFTs ...
Doing FFTs ...
Doing FFTs ...
Doing FFTs ...
Doing FFTs ...
Doing FFTs ...
Doing FFTs ...
Doing FFTs ...
Doing FFTs ...
Doing FFTs ...
Doing FFTs ...
Doing FFTs ...
Doing FFTs ...
Doing FFTs ...
Doing FFTs ...
Doing FFTs ...
Doing FFTs ...
Doing FFTs ...
Doing FFTs ...
Doing FFTs ...
Doing FFTs ...
Doing FFTs ...
Doing FFTs ...
Doing FFTs ...
Doing FFTs ...
Doing FFTs ...
Doing FFTs ...
Doing FFTs ...
Doing FFTs ...
Doing FFTs ...
Doing FFTs ...
Doing FFTs ...
Doing FFTs ...
Doing FFTs ...
Doing FFTs ...
Doing FFTs ...
Doing FFTs ...
Doing FFTs ...
Doing FFTs ...
Doing FFTs ...
Doing FFTs ...
Doing FFTs ...
Doing FFTs ...
Doing FFTs ...
Doing FFTs ...
Doing FFTs ...
Doing FFTs ...
Doing FFTs ...
Doing FFTs ...
Doing FFTs ...
Doing FFTs ...
Doing FFTs ...
Doing FFTs ...
Doing FFTs ...
Doing FFTs ...
Doing FFTs ...
Doing FFTs ...
Doing FFTs ...
Doing FFTs ...
Doing FFTs ...
Doing FFTs ...
Doing FFTs ...
Doing FFTs ...
Doing FFTs ...
Doing FFTs ...
Doing FFTs ...
Doing FFTs ...
Doing FFTs ...
Doing FFTs ...
Doing FFTs ...
Doing FFTs ...
Doing FFTs ...
Doing FFTs ...
Doing FFTs ...
Doing FFTs ...
Doing FFTs ...
Doing FFTs ...
Doing FFTs ...
Doing FFTs ...
Doing FFTs ...
Doing FFTs ...
Doing FFTs ...
Doing FFTs ...
Doing FFTs ...
Doing FFTs ...
Doing FFTs ...
Doing FFTs ...
Doing FFTs ...
Doing FFTs ...
Doing FFTs ...
Doing FFTs ...
Doing FFTs ...
Doing FFTs ...
Doing FFTs ...
Doing FFTs ...
Doing FFTs ...
Doing FFTs ...
Doing FFTs ...
Doing FFTs ...
Doing FFTs ...
Doing FFTs ...
Doing FFTs ...
Doing FFTs ...
Doing FFTs ...
Doing FFTs ...
Doing FFTs ...
Doing FFTs ...
Doing FFTs ...
Doing FFTs ...
Doing FFTs ...
Doing FFTs ...
Doing FFTs ...
Doing FFTs ...
Doing FFTs ...
Doing FFTs ...
Doing FFTs ...
Doing FFTs ...
Doing FFTs ...
Doing FFTs ...
Doing FFTs ...
Doing FFTs ...
Doing FFTs ...
Doing FFTs ...
Doing FFTs ...
Doing FFTs ...
Doing FFTs ...
Doing FFTs ...
Doing FFTs ...
Doing FFTs ...
Doing FFTs ...
Doing FFTs ...
Doing FFTs ...
Doing FFTs ...
Doing FFTs ...
Doing FFTs ...
Doing FFTs ...
Doing FFTs ...
Doing FFTs ...
Doing FFTs ...
Doing FFTs ...
Doing FFTs ...
Doing FFTs ...
Doing FFTs ...
Doing FFTs ...
Doing FFTs ...
Doing FFTs ...
Doing FFTs ...
Doing FFTs ...
Doing FFTs ...
Doing FFTs ...
Doing FFTs ...
Doing FFTs ...
Doing FFTs ...
Doing FFTs ...
Doing FFTs ...
Doing FFTs ...
Doing FFTs ...
Doing FFTs ...
Doing FFTs ...
Doing FFTs ...
Doing FFTs ...
Doing FFTs ...
Doing FFTs ...
Doing FFTs ...
Doing FFTs ...
Doing FFTs ...
Doing FFTs ...
Doing FFTs ...
Doing FFTs ...
Doing FFTs ...
Doing FFTs ...
Doing FFTs ...
Doing FFTs ...
Doing FFTs ...
Doing FFTs ...
Doing FFTs ...
Doing FFTs ...
Doing FFTs ...
Doing FFTs ...
Doing FFTs ...
Doing FFTs ...
Doing FFTs ...
Doing FFTs ...
Doing FFTs ...
Doing FFTs ...
Doing FFTs ...
Doing FFTs ...
Doing FFTs ...
Doing FFTs ...
Doing FFTs ...
Doing FFTs ...
Doing FFTs ...
Doing FFTs ...
Doing FFTs ...
Doing FFTs ...
Doing FFTs ...
Doing FFTs ...
Doing FFTs ...
Doing FFTs ...
Doing FFTs ...
Doing FFTs ...
Doing FFTs ...
Doing FFTs ...
Doing FFTs ...
Doing FFTs ...
Doing FFTs ...
Doing FFTs ...
Doing FFTs ...
Doing FFTs ...
Doing FFTs ...
Doing FFTs ...
Doing FFTs ...
Doing FFTs ...
Doing FFTs ...
Doing FFTs ...
Doing FFTs ...
Doing FFTs ...
Doing FFTs ...
Doing FFTs ...
Doing FFTs ...
Doing FFTs ...
Doing FFTs ...
Doing FFTs ...
Doing FFTs ...
Doing FFTs ...
Doing FFTs ...
Doing FFTs ...
Doing FFTs ...
Doing FFTs ...
Doing FFTs ...
Doing FFTs ...
Doing FFTs ...
Doing FFTs ...
Doing FFTs ...
Doing FFTs ...
Doing FFTs ...
Doing FFTs ...
Doing FFTs ...
Doing FFTs ...
Doing FFTs ...
Doing FFTs ...
Doing FFTs ...
Doing FFTs ...
Doing FFTs ...
Doing FFTs ...
Doing FFTs ...
Doing FFTs ...
Doing FFTs ...
Doing FFTs ...
Doing FFTs ...
Doing FFTs ...
Doing FFTs ...
Doing FFTs ...
Doing FFTs ...
Doing FFTs ...
Doing FFTs ...
Doing FFTs ...
Doing FFTs ...
Doing FFTs ...
Doing FFTs ...
Doing FFTs ...
Doing FFTs ...
Doing FFTs ...
Doing FFTs ...
Doing FFTs ...
Doing FFTs ...
Doing FFTs ...
Doing FFTs ...
Doing FFTs ...
Doing FFTs ...
Doing FFTs ...
Doing FFTs ...
Doing FFTs ...
Doing FFTs ...
Doing FFTs ...
Doing FFTs ...
Doing FFTs ...
Doing FFTs ...
Doing FFTs ...
Doing FFTs ...
Doing FFTs ...
Doing FFTs ...
Doing FFTs ...
Doing FFTs ...
Doing FFTs ...
Doing FFTs ...
Doing FFTs ...
Doing FFTs ...
Doing FFTs ...
Doing FFTs ...
Doing FFTs ...
Doing FFTs ...
Doing FFTs ...
Doing FFTs ...
Doing FFTs ...
Doing FFTs ...
Doing FFTs ...
Doing FFTs ...
Doing FFTs ...
Doing FFTs ...
Doing FFTs ...
Doing FFTs ...
Doing FFTs ...
Doing FFTs ...
Doing FFTs ...
Doing FFTs ...
Doing FFTs ...
Doing FFTs ...
Doing FFTs ...
Doing FFTs ...
Doing FFTs ...
Doing FFTs ...
Doing FFTs ...
Doing FFTs ...
Doing FFTs ...
Doing FFTs ...
Doing FFTs ...
Doing FFTs ...
Doing FFTs ...
Doing FFTs ...
Doing FFTs ...
Doing FFTs ...
Doing FFTs ...
Doing FFTs ...
Doing FFTs ...
Doing FFTs ...
Doing FFTs ...
Doing FFTs ...
Doing FFTs ...
Doing FFTs ...
Doing FFTs ...
Doing FFTs ...
Doing FFTs ...
Doing FFTs ...
Doing FFTs ...
Doing FFTs ...
Doing FFTs ...
Doing FFTs ...
Doing FFTs ...
Doing FFTs ...
Doing FFTs ...
Doing FFTs ...
Doing FFTs ...
Doing FFTs ...
Doing FFTs ...
Doing FFTs ...
Doing FFTs ...
Doing FFTs ...
Doing FFTs ...
Doing FFTs ...
Doing FFTs ...
Doing FFTs ...
Doing FFTs ...
Doing FFTs ...
Doing FFTs ...
Doing FFTs ...
Doing FFTs ...
Doing FFTs ...
Doing FFTs ...
Doing FFTs ...
Doing FFTs ...
Doing FFTs ...
Doing FFTs ...
Doing FFTs ...
Doing FFTs ...
Doing FFTs ...
Doing FFTs ...
Doing FFTs ...
Doing FFTs ...
Doing FFTs ...
Doing FFTs ...
Doing FFTs ...
Doing FFTs ...
Doing FFTs ...
Doing FFTs ...
Doing FFTs ...
Doing FFTs ...
Doing FFTs ...
Doing FFTs ...
Doing FFTs ...
Doing FFTs ...
Doing FFTs ...
Doing FFTs ...
Doing FFTs ...
Doing FFTs ...
Doing FFTs ...
Doing FFTs ...
Doing FFTs ...
Doing FFTs ...
Doing FFTs ...
Doing FFTs ...
Doing FFTs ...
Doing FFTs ...
Doing FFTs ...
Doing FFTs ...
Doing FFTs ...
Doing FFTs ...
Doing FFTs ...
Doing FFTs ...
Doing FFTs ...
Doing FFTs ...
Doing FFTs ...
Doing FFTs ...
Doing FFTs ...
Doing FFTs ...
Doing FFTs ...
Doing FFTs ...
Doing FFTs ...
Doing FFTs ...
Doing FFTs ...
Doing FFTs ...
Doing FFTs ...
Doing FFTs ...
Doing FFTs ...
Doing FFTs ...
Doing FFTs ...
Doing FFTs ...
Doing FFTs ...
Doing FFTs ...
Doing FFTs ...
Doing FFTs ...
Doing FFTs ...
Doing FFTs ...
Doing FFTs ...
Doing FFTs ...
Doing FFTs ...
Doing FFTs ...
Doing FFTs ...
Doing FFTs ...
Doing FFTs ...
Doing FFTs ...
Doing FFTs ...
Doing FFTs ...
Doing FFTs ...
Doing FFTs ...
Doing FFTs ...
Doing FFTs ...
Doing FFTs ...
Doing FFTs ...
Doing FFTs ...
Doing FFTs ...
Doing FFTs ...
Doing FFTs ...
Doing FFTs ...
Doing FFTs ...
Doing FFTs ...
Doing FFTs ...
Doing FFTs ...
Doing FFTs ...
Doing FFTs ...
Doing FFTs ...
Doing FFTs ...
Doing FFTs ...
Doing FFTs ...
Doing FFTs ...
Doing FFTs ...
Doing FFTs ...
Doing FFTs ...
Doing FFTs ...
Doing FFTs ...
Doing FFTs ...
Doing FFTs ...
Doing FFTs ...
Doing FFTs ...
Doing FFTs ...
Doing FFTs ...
Doing FFTs ...
Doing FFTs ...
Doing FFTs ...
Doing FFTs ...
Doing FFTs ...
Doing FFTs ...
Doing FFTs ...
Doing FFTs ...
Doing FFTs ...
Doing FFTs ...
Doing FFTs ...
Doing FFTs ...
Doing FFTs ...
Doing FFTs ...
Doing FFTs ...
Doing FFTs ...
Doing FFTs ...
Doing FFTs ...
Doing FFTs ...
Doing FFTs ...
Doing FFTs ...
Doing FFTs ...
Doing FFTs ...
Doing FFTs ...
Doing FFTs ...
Doing FFTs ...
Doing FFTs ...
Doing FFTs ...
Doing FFTs ...
Doing FFTs ...
Doing FFTs ...
Doing FFTs ...
Doing FFTs ...
Doing FFTs ...
Doing FFTs ...
Doing FFTs ...
Doing FFTs ...
Doing FFTs ...
Doing FFTs ...
Doing FFTs ...
Doing FFTs ...
Doing FFTs ...
Doing FFTs ...
Doing FFTs ...
Doing FFTs ...
Doing FFTs ...
Doing FFTs ...
Doing FFTs ...
Doing FFTs ...
Doing FFTs ...
Doing FFTs ...
Doing FFTs ...
Doing FFTs ...
Doing FFTs ...
Doing FFTs ...
Doing FFTs ...
Doing FFTs ...
Doing FFTs ...
Doing FFTs ...
Doing FFTs ...
Doing FFTs ...
Doing FFTs ...
Doing FFTs ...
Doing FFTs ...
Doing FFTs ...
Doing FFTs ...
Doing FFTs ...
Doing FFTs ...
Doing FFTs ...
Doing FFTs ...
Doing FFTs ...
Doing FFTs ...
Doing FFTs ...
Doing FFTs ...
Doing FFTs ...
Doing FFTs ...
Doing FFTs ...
Doing FFTs ...
Doing FFTs ...
Doing FFTs ...
Doing FFTs ...
Doing FFTs ...
Doing FFTs ...
Doing FFTs ...
Doing FFTs ...
Doing FFTs ...
Doing FFTs ...
Doing FFTs ...
Doing FFTs ...
Doing FFTs ...
Doing FFTs ...
Doing FFTs ...
Doing FFTs ...
Doing FFTs ...
Doing FFTs ...
Doing FFTs ...
Doing FFTs ...
Doing FFTs ...
Doing FFTs ...
Doing FFTs ...
Doing FFTs ...
Doing FFTs ...
Doing FFTs ...
Doing FFTs ...
Doing FFTs ...
Doing FFTs ...
Doing FFTs ...
Doing FFTs ...
Doing FFTs ...
Doing FFTs ...
Doing FFTs ...
Doing FFTs ...
Doing FFTs ...
Doing FFTs ...
Doing FFTs ...
Doing FFTs ...
Doing FFTs ...
Doing FFTs ...
Doing FFTs ...
Doing FFTs ...
Doing FFTs ...
Doing FFTs ...
Doing FFTs ...
Doing FFTs ...
Doing FFTs ...
Doing FFTs ...
Doing FFTs ...
Doing FFTs ...
Doing FFTs ...
Doing FFTs ...
Doing FFTs ...
Doing FFTs ...
Doing FFTs ...
Doing FFTs ...
Doing FFTs ...
Doing FFTs ...
Doing FFTs ...
Doing FFTs ...
Doing FFTs ...
Doing FFTs ...
Doing FFTs ...
Doing FFTs ...
Doing FFTs ...
Doing FFTs ...
Doing FFTs ...
Doing FFTs ...
Doing FFTs ...
Doing FFTs ...
Doing FFTs ...
Doing FFTs ...
Doing FFTs ...
Doing FFTs ...
Doing FFTs ...
Doing FFTs ...
Doing FFTs ...
Doing FFTs ...
Doing FFTs ...
Doing FFTs ...
Doing FFTs ...
Doing FFTs ...
Doing FFTs ...
Doing FFTs ...
Doing FFTs ...
Doing FFTs ...
Doing FFTs ...
Doing FFTs ...
Doing FFTs ...
Doing FFTs ...
Doing FFTs ...
Doing FFTs ...
Doing FFTs ...
Doing FFTs ...
Doing FFTs ...
Doing FFTs ...
Doing FFTs ...
Doing FFTs ...
Doing FFTs ...
Doing FFTs ...
Doing FFTs ...
Doing FFTs ...
Doing FFTs ...
Doing FFTs ...
Doing FFTs ...
Doing FFTs ...
Doing FFTs ...
Doing FFTs ...
Doing FFTs ...
Doing FFTs ...
Doing FFTs ...
Doing FFTs ...
Doing FFTs ...
Doing FFTs ...
Doing FFTs ...
Doing FFTs ...
Doing FFTs ...
Doing FFTs ...
Doing FFTs ...
Doing FFTs ...
Doing FFTs ...
Doing FFTs ...
Doing FFTs ...
Doing FFTs ...
Doing FFTs ...
Doing FFTs ...
Doing FFTs ...
Doing FFTs ...
Doing FFTs ...
Doing FFTs ...
Doing FFTs ...
Doing FFTs ...
Doing FFTs ...
Doing FFTs ...
Doing FFTs ...
Doing FFTs ...
Doing FFTs ...
Doing FFTs ...
Doing FFTs ...
Doing FFTs ...
Doing FFTs ...
Doing FFTs ...
Doing FFTs ...
Doing FFTs ...
Doing FFTs ...
Doing FFTs ...
Doing FFTs ...
Doing FFTs ...
Doing FFTs ...
Doing FFTs ...
Doing FFTs ...
Doing FFTs ...
Doing FFTs ...
Doing FFTs ...
Doing FFTs ...
Doing FFTs ...
Doing FFTs ...
Doing FFTs ...
Doing FFTs ...
Doing FFTs ...
Doing FFTs ...
Doing FFTs ...
Doing FFTs ...
Doing FFTs ...
Doing FFTs ...
Doing FFTs ...
Doing FFTs ...
Doing FFTs ...
Doing FFTs ...
Doing FFTs ...
Doing FFTs ...
Doing FFTs ...
Doing FFTs ...
Doing FFTs ...
Doing FFTs ...
Doing FFTs ...
Doing FFTs ...
Doing FFTs ...
Doing FFTs ...
Doing FFTs ...
Doing FFTs ...
Doing FFTs ...
Doing FFTs ...
Doing FFTs ...
Doing FFTs ...
Doing FFTs ...
Doing FFTs ...
Doing FFTs ...
Doing FFTs ...
Doing FFTs ...
Doing FFTs ...
Doing FFTs ...
Doing FFTs ...
Doing FFTs ...
Doing FFTs ...
Doing FFTs ...
Doing FFTs ...
Doing FFTs ...
Doing FFTs ...
Doing FFTs ...
Doing FFTs ...
Doing FFTs ...
Doing FFTs ...
Doing FFTs ...
Doing FFTs ...
Doing FFTs ...
Doing FFTs ...
Doing FFTs ...
Doing FFTs ...
Doing FFTs ...
Doing FFTs ...
Doing FFTs ...
Doing FFTs ...
Doing FFTs ...
Doing FFTs ...
Doing FFTs ...
Doing FFTs ...
Doing FFTs ...
Doing FFTs ...
Doing FFTs ...
Doing FFTs ...
Doing FFTs ...
Doing FFTs ...
Doing FFTs ...
Doing FFTs ...
Doing FFTs ...
Doing FFTs ...
Doing FFTs ...
Doing FFTs ...
Doing FFTs ...
Doing FFTs ...
Doing FFTs ...
Doing FFTs ...
Doing FFTs ...
Doing FFTs ...
Doing FFTs ...
Doing FFTs ...
Doing FFTs ...
Doing FFTs ...
Doing FFTs ...
Doing FFTs ...
Doing FFTs ...
Doing FFTs ...
Doing FFTs ...
Doing FFTs ...
Doing FFTs ...
Doing FFTs ...
Doing FFTs ...
Doing FFTs ...
Doing FFTs ...
Doing FFTs ...
Doing FFTs ...
Doing FFTs ...
Doing FFTs ...
Doing FFTs ...
Doing FFTs ...
Doing FFTs ...
Doing FFTs ...
Doing FFTs ...
Doing FFTs ...
Doing FFTs ...
Doing FFTs ...
Doing FFTs ...
Doing FFTs ...
Doing FFTs ...
Doing FFTs ...
Doing FFTs ...
Doing FFTs ...
Doing FFTs ...
Doing FFTs ...
Doing FFTs ...
Doing FFTs ...
Doing FFTs ...
Doing FFTs ...
Doing FFTs ...
Doing FFTs ...
Doing FFTs ...
Doing FFTs ...
Doing FFTs ...
Doing FFTs ...
Doing FFTs ...
Doing FFTs ...
Doing FFTs ...
Doing FFTs ...
Doing FFTs ...
Doing FFTs ...
Doing FFTs ...
Doing FFTs ...
Doing FFTs ...
Doing FFTs ...
Doing FFTs ...
Doing FFTs ...
Doing FFTs ...
Doing FFTs ...
Doing FFTs ...
Doing FFTs ...
Doing FFTs ...
Doing FFTs ...
Doing FFTs ...
Doing FFTs ...
Doing FFTs ...
Doing FFTs ...
Doing FFTs ...
Doing FFTs ...
Doing FFTs ...
Doing FFTs ...
Doing FFTs ...
Doing FFTs ...
Doing FFTs ...
Doing FFTs ...
Doing FFTs ...
Doing FFTs ...
Doing FFTs ...
Doing FFTs ...
Doing FFTs ...
Doing FFTs ...
Doing FFTs ...
Doing FFTs ...
Doing FFTs ...
Doing FFTs ...
Doing FFTs ...
Doing FFTs ...
Doing FFTs ...
Doing FFTs ...
Doing FFTs ...
Doing FFTs ...
Doing FFTs ...
Doing FFTs ...
Doing FFTs ...
Doing FFTs ...
Doing FFTs ...
Doing FFTs ...
Doing FFTs ...
Doing FFTs ...
Doing FFTs ...
Doing FFTs ...
Doing FFTs ...
Doing FFTs ...
Doing FFTs ...
Doing FFTs ...
Doing FFTs ...
Doing FFTs ...
Doing FFTs ...
Doing FFTs ...
Doing FFTs ...
Doing FFTs ...
Doing FFTs ...
Doing FFTs ...
Doing FFTs ...
Doing FFTs ...
Doing FFTs ...
Doing FFTs ...
Doing FFTs ...
Doing FFTs ...
Doing FFTs ...
Doing FFTs ...
Doing FFTs ...
Doing FFTs ...
Doing FFTs ...
Doing FFTs ...
Doing FFTs ...
Doing FFTs ...
Doing FFTs ...
Doing FFTs ...
Doing FFTs ...
Doing FFTs ...
Doing FFTs ...
Doing FFTs ...
Doing FFTs ...
Doing FFTs ...
Doing FFTs ...
Doing FFTs ...
Doing FFTs ...
Doing FFTs ...
Doing FFTs ...
Doing FFTs ...
Doing FFTs ...
Doing FFTs ...
Doing FFTs ...
Doing FFTs ...
Doing FFTs ...
Doing FFTs ...
Doing FFTs ...
Doing FFTs ...
Doing FFTs ...
Doing FFTs ...
Doing FFTs ...
Doing FFTs ...
Doing FFTs ...
Doing FFTs ...
Doing FFTs ...
Doing FFTs ...
Doing FFTs ...
Doing FFTs ...
Doing FFTs ...
Doing FFTs ...
Doing FFTs ...
Doing FFTs ...
Doing FFTs ...
Doing FFTs ...
Doing FFTs ...
Doing FFTs ...
Doing FFTs ...
Doing FFTs ...
Doing FFTs ...
Doing FFTs ...
Doing FFTs ...
Doing FFTs ...
Doing FFTs ...
Doing FFTs ...
Doing FFTs ...
Doing FFTs ...
Doing FFTs ...
Doing FFTs ...
Doing FFTs ...
Doing FFTs ...
Doing FFTs ...
Doing FFTs ...
Doing FFTs ...
Doing FFTs ...
Doing FFTs ...
Doing FFTs ...
Doing FFTs ...
Doing FFTs ...
Doing FFTs ...
Doing FFTs ...
Doing FFTs ...
Doing FFTs ...
Doing FFTs ...
Doing FFTs ...
Doing FFTs ...
Doing FFTs ...
Doing FFTs ...
Doing FFTs ...
Doing FFTs ...
Doing FFTs ...
Doing FFTs ...
Doing FFTs ...
Doing FFTs ...
Doing FFTs ...
Doing FFTs ...
Doing FFTs ...
Doing FFTs ...
Doing FFTs ...
Doing FFTs ...
Doing FFTs ...
Doing FFTs ...
Doing FFTs ...
Doing FFTs ...
Doing FFTs ...
Doing FFTs ...
Doing FFTs ...
Doing FFTs ...
Doing FFTs ...
Doing FFTs ...
Doing FFTs ...
Doing FFTs ...
Doing FFTs ...
Doing FFTs ...
Doing FFTs ...
Doing FFTs ...
Doing FFTs ...
Doing FFTs ...
Doing FFTs ...
Doing FFTs ...
Doing FFTs ...
Doing FFTs ...
Doing FFTs ...
Doing FFTs ...
Doing FFTs ...
Doing FFTs ...
Doing FFTs ...
Doing FFTs ...
Doing FFTs ...
Doing FFTs ...
Doing FFTs ...
Doing FFTs ...
Doing FFTs ...
Doing FFTs ...
Doing FFTs ...
Doing FFTs ...
Doing FFTs ...
Doing FFTs ...
Doing FFTs ...
Doing FFTs ...
Doing FFTs ...
Doing FFTs ...
Doing FFTs ...
Doing FFTs ...
Doing FFTs ...
Doing FFTs ...
Doing FFTs ...
Doing FFTs ...
Doing FFTs ...
Doing FFTs ...
Doing FFTs ...
Doing FFTs ...
Doing FFTs ...
Doing FFTs ...
Doing FFTs ...
Doing FFTs ...
Doing FFTs ...
Doing FFTs ...
Doing FFTs ...
Doing FFTs ...
Doing FFTs ...
Doing FFTs ...
Doing FFTs ...
Doing FFTs ...
Doing FFTs ...
Doing FFTs ...
Doing FFTs ...
Doing FFTs ...
Doing FFTs ...
Doing FFTs ...
Doing FFTs ...
Doing FFTs ...
Doing FFTs ...
Doing FFTs ...
Doing FFTs ...
Doing FFTs ...
Doing FFTs ...
Doing FFTs ...
Doing FFTs ...
Doing FFTs ...
Doing FFTs ...
Doing FFTs ...
Doing FFTs ...
Doing FFTs ...
Doing FFTs ...
Doing FFTs ...
Doing FFTs ...
Doing FFTs ...
Doing FFTs ...
Doing FFTs ...
Doing FFTs ...
Doing FFTs ...
Doing FFTs ...
Doing FFTs ...
Doing FFTs ...
Doing FFTs ...
Doing FFTs ...
Doing FFTs ...
Doing FFTs ...
Doing FFTs ...
Doing FFTs ...
Doing FFTs ...
Doing FFTs ...
Doing FFTs ...
Doing FFTs ...
Doing FFTs ...
Doing FFTs ...
Doing FFTs ...
Doing FFTs ...
Doing FFTs ...
Doing FFTs ...
Doing FFTs ...
Doing FFTs ...
Doing FFTs ...
Doing FFTs ...
Doing FFTs ...
Doing FFTs ...
Doing FFTs ...
Doing FFTs ...
Doing FFTs ...
Doing FFTs ...
Doing FFTs ...
Doing FFTs ...
Doing FFTs ...
Doing FFTs ...
Doing FFTs ...
Doing FFTs ...
Doing FFTs ...
Doing FFTs ...
Doing FFTs ...
Doing FFTs ...
Doing FFTs ...
Doing FFTs ...
Doing FFTs ...
Doing FFTs ...
Doing FFTs ...
Doing FFTs ...
Doing FFTs ...
Doing FFTs ...
Doing FFTs ...
Doing FFTs ...
Doing FFTs ...
Doing FFTs ...
Doing FFTs ...
Doing FFTs ...
Doing FFTs ...
Doing FFTs ...
Doing FFTs ...
Doing FFTs ...
Doing FFTs ...
Doing FFTs ...
Doing FFTs ...
Doing FFTs ...
Doing FFTs ...
Doing FFTs ...
Doing FFTs ...
Doing FFTs ...
Doing FFTs ...
Doing FFTs ...
Doing FFTs ...
Doing FFTs ...
Doing FFTs ...
Doing FFTs ...
Doing FFTs ...
Doing FFTs ...
Doing FFTs ...
Doing FFTs ...
Doing FFTs ...
Doing FFTs ...
Doing FFTs ...
Doing FFTs ...
Doing FFTs ...
Doing FFTs ...
Doing FFTs ...
Doing FFTs ...
Doing FFTs ...
Doing FFTs ...
Doing FFTs ...
Doing FFTs ...
Doing FFTs ...
Doing FFTs ...
Doing FFTs ...
Doing FFTs ...
Doing FFTs ...
Doing FFTs ...
Doing FFTs ...
Doing FFTs ...
Doing FFTs ...
Doing FFTs ...
Doing FFTs ...
Doing FFTs ...
Doing FFTs ...
Doing FFTs ...
Doing FFTs ...
Doing FFTs ...
Doing FFTs ...
Doing FFTs ...
Doing FFTs ...
Doing FFTs ...
Doing FFTs ...
Doing FFTs ...
Doing FFTs ...
Doing FFTs ...
Doing FFTs ...
Doing FFTs ...
Doing FFTs ...
Doing FFTs ...
Doing FFTs ...
Doing FFTs ...
Doing FFTs ...
Doing FFTs ...
Doing FFTs ...
Doing FFTs ...
Doing FFTs ...
Doing FFTs ...
Doing FFTs ...
Doing FFTs ...
Doing FFTs ...
Doing FFTs ...
Doing FFTs ...
Doing FFTs ...
Doing FFTs ...
Doing FFTs ...
Doing FFTs ...
Doing FFTs ...
Doing FFTs ...
Doing FFTs ...
Doing FFTs ...
Doing FFTs ...
Doing FFTs ...
Doing FFTs ...
Doing FFTs ...
Doing FFTs ...
Doing FFTs ...
Doing FFTs ...
Doing FFTs ...
Doing FFTs ...
Doing FFTs ...
Doing FFTs ...
Doing FFTs ...
Doing FFTs ...
Doing FFTs ...
Doing FFTs ...
Doing FFTs ...
Doing FFTs ...
Doing FFTs ...
Doing FFTs ...
Doing FFTs ...
Doing FFTs ...
Doing FFTs ...
Doing FFTs ...
Doing FFTs ...
Doing FFTs ...
Doing FFTs ...
Doing FFTs ...
Doing FFTs ...
Doing FFTs ...
Doing FFTs ...
Doing FFTs ...
Doing FFTs ...
Doing FFTs ...
Doing FFTs ...
Doing FFTs ...
Doing FFTs ...
Doing FFTs ...
Doing FFTs ...
Doing FFTs ...
Doing FFTs ...
Doing FFTs ...
Doing FFTs ...
Doing FFTs ...
Doing FFTs ...
Doing FFTs ...
Doing FFTs ...
Doing FFTs ...
Doing FFTs ...
Doing FFTs ...
Doing FFTs ...
Doing FFTs ...
Doing FFTs ...
Doing FFTs ...
Doing FFTs ...
Doing FFTs ...
Doing FFTs ...
Doing FFTs ...
Doing FFTs ...
Doing FFTs ...
Doing FFTs ...
Doing FFTs ...
Doing FFTs ...
Doing FFTs ...
Doing FFTs ...
Doing FFTs ...
Doing FFTs ...
Doing FFTs ...
Doing FFTs ...
Doing FFTs ...
Doing FFTs ...
Doing FFTs ...
Doing FFTs ...
Doing FFTs ...
Doing FFTs ...
Doing FFTs ...
Doing FFTs ...
Doing FFTs ...
Doing FFTs ...
Doing FFTs ...
Doing FFTs ...
Doing FFTs ...
Doing FFTs ...
Doing FFTs ...
Doing FFTs ...
Doing FFTs ...
Doing FFTs ...
Doing FFTs ...
Doing FFTs ...
Doing FFTs ...
Doing FFTs ...
Doing FFTs ...
Doing FFTs ...
Doing FFTs ...
Doing FFTs ...
Doing FFTs ...
Doing FFTs ...
Doing FFTs ...
Doing FFTs ...
Doing FFTs ...
Doing FFTs ...
Doing FFTs ...
Doing FFTs ...
Doing FFTs ...
Doing FFTs ...
Doing FFTs ...
Doing FFTs ...
Doing FFTs ...
Doing FFTs ...
Doing FFTs ...
Doing FFTs ...
Doing FFTs ...
Doing FFTs ...
Doing FFTs ...
Doing FFTs ...
Doing FFTs ...
Doing FFTs ...
Doing FFTs ...
Doing FFTs ...
Doing FFTs ...
Doing FFTs ...
Doing FFTs ...
Doing FFTs ...
Doing FFTs ...
Doing FFTs ...
Doing FFTs ...
Doing FFTs ...
Doing FFTs ...
Doing FFTs ...
Doing FFTs ...
Doing FFTs ...
Doing FFTs ...
Doing FFTs ...
Doing FFTs ...
Doing FFTs ...
Doing FFTs ...
Doing FFTs ...
Doing FFTs ...
Doing FFTs ...
Doing FFTs ...
Doing FFTs ...
Doing FFTs ...
Doing FFTs ...
Doing FFTs ...
Doing FFTs ...
Doing FFTs ...
Doing FFTs ...
Doing FFTs ...
Doing FFTs ...
Doing FFTs ...
Doing FFTs ...
Doing FFTs ...
Doing FFTs ...
Doing FFTs ...
Doing FFTs ...
Doing FFTs ...
Doing FFTs ...
Doing FFTs ...
Doing FFTs ...
Doing FFTs ...
Doing FFTs ...
Doing FFTs ...
Doing FFTs ...
Doing FFTs ...
Doing FFTs ...
Doing FFTs ...
Doing FFTs ...
Doing FFTs ...
Doing FFTs ...
Doing FFTs ...
Doing FFTs ...
Doing FFTs ...
Doing FFTs ...
Doing FFTs ...
Doing FFTs ...
Doing FFTs ...
Doing FFTs ...
Doing FFTs ...
Doing FFTs ...
Doing FFTs ...
Doing FFTs ...
Doing FFTs ...
Doing FFTs ...
Doing FFTs ...
Doing FFTs ...
Doing FFTs ...
Doing FFTs ...
Doing FFTs ...
Doing FFTs ...
Doing FFTs ...
Doing FFTs ...
Doing FFTs ...
Doing FFTs ...
Doing FFTs ...
Doing FFTs ...
Doing FFTs ...
Doing FFTs ...
Doing FFTs ...
Doing FFTs ...
Doing FFTs ...
Doing FFTs ...
Doing FFTs ...
Doing FFTs ...
Doing FFTs ...
Doing FFTs ...
Doing FFTs ...
Doing FFTs ...
Doing FFTs ...
Doing FFTs ...
Doing FFTs ...
Doing FFTs ...
Doing FFTs ...
Doing FFTs ...
Doing FFTs ...
Doing FFTs ...
Doing FFTs ...
Doing FFTs ...
Doing FFTs ...
Doing FFTs ...
Doing FFTs ...
Doing FFTs ...
Doing FFTs ...
Doing FFTs ...
Doing FFTs ...
Doing FFTs ...
Doing FFTs ...
Doing FFTs ...
Doing FFTs ...
Doing FFTs ...
Doing FFTs ...
Doing FFTs ...
Doing FFTs ...
Doing FFTs ...
Doing FFTs ...
Doing FFTs ...
Doing FFTs ...
Doing FFTs ...
Doing FFTs ...
Doing FFTs ...
Doing FFTs ...
Doing FFTs ...
Doing FFTs ...
Doing FFTs ...
Doing FFTs ...
Doing FFTs ...
Doing FFTs ...
Doing FFTs ...
Doing FFTs ...
Doing FFTs ...
Doing FFTs ...
Doing FFTs ...
Doing FFTs ...
Doing FFTs ...
Doing FFTs ...
Doing FFTs ...
Doing FFTs ...
Doing FFTs ...
Doing FFTs ...
Doing FFTs ...
Doing FFTs ...
Doing FFTs ...
Doing FFTs ...
Doing FFTs ...
Doing FFTs ...
Doing FFTs ...
Doing FFTs ...
Doing FFTs ...
Doing FFTs ...
Doing FFTs ...
Doing FFTs ...
Doing FFTs ...
Doing FFTs ...
Doing FFTs ...
Doing FFTs ...
Doing FFTs ...
Doing FFTs ...
Doing FFTs ...
Doing FFTs ...
Doing FFTs ...
Doing FFTs ...
Doing FFTs ...
Doing FFTs ...
Doing FFTs ...
Doing FFTs ...
Doing FFTs ...
Doing FFTs ...
Doing FFTs ...
Doing FFTs ...
Doing FFTs ...
Doing FFTs ...
Doing FFTs ...
Creating FFTW...
Creating FFTW...
Creating FFTW...
Creating FFTW...
Creating FFTW...
Creating FFTW...
Creating FFTW...
Creating FFTW...
Creating FFTW...
Creating FFTW...
Creating FFTW...
Creating FFTW...
Creating FFTW...
Creating FFTW...
Creating FFTW...
Creating FFTW...
Creating FFTW...
Creating FFTW...
Creating FFTW...
Creating FFTW...
Creating FFTW...
Creating FFTW...
Creating FFTW...
Creating FFTW...
Creating FFTW...
Creating FFTW...
Creating FFTW...
Creating FFTW...
Creating FFTW...
Creating FFTW...
Creating FFTW...
Creating FFTW...
Creating FFTW...
Creating FFTW...
Creating FFTW...
Creating FFTW...
Creating FFTW...
Creating FFTW...
Creating FFTW...
Creating FFTW...
Creating FFTW...
Creating FFTW...
Creating FFTW...
Creating FFTW...
Creating FFTW...
Creating FFTW...
Creating FFTW...
Filling data...
Creating FFTW...
Creating FFTW...
Creating FFTW...
Creating FFTW...
Filling data...
Creating FFTW...
Creating FFTW...
Creating FFTW...
Creating FFTW...
Creating FFTW...
Creating FFTW...
Filling data...
Creating FFTW...
Creating FFTW...
Creating FFTW...
Creating FFTW...
Creating FFTW...
Filling data...
Creating FFTW...
Filling data...
Creating FFTW...
Creating FFTW...
Creating FFTW...
Creating FFTW...
Creating FFTW...
Filling data...
Creating FFTW...
Creating FFTW...
Filling data...
Creating FFTW...
Creating FFTW...
Creating FFTW...
Creating FFTW...
Filling data...
Creating FFTW...
Filling data...
Creating FFTW...
Filling data...
Creating FFTW...
Creating FFTW...
Creating FFTW...
Filling data...
Creating FFTW...
Creating FFTW...
Filling data...
Creating FFTW...
Creating FFTW...
Creating FFTW...
Filling data...
Creating FFTW...
Creating FFTW...
Filling data...
Creating FFTW...
Creating FFTW...
Filling data...
Creating FFTW...
Creating FFTW...
Filling data...
Creating FFTW...
Filling data...
Creating FFTW...
Filling data...
Creating FFTW...
Creating FFTW...
Creating FFTW...
Filling data...
Creating FFTW...
Creating FFTW...
Filling data...
Creating FFTW...
Creating FFTW...
Creating FFTW...
Filling data...
Creating FFTW...
Creating FFTW...
Creating FFTW...
Creating FFTW...
Creating FFTW...
Creating FFTW...
Filling data...
Creating FFTW...
Creating FFTW...
Filling data...
Creating FFTW...
Creating FFTW...
Creating FFTW...
Filling data...
Creating FFTW...
Creating FFTW...
Filling data...
Creating FFTW...
Creating FFTW...
Creating FFTW...
Filling data...
Creating FFTW...
Creating FFTW...
Filling data...
Creating FFTW...
Creating FFTW...
Creating FFTW...
Creating FFTW...
Filling data...
Creating FFTW...
Filling data...
Creating FFTW...
Filling data...
Creating FFTW...
Creating FFTW...
Creating FFTW...
Filling data...
Creating FFTW...
Creating FFTW...
Filling data...
Creating FFTW...
Creating FFTW...
Creating FFTW...
Creating FFTW...
Filling data...
Creating FFTW...
Filling data...
Creating FFTW...
Creating FFTW...
Creating FFTW...
Creating FFTW...
Creating FFTW...
Filling data...
Creating FFTW...
Filling data...
Creating FFTW...
Creating FFTW...
Creating FFTW...
Filling data...
Creating FFTW...
Creating FFTW...
Creating FFTW...
Creating FFTW...
Creating FFTW...
Filling data...
Creating FFTW...
Filling data...
Creating FFTW...
Filling data...
Creating FFTW...
Creating FFTW...
Creating FFTW...
Creating FFTW...
Creating FFTW...
Creating FFTW...
Filling data...
Creating FFTW...
Creating FFTW...
Creating FFTW...
Filling data...
Creating FFTW...
Creating FFTW...
Creating FFTW...
Creating FFTW...
Creating FFTW...
Filling data...
Creating FFTW...
Creating FFTW...
Filling data...
Creating FFTW...
Creating FFTW...
Creating FFTW...
Filling data...
Creating FFTW...
Filling data...
Creating FFTW...
Filling data...
Creating FFTW...
Filling data...
Creating FFTW...
Creating FFTW...
Creating FFTW...
Filling data...
Creating FFTW...
Creating FFTW...
Creating FFTW...
Creating FFTW...
Creating FFTW...
Filling data...
Creating FFTW...
Creating FFTW...
Creating FFTW...
Creating FFTW...
Filling data...
Creating FFTW...
Filling data...
Creating FFTW...
Filling data...
Creating FFTW...
Filling data...
Creating FFTW...
Filling data...
Creating FFTW...
Creating FFTW...
Creating FFTW...
Filling data...
Creating FFTW...
Creating FFTW...
Creating FFTW...
Creating FFTW...
Filling data...
Creating FFTW...
Filling data...
Creating FFTW...
Creating FFTW...
Filling data...
Creating FFTW...
Creating FFTW...
Filling data...
Creating FFTW...
Filling data...
Creating FFTW...
Filling data...
Creating FFTW...
Filling data...
Creating FFTW...
Filling data...
Creating FFTW...
Creating FFTW...
Creating FFTW...
Filling data...
Creating FFTW...
Creating FFTW...
Creating FFTW...
Creating FFTW...
Creating FFTW...
Filling data...
Creating FFTW...
Creating FFTW...
Filling data...
Creating FFTW...
Creating FFTW...
Creating FFTW...
Filling data...
Creating FFTW...
Filling data...
Creating FFTW...
Filling data...
Creating FFTW...
Filling data...
Creating FFTW...
Creating FFTW...
Creating FFTW...
Filling data...
Creating FFTW...
Creating FFTW...
Filling data...
Creating FFTW...
Creating FFTW...
Creating FFTW...
Filling data...
Creating FFTW...
Creating FFTW...
Filling data...
Creating FFTW...
Creating FFTW...
Creating FFTW...
Filling data...
Creating FFTW...
Filling data...
Creating FFTW...
Filling data...
Creating FFTW...
Filling data...
Creating FFTW...
Creating FFTW...
Creating FFTW...
Filling data...
Creating FFTW...
Creating FFTW...
Filling data...
Creating FFTW...
Creating FFTW...
Creating FFTW...
Creating FFTW...
Creating FFTW...
Filling data...
Creating FFTW...
Creating FFTW...
Creating FFTW...
Filling data...
Creating FFTW...
Filling data...
Creating FFTW...
Creating FFTW...
Filling data...
Creating FFTW...
Creating FFTW...
Creating FFTW...
Filling data...
Creating FFTW...
Creating FFTW...
Filling data...
Creating FFTW...
Creating FFTW...
Creating FFTW...
Filling data...
Creating FFTW...
Creating FFTW...
Filling data...
Creating FFTW...
Filling data...
Creating FFTW...
Filling data...
Creating FFTW...
Filling data...
Creating FFTW...
Filling data...
Creating FFTW...
Filling data...
Filling data...
Creating FFTW...
Creating FFTW...
Filling data...
Creating FFTW...
Filling data...
Creating FFTW...
Creating FFTW...
Creating FFTW...
Creating FFTW...
Filling data...
Creating FFTW...
Creating FFTW...
Filling data...
Creating FFTW...
Filling data...
Creating FFTW...
Creating FFTW...
Filling data...
Creating FFTW...
Filling data...
Creating FFTW...
Filling data...
Creating FFTW...
Creating FFTW...
Creating FFTW...
Filling data...
Creating FFTW...
Creating FFTW...
Filling data...
Creating FFTW...
Creating FFTW...
Creating FFTW...
Filling data...
Creating FFTW...
Filling data...
Creating FFTW...
Filling data...
Creating FFTW...
Filling data...
Creating FFTW...
Filling data...
Creating FFTW...
Filling data...
Creating FFTW...
Filling data...
Creating FFTW...
Filling data...
Creating FFTW...
Creating FFTW...
Creating FFTW...
Filling data...
Creating FFTW...
Creating FFTW...
Filling data...
Creating FFTW...
Creating FFTW...
Creating FFTW...
Filling data...
Creating FFTW...
Filling data...
Creating FFTW...
Filling data...
Creating FFTW...
Filling data...
Creating FFTW...
Filling data...
Creating FFTW...
Filling data...
Creating FFTW...
Filling data...
Creating FFTW...
Filling data...
Filling data...
Creating FFTW...
Creating FFTW...
Filling data...
Creating FFTW...
Creating FFTW...
Filling data...
Creating FFTW...
Creating FFTW...
Creating FFTW...
Filling data...
Creating FFTW...
Creating FFTW...
Filling data...
Creating FFTW...
Filling data...
Creating FFTW...
Filling data...
Creating FFTW...
Filling data...
Creating FFTW...
Filling data...
Creating FFTW...
Filling data...
Creating FFTW...
Creating FFTW...
Filling data...
Creating FFTW...
Creating FFTW...
Filling data...
Creating FFTW...
Filling data...
Creating FFTW...
Filling data...
Creating FFTW...
Filling data...
Creating FFTW...
Filling data...
Creating FFTW...
Filling data...
Creating FFTW...
Filling data...
Creating FFTW...
Filling data...
Creating FFTW...
Filling data...
Creating FFTW...
Filling data...
Filling data...
Creating FFTW...
Creating FFTW...
Filling data...
Creating FFTW...
Filling data...
Creating FFTW...
Filling data...
Creating FFTW...
Creating FFTW...
Creating FFTW...
Filling data...
Creating FFTW...
Filling data...
Creating FFTW...
Filling data...
Creating FFTW...
Creating FFTW...
Filling data...
Creating FFTW...
Filling data...
Creating FFTW...
Filling data...
Creating FFTW...
Filling data...
Creating FFTW...
Creating FFTW...
Filling data...
Creating FFTW...
Filling data...
Creating FFTW...
Filling data...
Creating FFTW...
Creating FFTW...
Creating FFTW...
Filling data...
Creating FFTW...
Creating FFTW...
Creating FFTW...
Filling data...
Creating FFTW...
Filling data...
Creating FFTW...
Filling data...
Creating FFTW...
Filling data...
Creating FFTW...
Filling data...
Creating FFTW...
Creating FFTW...
Filling data...
Creating FFTW...
Filling data...
Creating FFTW...
Filling data...
Creating FFTW...
Creating FFTW...
Filling data...
Creating FFTW...
Filling data...
Filling data...
Filling data...
Filling data...
Filling data...
Creating FFTW...
Filling data...
Creating FFTW...
Filling data...
Creating FFTW...
Filling data...
Creating FFTW...
Filling data...
Creating FFTW...
Creating FFTW...
Filling data...
Creating FFTW...
Filling data...
Creating FFTW...
Filling data...
Creating FFTW...
Creating FFTW...
Filling data...
Creating FFTW...
Filling data...
Filling data...
Creating FFTW...
Filling data...
Filling data...
Creating FFTW...
Filling data...
Creating FFTW...
Filling data...
Creating FFTW...
Filling data...
Creating FFTW...
Filling data...
Creating FFTW...
Creating FFTW...
Filling data...
Creating FFTW...
Filling data...
Creating FFTW...
Filling data...
Creating FFTW...
Creating FFTW...
Creating FFTW...
Filling data...
Filling data...
Creating FFTW...
Creating FFTW...
Filling data...
Creating FFTW...
Filling data...
Creating FFTW...
Filling data...
Creating FFTW...
Filling data...
Creating FFTW...
Filling data...
Creating FFTW...
Creating FFTW...
Filling data...
Creating FFTW...
Filling data...
Creating FFTW...
Filling data...
Creating FFTW...
Filling data...
Creating FFTW...
Creating FFTW...
Filling data...
Creating FFTW...
Filling data...
Creating FFTW...
Filling data...
Filling data...
Creating FFTW...
Filling data...
Creating FFTW...
Filling data...
Creating FFTW...
Filling data...
Creating FFTW...
Filling data...
Creating FFTW...
Creating FFTW...
Filling data...
Creating FFTW...
Filling data...
Creating FFTW...
Filling data...
Creating FFTW...
Creating FFTW...
Creating FFTW...
Filling data...
Creating FFTW...
Creating FFTW...
Creating FFTW...
Filling data...
Creating FFTW...
Filling data...
Creating FFTW...
Filling data...
Creating FFTW...
Filling data...
Creating FFTW...
Filling data...
Creating FFTW...
Creating FFTW...
Filling data...
Creating FFTW...
Filling data...
Creating FFTW...
Filling data...
Creating FFTW...
Creating FFTW...
Creating FFTW...
Filling data...
Creating FFTW...
Filling data...
Creating FFTW...
Creating FFTW...
Filling data...
Creating FFTW...
Filling data...
Creating FFTW...
Filling data...
Creating FFTW...
Filling data...
Creating FFTW...
Filling data...
Creating FFTW...
Creating FFTW...
Filling data...
Creating FFTW...
Filling data...
Filling data...
Creating FFTW...
Filling data...
Creating FFTW...
Filling data...
Creating FFTW...
Filling data...
Creating FFTW...
Creating FFTW...
Creating FFTW...
Filling data...
Creating FFTW...
Creating FFTW...
Filling data...
Creating FFTW...
Filling data...
Creating FFTW...
Filling data...
Creating FFTW...
Creating FFTW...
Filling data...
Creating FFTW...
Filling data...
Filling data...
Creating FFTW...
Filling data...
Creating FFTW...
Filling data...
Creating FFTW...
Filling data...
Creating FFTW...
Filling data...
Creating FFTW...
Filling data...
Creating FFTW...
Filling data...
Creating FFTW...
Filling data...
Creating FFTW...
Creating FFTW...
Filling data...
Creating FFTW...
Creating FFTW...
Filling data...
Creating FFTW...
Filling data...
Filling data...
Creating FFTW...
Creating FFTW...
Creating FFTW...
Filling data...
Creating FFTW...
Filling data...
Creating FFTW...
Filling data...
Filling data...
Creating FFTW...
Creating FFTW...
Filling data...
Creating FFTW...
Creating FFTW...
Filling data...
Creating FFTW...
Creating FFTW...
Filling data...
Creating FFTW...
Filling data...
Creating FFTW...
Filling data...
Creating FFTW...
Filling data...
Filling data...
Creating FFTW...
Filling data...
Creating FFTW...
Filling data...
Creating FFTW...
Filling data...
Filling data...
Filling data...
Filling data...
Creating FFTW...
Filling data...
Filling data...
Creating FFTW...
Filling data...
Creating FFTW...
Creating FFTW...
Filling data...
Creating FFTW...
Filling data...
Filling data...
Creating FFTW...
Filling data...
Creating FFTW...
Filling data...
Creating FFTW...
Filling data...
Creating FFTW...
Filling data...
Filling data...
Filling data...
Creating FFTW...
Creating FFTW...
Filling data...
Creating FFTW...
Filling data...
Creating FFTW...
Filling data...
Creating FFTW...
Filling data...
Creating FFTW...
Filling data...
Filling data...
Creating FFTW...
Filling data...
Creating FFTW...
Filling data...
Creating FFTW...
Creating FFTW...
Filling data...
Filling data...
Creating FFTW...
Filling data...
Creating FFTW...
Creating FFTW...
Creating FFTW...
Filling data...
Creating FFTW...
Creating FFTW...
Creating FFTW...
Filling data...
Filling data...
Filling data...
Creating FFTW...
Creating FFTW...
Filling data...
Creating FFTW...
Filling data...
Creating FFTW...
Filling data...
Filling data...
Creating FFTW...
Creating FFTW...
Filling data...
Creating FFTW...
Filling data...
Creating FFTW...
Creating FFTW...
Creating FFTW...
Filling data...
Filling data...
Creating FFTW...
Filling data...
Creating FFTW...
Filling data...
Filling data...
Creating FFTW...
Filling data...
Filling data...
Filling data...
Filling data...
Creating FFTW...
Creating FFTW...
Creating FFTW...
Filling data...
Filling data...
Creating FFTW...
Creating FFTW...
Filling data...
Filling data...
Creating FFTW...
Filling data...
Creating FFTW...
Filling data...
Filling data...
Creating FFTW...
Creating FFTW...
Creating FFTW...
Filling data...
Creating FFTW...
Creating FFTW...
Creating FFTW...
Filling data...
Filling data...
Creating FFTW...
Creating FFTW...
Filling data...
Filling data...
Filling data...
Creating FFTW...
Filling data...
Filling data...
Creating FFTW...
Filling data...
Creating FFTW...
Creating FFTW...
Creating FFTW...
Creating FFTW...
Filling data...
Creating FFTW...
Filling data...
Filling data...
Creating FFTW...
Creating FFTW...
Filling data...
Filling data...
Creating FFTW...
Creating FFTW...
Filling data...
Creating FFTW...
Filling data...
Filling data...
Creating FFTW...
Creating FFTW...
Creating FFTW...
Filling data...
Filling data...
Filling data...
Filling data...
Creating FFTW...
Filling data...
Creating FFTW...
Filling data...
Filling data...
Creating FFTW...
Filling data...
Creating FFTW...
Filling data...
Creating FFTW...
Filling data...
Filling data...
Creating FFTW...
Creating FFTW...
Filling data...
Filling data...
Creating FFTW...
Creating FFTW...
Creating FFTW...
Filling data...
Filling data...
Creating FFTW...
Filling data...
Filling data...
Creating FFTW...
Filling data...
Creating FFTW...
Filling data...
Creating FFTW...
Creating FFTW...
Creating FFTW...
Creating FFTW...
Creating FFTW...
Creating FFTW...
Filling data...
Creating FFTW...
Filling data...
Filling data...
Creating FFTW...
Filling data...
Creating FFTW...
Filling data...
Creating FFTW...
Filling data...
Filling data...
Creating FFTW...
Filling data...
Filling data...
Creating FFTW...
Creating FFTW...
Filling data...
Creating FFTW...
Filling data...
Creating FFTW...
Creating FFTW...
Filling data...
Creating FFTW...
Filling data...
Filling data...
Creating FFTW...
Creating FFTW...
Creating FFTW...
Creating FFTW...
Creating FFTW...
Filling data...
Filling data...
Creating FFTW...
Filling data...
Creating FFTW...
Filling data...
Creating FFTW...
Creating FFTW...
Filling data...
Creating FFTW...
Filling data...
Filling data...
Creating FFTW...
Creating FFTW...
Creating FFTW...
Filling data...
Creating FFTW...
Filling data...
Filling data...
Creating FFTW...
Creating FFTW...
Creating FFTW...
Filling data...
Creating FFTW...
Creating FFTW...
Filling data...
Creating FFTW...
Filling data...
Filling data...
Creating FFTW...
Creating FFTW...
Creating FFTW...
Creating FFTW...
Creating FFTW...
Filling data...
Creating FFTW...
Creating FFTW...
Creating FFTW...
Creating FFTW...
Creating FFTW...
Creating FFTW...
Creating FFTW...
Creating FFTW...
Creating FFTW...
Filling data...
Creating FFTW...
Creating FFTW...
Creating FFTW...
Creating FFTW...
Creating FFTW...
Filling data...
Filling data...
Creating FFTW...
Filling data...
Creating FFTW...
Filling data...
Creating FFTW...
Filling data...
Creating FFTW...
Filling data...
Creating FFTW...
Filling data...
Creating FFTW...
Creating FFTW...
Creating FFTW...
Creating FFTW...
Filling data...
Creating FFTW...
Filling data...
Creating FFTW...
Creating FFTW...
Creating FFTW...
Creating FFTW...
Filling data...
Filling data...
Creating FFTW...
Filling data...
Creating FFTW...
Filling data...
Creating FFTW...
Creating FFTW...
Creating FFTW...
Creating FFTW...
Creating FFTW...
Filling data...
Creating FFTW...
Creating FFTW...
Filling data...
Creating FFTW...
Filling data...
Filling data...
Creating FFTW...
Filling data...
Filling data...
Creating FFTW...
Creating FFTW...
Creating FFTW...
Filling data...
Creating FFTW...
Filling data...
Creating FFTW...
Filling data...
Filling data...
Creating FFTW...
Creating FFTW...
Creating FFTW...
Creating FFTW...
Filling data...
Creating FFTW...
Filling data...
Creating FFTW...
Creating FFTW...
Creating FFTW...
Creating FFTW...
Creating FFTW...
Filling data...
Creating FFTW...
Creating FFTW...
Creating FFTW...
Filling data...
Creating FFTW...
Filling data...
Filling data...
Creating FFTW...
Filling data...
Filling data...
Creating FFTW...
Filling data...
Filling data...
Filling data...
Creating FFTW...
Creating FFTW...
Creating FFTW...
Creating FFTW...
Creating FFTW...
Filling data...
Creating FFTW...
Filling data...
Creating FFTW...
Filling data...
Filling data...
Creating FFTW...
Filling data...
Filling data...
Creating FFTW...
Filling data...
Creating FFTW...
Creating FFTW...
Creating FFTW...
Filling data...
Creating FFTW...
Creating FFTW...
Filling data...
Creating FFTW...
Creating FFTW...
Filling data...
Creating FFTW...
Creating FFTW...
Creating FFTW...
Filling data...
Creating FFTW...
Creating FFTW...
Filling data...
Creating FFTW...
Creating FFTW...
Creating FFTW...
Creating FFTW...
Filling data...
Creating FFTW...
Creating FFTW...
Filling data...
Creating FFTW...
Creating FFTW...
Creating FFTW...
Creating FFTW...
Filling data...
Creating FFTW...
Creating FFTW...
Filling data...
Filling data...
Creating FFTW...
Filling data...
Filling data...
Creating FFTW...
Filling data...
Creating FFTW...
Creating FFTW...
Filling data...
Creating FFTW...
Creating FFTW...
Creating FFTW...
Creating FFTW...
Filling data...
Creating FFTW...
Filling data...
Creating FFTW...
Filling data...
Filling data...
Creating FFTW...
Filling data...
Filling data...
Creating FFTW...
Filling data...
Creating FFTW...
Creating FFTW...
Filling data...
Creating FFTW...
Creating FFTW...
Creating FFTW...
Creating FFTW...
Creating FFTW...
Creating FFTW...
Creating FFTW...
Creating FFTW...
Filling data...
Filling data...
Filling data...
Creating FFTW...
Creating FFTW...
Filling data...
Creating FFTW...
Creating FFTW...
Creating FFTW...
Creating FFTW...
Filling data...
Creating FFTW...
Filling data...
Creating FFTW...
Filling data...
Filling data...
Creating FFTW...
Filling data...
Filling data...
Creating FFTW...
Creating FFTW...
Creating FFTW...
Filling data...
Creating FFTW...
Creating FFTW...
Creating FFTW...
Creating FFTW...
Filling data...
Creating FFTW...
Creating FFTW...
Filling data...
Creating FFTW...
Filling data...
Creating FFTW...
Creating FFTW...
Filling data...
Filling data...
Creating FFTW...
Creating FFTW...
Creating FFTW...
Creating FFTW...
Creating FFTW...
Creating FFTW...
Creating FFTW...
Creating FFTW...
Filling data...
Creating FFTW...
Creating FFTW...
Creating FFTW...
Filling data...
Creating FFTW...
Filling data...
Creating FFTW...
Filling data...
Creating FFTW...
Creating FFTW...
Creating FFTW...
Creating FFTW...
Creating FFTW...
Creating FFTW...
Creating FFTW...
Creating FFTW...
Creating FFTW...
Filling data...
Creating FFTW...
Creating FFTW...
Filling data...
Creating FFTW...
Filling data...
Creating FFTW...
Creating FFTW...
Creating FFTW...
Creating FFTW...
Creating FFTW...
Creating FFTW...
Creating FFTW...
Creating FFTW...
Creating FFTW...
Creating FFTW...
Filling data...
Creating FFTW...
Filling data...
Creating FFTW...
Creating FFTW...
Filling data...
Creating FFTW...
Filling data...
Creating FFTW...
Creating FFTW...
Creating FFTW...
Creating FFTW...
Filling data...
Creating FFTW...
Creating FFTW...
Filling data...
Filling data...
Creating FFTW...
Creating FFTW...
Creating FFTW...
Filling data...
Creating FFTW...
Filling data...
Creating FFTW...
Filling data...
Creating FFTW...
Creating FFTW...
Filling data...
Creating FFTW...
Filling data...
Creating FFTW...
Creating FFTW...
Creating FFTW...
Creating FFTW...
Creating FFTW...
Creating FFTW...
Creating FFTW...
Filling data...
Creating FFTW...
Filling data...
Creating FFTW...
Filling data...
Creating FFTW...
Creating FFTW...
Filling data...
Creating FFTW...
Creating FFTW...
Filling data...
Creating FFTW...
Filling data...
Filling data...
Creating FFTW...
Filling data...
Creating FFTW...
Creating FFTW...
Creating FFTW...
Filling data...
Creating FFTW...
Creating FFTW...
Filling data...
Creating FFTW...
Filling data...
Creating FFTW...
Creating FFTW...
Creating FFTW...
Creating FFTW...
Filling data...
Filling data...
Creating FFTW...
Creating FFTW...
Creating FFTW...
Creating FFTW...
Creating FFTW...
Creating FFTW...
Creating FFTW...
Creating FFTW...
Creating FFTW...
Creating FFTW...
Filling data...
Creating FFTW...
Filling data...
Creating FFTW...
Creating FFTW...
Filling data...
Creating FFTW...
Filling data...
Filling data...
Creating FFTW...
Creating FFTW...
Creating FFTW...
Creating FFTW...
Filling data...
Creating FFTW...
Creating FFTW...
Filling data...
Creating FFTW...
Creating FFTW...
Creating FFTW...
Creating FFTW...
Filling data...
Creating FFTW...
Creating FFTW...
Filling data...
Creating FFTW...
Filling data...
Creating FFTW...
Creating FFTW...
Creating FFTW...
Creating FFTW...
Filling data...
Creating FFTW...
Filling data...
Creating FFTW...
Creating FFTW...
Creating FFTW...
Creating FFTW...
Creating FFTW...
Creating FFTW...
Filling data...
Filling data...
Creating FFTW...
Filling data...
Creating FFTW...
Creating FFTW...
Filling data...
Creating FFTW...
Creating FFTW...
Creating FFTW...
Creating FFTW...
Creating FFTW...
Creating FFTW...
Creating FFTW...
Creating FFTW...
Filling data...
Creating FFTW...
Filling data...
Creating FFTW...
Creating FFTW...
Filling data...
Creating FFTW...
Filling data...
Creating FFTW...
Filling data...
Creating FFTW...
Filling data...
Creating FFTW...
Creating FFTW...
Filling data...
Creating FFTW...
Filling data...
Creating FFTW...
Creating FFTW...
Filling data...
Creating FFTW...
Filling data...
Creating FFTW...
Creating FFTW...
Creating FFTW...
Creating FFTW...
Creating FFTW...
Filling data...
Creating FFTW...
Filling data...
Creating FFTW...
Creating FFTW...
Creating FFTW...
Creating FFTW...
Filling data...
Creating FFTW...
Creating FFTW...
Filling data...
Creating FFTW...
Creating FFTW...
Creating FFTW...
Creating FFTW...
Filling data...
Creating FFTW...
Filling data...
Creating FFTW...
Creating FFTW...
Creating FFTW...
Creating FFTW...
Filling data...
Creating FFTW...
Creating FFTW...
Creating FFTW...
Creating FFTW...
Filling data...
Creating FFTW...
Creating FFTW...
Creating FFTW...
Creating FFTW...
Creating FFTW...
Filling data...
Creating FFTW...
Creating FFTW...
Creating FFTW...
Filling data...
Creating FFTW...
Filling data...
Filling data...
Creating FFTW...
Creating FFTW...
Creating FFTW...
Creating FFTW...
Filling data...
Creating FFTW...
Creating FFTW...
Creating FFTW...
Creating FFTW...
Creating FFTW...
Creating FFTW...
Creating FFTW...
Creating FFTW...
Creating FFTW...
Filling data...
Creating FFTW...
Filling data...
Creating FFTW...
Filling data...
Creating FFTW...
Creating FFTW...
Filling data...
Creating FFTW...
Filling data...
Creating FFTW...
Filling data...
Creating FFTW...
Filling data...
Creating FFTW...
Creating FFTW...
Filling data...
Creating FFTW...
Creating FFTW...
Filling data...
Creating FFTW...
Creating FFTW...
Filling data...
Creating FFTW...
Filling data...
Creating FFTW...
Creating FFTW...
Creating FFTW...
Creating FFTW...
Filling data...
Creating FFTW...
Creating FFTW...
Creating FFTW...
Creating FFTW...
Filling data...
Filling data...
Creating FFTW...
Creating FFTW...
Filling data...
Filling data...
Creating FFTW...
Creating FFTW...
Filling data...
Creating FFTW...
Creating FFTW...
Filling data...
Creating FFTW...
Creating FFTW...
Filling data...
Creating FFTW...
Creating FFTW...
Filling data...
Creating FFTW...
Creating FFTW...
Creating FFTW...
Filling data...
Creating FFTW...
Filling data...
Filling data...
Creating FFTW...
Creating FFTW...
Creating FFTW...
Filling data...
Creating FFTW...
Creating FFTW...
Filling data...
Creating FFTW...
Filling data...
Creating FFTW...
Filling data...
Creating FFTW...
Creating FFTW...
Creating FFTW...
Filling data...
Creating FFTW...
Filling data...
Creating FFTW...
Filling data...
Filling data...
Creating FFTW...
Creating FFTW...
Creating FFTW...
Filling data...
Creating FFTW...
Filling data...
Creating FFTW...
Creating FFTW...
Creating FFTW...
Filling data...
Creating FFTW...
Filling data...
Filling data...
Creating FFTW...
Filling data...
Creating FFTW...
Creating FFTW...
Filling data...
Creating FFTW...
Filling data...
Filling data...
Creating FFTW...
Filling data...
Creating FFTW...
Creating FFTW...
Filling data...
Creating FFTW...
Filling data...
Creating FFTW...
Creating FFTW...
Filling data...
Filling data...
Filling data...
Creating FFTW...
Filling data...
Creating FFTW...
Filling data...
Creating FFTW...
Creating FFTW...
Creating FFTW...
Creating FFTW...
Creating FFTW...
Creating FFTW...
Creating FFTW...
Filling data...
Filling data...
Creating FFTW...
Filling data...
Creating FFTW...
Filling data...
Filling data...
Filling data...
Filling data...
Creating FFTW...
Creating FFTW...
Filling data...
Creating FFTW...
Creating FFTW...
Filling data...
Creating FFTW...
Filling data...
Creating FFTW...
Creating FFTW...
Filling data...
Creating FFTW...
Creating FFTW...
Filling data...
Filling data...
Filling data...
Filling data...
Creating FFTW...
Filling data...
Creating FFTW...
Creating FFTW...
Creating FFTW...
Filling data...
Creating FFTW...
Filling data...
Creating FFTW...
Creating FFTW...
Filling data...
Creating FFTW...
Filling data...
Filling data...
Filling data...
Creating FFTW...
Filling data...
Creating FFTW...
Filling data...
Creating FFTW...
Creating FFTW...
Filling data...
Creating FFTW...
Creating FFTW...
Creating FFTW...
Creating FFTW...
Creating FFTW...
Filling data...
Creating FFTW...
Creating FFTW...
Filling data...
Filling data...
Creating FFTW...
Filling data...
Creating FFTW...
Filling data...
Creating FFTW...
Filling data...
Creating FFTW...
Filling data...
Creating FFTW...
Filling data...
Creating FFTW...
Creating FFTW...
Creating FFTW...
Filling data...
Creating FFTW...
Creating FFTW...
Creating FFTW...
Filling data...
Creating FFTW...
Creating FFTW...
Creating FFTW...
Filling data...
Creating FFTW...
Filling data...
Filling data...
Creating FFTW...
Filling data...
Filling data...
Filling data...
Creating FFTW...
Filling data...
Creating FFTW...
Filling data...
Creating FFTW...
Creating FFTW...
Filling data...
Creating FFTW...
Creating FFTW...
Filling data...
Filling data...
Creating FFTW...
Creating FFTW...
Creating FFTW...
Creating FFTW...
Filling data...
Filling data...
Filling data...
Filling data...
Filling data...
Creating FFTW...
Filling data...
Filling data...
Creating FFTW...
Filling data...
Creating FFTW...
Filling data...
Creating FFTW...
Filling data...
Creating FFTW...
Creating FFTW...
Creating FFTW...
Creating FFTW...
Creating FFTW...
Filling data...
Creating FFTW...
Filling data...
Creating FFTW...
Filling data...
Creating FFTW...
Creating FFTW...
Filling data...
Filling data...
Filling data...
Filling data...
Creating FFTW...
Creating FFTW...
Filling data...
Creating FFTW...
Filling data...
Creating FFTW...
Creating FFTW...
Creating FFTW...
Creating FFTW...
Filling data...
Creating FFTW...
Creating FFTW...
Filling data...
Creating FFTW...
Creating FFTW...
Filling data...
Creating FFTW...
Creating FFTW...
Creating FFTW...
Creating FFTW...
Filling data...
Creating FFTW...
Filling data...
Creating FFTW...
Filling data...
Creating FFTW...
Filling data...
Filling data...
Filling data...
Creating FFTW...
Filling data...
Filling data...
Filling data...
Creating FFTW...
Creating FFTW...
Filling data...
Creating FFTW...
Creating FFTW...
Filling data...
Creating FFTW...
Creating FFTW...
Filling data...
Creating FFTW...
Filling data...
Creating FFTW...
Creating FFTW...
Filling data...
Creating FFTW...
Creating FFTW...
Creating FFTW...
Filling data...
Filling data...
Creating FFTW...
Filling data...
Filling data...
Filling data...
Filling data...
Creating FFTW...
Filling data...
Creating FFTW...
Filling data...
Creating FFTW...
Creating FFTW...
Creating FFTW...
Creating FFTW...
Creating FFTW...
Filling data...
Filling data...
Creating FFTW...
Filling data...
Creating FFTW...
Creating FFTW...
Creating FFTW...
Filling data...
Creating FFTW...
Creating FFTW...
Creating FFTW...
Filling data...
Creating FFTW...
Filling data...
Creating FFTW...
Filling data...
Creating FFTW...
Creating FFTW...
Creating FFTW...
Filling data...
Creating FFTW...
Filling data...
Creating FFTW...
Creating FFTW...
Filling data...
Filling data...
Creating FFTW...
Filling data...
Creating FFTW...
Creating FFTW...
Creating FFTW...
Filling data...
Creating FFTW...
Filling data...
Creating FFTW...
Creating FFTW...
Creating FFTW...
Creating FFTW...
Creating FFTW...
Filling data...
Creating FFTW...
Filling data...
Creating FFTW...
Filling data...
Filling data...
Filling data...
Creating FFTW...
Filling data...
Creating FFTW...
Creating FFTW...
Filling data...
Creating FFTW...
Creating FFTW...
Filling data...
Filling data...
Filling data...
Creating FFTW...
Creating FFTW...
Filling data...
Creating FFTW...
Filling data...
Creating FFTW...
Creating FFTW...
Filling data...
Creating FFTW...
Creating FFTW...
Filling data...
Creating FFTW...
Filling data...
Creating FFTW...
Filling data...
Creating FFTW...
Filling data...
Filling data...
Filling data...
Creating FFTW...
Creating FFTW...
Filling data...
Filling data...
Creating FFTW...
Filling data...
Creating FFTW...
Filling data...
Filling data...
Filling data...
Filling data...
Creating FFTW...
Filling data...
Filling data...
Creating FFTW...
Filling data...
Creating FFTW...
Filling data...
Creating FFTW...
Creating FFTW...
Creating FFTW...
Creating FFTW...
Creating FFTW...
Creating FFTW...
Filling data...
Filling data...
Creating FFTW...
Filling data...
Creating FFTW...
Creating FFTW...
Creating FFTW...
Filling data...
Creating FFTW...
Creating FFTW...
Filling data...
Creating FFTW...
Creating FFTW...
Creating FFTW...
Creating FFTW...
Filling data...
Creating FFTW...
Filling data...
Creating FFTW...
Filling data...
Creating FFTW...
Filling data...
Filling data...
Creating FFTW...
Creating FFTW...
Filling data...
Creating FFTW...
Filling data...
Creating FFTW...
Filling data...
Creating FFTW...
Filling data...
Creating FFTW...
Filling data...
Creating FFTW...
Filling data...
Filling data...
Creating FFTW...
Filling data...
Creating FFTW...
Filling data...
Filling data...
Filling data...
Creating FFTW...
Filling data...
Creating FFTW...
Creating FFTW...
Creating FFTW...
Filling data...
Filling data...
Filling data...
Creating FFTW...
Filling data...
Filling data...
Creating FFTW...
Creating FFTW...
Filling data...
Filling data...
Filling data...
Creating FFTW...
Creating FFTW...
Creating FFTW...
Filling data...
Creating FFTW...
Filling data...
Creating FFTW...
Filling data...
Filling data...
Filling data...
Filling data...
Creating FFTW...
Creating FFTW...
Filling data...
Filling data...
Filling data...
Filling data...
Filling data...
Filling data...
Creating FFTW...
Filling data...
Filling data...
Creating FFTW...
Creating FFTW...
Creating FFTW...
Filling data...
Filling data...
Creating FFTW...
Creating FFTW...
Filling data...
Creating FFTW...
Filling data...
Creating FFTW...
Creating FFTW...
Filling data...
Creating FFTW...
Filling data...
Creating FFTW...
Creating FFTW...
Filling data...
Filling data...
Creating FFTW...
Creating FFTW...
Filling data...
Creating FFTW...
Creating FFTW...
Filling data...
Creating FFTW...
Creating FFTW...
Filling data...
Filling data...
Filling data...
Filling data...
Filling data...
Creating FFTW...
Filling data...
Filling data...
Filling data...
Creating FFTW...
Filling data...
Creating FFTW...
Filling data...
Creating FFTW...
Creating FFTW...
Creating FFTW...
Filling data...
Creating FFTW...
Filling data...
Creating FFTW...
Filling data...
Filling data...
Creating FFTW...
Filling data...
Filling data...
Creating FFTW...
Filling data...
Creating FFTW...
Creating FFTW...
Filling data...
Filling data...
Creating FFTW...
Creating FFTW...
Filling data...
Creating FFTW...
Creating FFTW...
Filling data...
Filling data...
Creating FFTW...
Filling data...
Filling data...
Filling data...
Creating FFTW...
Creating FFTW...
Creating FFTW...
Creating FFTW...
Creating FFTW...
Creating FFTW...
Creating FFTW...
Filling data...
Creating FFTW...
Creating FFTW...
Creating FFTW...
Creating FFTW...
Filling data...
Filling data...
Filling data...
Creating FFTW...
Filling data...
Creating FFTW...
Creating FFTW...
Filling data...
Creating FFTW...
Creating FFTW...
Filling data...
Creating FFTW...
Creating FFTW...
Creating FFTW...
Creating FFTW...
Creating FFTW...
Filling data...
Filling data...
Creating FFTW...
Filling data...
Filling data...
Filling data...
Creating FFTW...
Creating FFTW...
Filling data...
Creating FFTW...
Creating FFTW...
Creating FFTW...
Filling data...
Filling data...
Creating FFTW...
Filling data...
Filling data...
Filling data...
Filling data...
Creating FFTW...
Filling data...
Filling data...
Creating FFTW...
Filling data...
Creating FFTW...
Filling data...
Creating FFTW...
Filling data...
Creating FFTW...
Creating FFTW...
Filling data...
Creating FFTW...
Filling data...
Creating FFTW...
Creating FFTW...
Filling data...
Filling data...
Filling data...
Filling data...
Creating FFTW...
Creating FFTW...
Filling data...
Filling data...
Creating FFTW...
Filling data...
Creating FFTW...
Creating FFTW...
Filling data...
Creating FFTW...
Filling data...
Filling data...
Filling data...
Creating FFTW...
Filling data...
Creating FFTW...
Creating FFTW...
Creating FFTW...
Filling data...
Filling data...
Filling data...
Filling data...
Filling data...
Creating FFTW...
Filling data...
Creating FFTW...
Filling data...
Creating FFTW...
Filling data...
Filling data...
Creating FFTW...
Filling data...
Creating FFTW...
Creating FFTW...
Creating FFTW...
Filling data...
Filling data...
Filling data...
Creating FFTW...
Filling data...
Creating FFTW...
Creating FFTW...
Creating FFTW...
Creating FFTW...
Filling data...
Filling data...
Filling data...
Creating FFTW...
Creating FFTW...
Filling data...
Filling data...
Filling data...
Creating FFTW...
Filling data...
Creating FFTW...
Filling data...
Creating FFTW...
Filling data...
Filling data...
Creating FFTW...
Filling data...
Creating FFTW...
Filling data...
Filling data...
Filling data...
Filling data...
Creating FFTW...
Filling data...
Filling data...
Creating FFTW...
Creating FFTW...
Creating FFTW...
Creating FFTW...
Creating FFTW...
Filling data...
Filling data...
Creating FFTW...
Filling data...
Creating FFTW...
Filling data...
Creating FFTW...
Creating FFTW...
Creating FFTW...
Filling data...
Creating FFTW...
Filling data...
Creating FFTW...
Creating FFTW...
Filling data...
Filling data...
Creating FFTW...
Filling data...
Creating FFTW...
Creating FFTW...
Creating FFTW...
Filling data...
Creating FFTW...
Filling data...
Filling data...
Creating FFTW...
Filling data...
Creating FFTW...
Creating FFTW...
Filling data...
Creating FFTW...
Creating FFTW...
Creating FFTW...
Filling data...
Filling data...
Creating FFTW...
Creating FFTW...
Filling data...
Creating FFTW...
Creating FFTW...
Creating FFTW...
Filling data...
Filling data...
Creating FFTW...
Filling data...
Creating FFTW...
Creating FFTW...
Filling data...
Creating FFTW...
Filling data...
Creating FFTW...
Filling data...
Creating FFTW...
Filling data...
Filling data...
Creating FFTW...
Filling data...
Creating FFTW...
Filling data...
Creating FFTW...
Creating FFTW...
Creating FFTW...
Filling data...
Filling data...
Creating FFTW...
Filling data...
Filling data...
Creating FFTW...
Creating FFTW...
Creating FFTW...
Filling data...
Creating FFTW...
Filling data...
Creating FFTW...
Creating FFTW...
Creating FFTW...
Filling data...
Creating FFTW...
Filling data...
Creating FFTW...
Filling data...
Filling data...
Creating FFTW...
Filling data...
Creating FFTW...
Filling data...
Filling data...
Creating FFTW...
Creating FFTW...
Filling data...
Creating FFTW...
Filling data...
Creating FFTW...
Filling data...
Creating FFTW...
Filling data...
Creating FFTW...
Filling data...
Filling data...
Filling data...
Creating FFTW...
Creating FFTW...
Creating FFTW...
Filling data...
Creating FFTW...
Filling data...
Creating FFTW...
Filling data...
Creating FFTW...
Creating FFTW...
Filling data...
Creating FFTW...
Filling data...
Creating FFTW...
Filling data...
Creating FFTW...
Creating FFTW...
Creating FFTW...
Filling data...
Filling data...
Filling data...
Filling data...
Creating FFTW...
Filling data...
Creating FFTW...
Filling data...
Filling data...
Filling data...
Creating FFTW...
Creating FFTW...
Creating FFTW...
Creating FFTW...
Filling data...
Creating FFTW...
Filling data...
Filling data...
Creating FFTW...
Filling data...
Filling data...
Creating FFTW...
Filling data...
Filling data...
Creating FFTW...
Creating FFTW...
Creating FFTW...
Filling data...
Creating FFTW...
Filling data...
Filling data...
Creating FFTW...
Creating FFTW...
Creating FFTW...
Creating FFTW...
Creating FFTW...
Filling data...
Creating FFTW...
Filling data...
Creating FFTW...
Creating FFTW...
Filling data...
Creating FFTW...
Filling data...
Creating FFTW...
Filling data...
Creating FFTW...
Creating FFTW...
Filling data...
Filling data...
Filling data...
Creating FFTW...
Creating FFTW...
Creating FFTW...
Filling data...
Creating FFTW...
Filling data...
Creating FFTW...
Filling data...
Filling data...
Filling data...
Creating FFTW...
Filling data...
Creating FFTW...
Creating FFTW...
Filling data...
Filling data...
Creating FFTW...
Filling data...
Creating FFTW...
Filling data...
Creating FFTW...
Creating FFTW...
Creating FFTW...
Creating FFTW...
Filling data...
Creating FFTW...
Filling data...
Filling data...
Creating FFTW...
Filling data...
Creating FFTW...
Creating FFTW...
Filling data...
Filling data...
Creating FFTW...
Creating FFTW...
Creating FFTW...
Filling data...
Creating FFTW...
Filling data...
Filling data...
Creating FFTW...
Filling data...
Creating FFTW...
Filling data...
Filling data...
Creating FFTW...
Filling data...
Creating FFTW...
Filling data...
Filling data...
Creating FFTW...
Creating FFTW...
Filling data...
Filling data...
Filling data...
Filling data...
Creating FFTW...
Filling data...
Creating FFTW...
Filling data...
Filling data...
Creating FFTW...
Creating FFTW...
Filling data...
Creating FFTW...
Filling data...
Filling data...
Filling data...
Creating FFTW...
Filling data...
Filling data...
Creating FFTW...
Filling data...
Filling data...
Filling data...
Creating FFTW...
Filling data...
Creating FFTW...
Filling data...
Creating FFTW...
Filling data...
Filling data...
Creating FFTW...
Filling data...
Creating FFTW...
Filling data...
Filling data...
Filling data...
Creating FFTW...
Filling data...
Creating FFTW...
Filling data...
Filling data...
Creating FFTW...
Creating FFTW...
Filling data...
Creating FFTW...
Creating FFTW...
Creating FFTW...
Filling data...
Creating FFTW...
Filling data...
Creating FFTW...
Filling data...
Creating FFTW...
Filling data...
Creating FFTW...
Filling data...
Filling data...
Creating FFTW...
Filling data...
Filling data...
Creating FFTW...
Filling data...
Creating FFTW...
Creating FFTW...
Filling data...
Creating FFTW...
Filling data...
Creating FFTW...
Filling data...
Creating FFTW...
Creating FFTW...
Filling data...
Filling data...
Filling data...
Creating FFTW...
Filling data...
Filling data...
Creating FFTW...
Filling data...
Filling data...
Creating FFTW...
Filling data...
Creating FFTW...
Filling data...
Filling data...
Creating FFTW...
Filling data...
Filling data...
Filling data...
Filling data...
Creating FFTW...
Filling data...
Creating FFTW...
Filling data...
Creating FFTW...
Creating FFTW...
Creating FFTW...
Filling data...
Creating FFTW...
Filling data...
Creating FFTW...
Creating FFTW...
Creating FFTW...
Filling data...
Creating FFTW...
Filling data...
Creating FFTW...
Creating FFTW...
Filling data...
Filling data...
Filling data...
Creating FFTW...
Filling data...
Filling data...
Filling data...
Filling data...
Creating FFTW...
Creating FFTW...
Creating FFTW...
Filling data...
Creating FFTW...
Filling data...
Creating FFTW...
Creating FFTW...
Filling data...
Creating FFTW...
Filling data...
Filling data...
Creating FFTW...
Filling data...
Creating FFTW...
Creating FFTW...
Filling data...
Filling data...
Creating FFTW...
Filling data...
Filling data...
Creating FFTW...
Creating FFTW...
Creating FFTW...
Filling data...
Creating FFTW...
Filling data...
Filling data...
Filling data...
Filling data...
Creating FFTW...
Filling data...
Filling data...
Creating FFTW...
Filling data...
Creating FFTW...
Filling data...
Creating FFTW...
Filling data...
Creating FFTW...
Filling data...
Creating FFTW...
Filling data...
Filling data...
Creating FFTW...
Filling data...
Creating FFTW...
Filling data...
Filling data...
Filling data...
Creating FFTW...
Creating FFTW...
Filling data...
Filling data...
Filling data...
Creating FFTW...
Filling data...
Creating FFTW...
Filling data...
Filling data...
Creating FFTW...
Filling data...
Creating FFTW...
Filling data...
Filling data...
Creating FFTW...
Creating FFTW...
Creating FFTW...
Filling data...
Creating FFTW...
Filling data...
Filling data...
Creating FFTW...
Filling data...
Creating FFTW...
Filling data...
Creating FFTW...
Filling data...
Creating FFTW...
Creating FFTW...
Filling data...
Creating FFTW...
Filling data...
Creating FFTW...
Creating FFTW...
Creating FFTW...
Filling data...
Creating FFTW...
Filling data...
Creating FFTW...
Creating FFTW...
Creating FFTW...
Creating FFTW...
Filling data...
Filling data...
Filling data...
Creating FFTW...
Filling data...
Creating FFTW...
Filling data...
Creating FFTW...
Filling data...
Creating FFTW...
Filling data...
Creating FFTW...
Filling data...
Filling data...
Creating FFTW...
Filling data...
Creating FFTW...
Filling data...
Creating FFTW...
Creating FFTW...
Creating FFTW...
Filling data...
Creating FFTW...
Filling data...
Filling data...
Filling data...
Creating FFTW...
Filling data...
Filling data...
Filling data...
Creating FFTW...
Filling data...
Creating FFTW...
Filling data...
Filling data...
Creating FFTW...
Filling data...
Creating FFTW...
Filling data...
Creating FFTW...
Filling data...
Creating FFTW...
Filling data...
Creating FFTW...
Creating FFTW...
Creating FFTW...
Filling data...
Filling data...
Creating FFTW...
Filling data...
Creating FFTW...
Filling data...
Creating FFTW...
Filling data...
Filling data...
Filling data...
Creating FFTW...
Filling data...
Creating FFTW...
Creating FFTW...
Filling data...
Creating FFTW...
Filling data...
Filling data...
Creating FFTW...
Filling data...
Creating FFTW...
Filling data...
Creating FFTW...
Filling data...
Creating FFTW...
Filling data...
Creating FFTW...
Filling data...
Creating FFTW...
Filling data...
Creating FFTW...
Filling data...
Creating FFTW...
Creating FFTW...
Filling data...
Filling data...
Creating FFTW...
Filling data...
Filling data...
Creating FFTW...
Filling data...
Creating FFTW...
Filling data...
Creating FFTW...
Creating FFTW...
Filling data...
Creating FFTW...
Filling data...
Creating FFTW...
Filling data...
Filling data...
Creating FFTW...
Creating FFTW...
Filling data...
Filling data...
Creating FFTW...
Filling data...
Creating FFTW...
Creating FFTW...
Creating FFTW...
Filling data...
Creating FFTW...
Filling data...
Creating FFTW...
Filling data...
Creating FFTW...
Creating FFTW...
Creating FFTW...
Filling data...
Creating FFTW...
Filling data...
Creating FFTW...
Filling data...
Creating FFTW...
Filling data...
Filling data...
Creating FFTW...
Filling data...
Creating FFTW...
Filling data...
Creating FFTW...
Filling data...
Creating FFTW...
Creating FFTW...
Filling data...
Filling data...
Filling data...
Filling data...
Creating FFTW...
Creating FFTW...
Filling data...
Creating FFTW...
Filling data...
Creating FFTW...
Filling data...
Creating FFTW...
Filling data...
Filling data...
Filling data...
Creating FFTW...
Creating FFTW...
Filling data...
Filling data...
Creating FFTW...
Creating FFTW...
Filling data...
Filling data...
Creating FFTW...
Filling data...
Creating FFTW...
Creating FFTW...
Filling data...
Creating FFTW...
Filling data...
Creating FFTW...
Filling data...
Creating FFTW...
Filling data...
Creating FFTW...
Filling data...
Creating FFTW...
Filling data...
Filling data...
Creating FFTW...
Filling data...
Creating FFTW...
Filling data...
Creating FFTW...
Filling data...
Filling data...
Creating FFTW...
Filling data...
Creating FFTW...
Filling data...
Creating FFTW...
Filling data...
Creating FFTW...
Filling data...
Creating FFTW...
Filling data...
Creating FFTW...
Filling data...
Creating FFTW...
Filling data...
Creating FFTW...
Filling data...
Creating FFTW...
Filling data...
Filling data...
Filling data...
Creating FFTW...
Creating FFTW...
Filling data...
Creating FFTW...
Filling data...
Creating FFTW...
Filling data...
Filling data...
Creating FFTW...
Filling data...
Filling data...
Creating FFTW...
Filling data...
Filling data...
Creating FFTW...
Filling data...
Creating FFTW...
Filling data...
Creating FFTW...
Filling data...
Creating FFTW...
Creating FFTW...
Filling data...
Filling data...
Creating FFTW...
Filling data...
Filling data...
Creating FFTW...
Filling data...
Filling data...
Creating FFTW...
Filling data...
Filling data...
Creating FFTW...
Filling data...
Filling data...
Creating FFTW...
Filling data...
Filling data...
Creating FFTW...
Filling data...
Filling data...
Creating FFTW...
Filling data...
Filling data...
Creating FFTW...
Filling data...
Creating FFTW...
Filling data...
Filling data...
Filling data...
Filling data...
Creating FFTW...
Filling data...
Creating FFTW...
Filling data...
Filling data...
Creating FFTW...
Filling data...
Filling data...
Creating FFTW...
Filling data...
Creating FFTW...
Filling data...
Filling data...
Filling data...
Filling data...
Creating FFTW...
Filling data...
Filling data...
Filling data...
Filling data...
Creating FFTW...
Filling data...
Creating FFTW...
Creating FFTW...
Filling data...
Filling data...
Filling data...
Filling data...
Creating FFTW...
Filling data...
Filling data...
Filling data...
Filling data...
Filling data...
Creating FFTW...
Filling data...
Filling data...
Creating FFTW...
Filling data...
Creating FFTW...
Filling data...
Filling data...
Filling data...
Creating FFTW...
Filling data...
Filling data...
Creating FFTW...
Filling data...
Filling data...
Creating FFTW...
Filling data...
Creating FFTW...
Filling data...
Creating FFTW...
Filling data...
Creating FFTW...
Creating FFTW...
Filling data...
Creating FFTW...
Filling data...
Creating FFTW...
Creating FFTW...
Creating FFTW...
Filling data...
Filling data...
Creating FFTW...
Filling data...
Filling data...
Creating FFTW...
Filling data...
Creating FFTW...
Filling data...
Filling data...
Creating FFTW...
Filling data...
Creating FFTW...
Filling data...
Filling data...
Creating FFTW...
Filling data...
Creating FFTW...
Filling data...
Creating FFTW...
Filling data...
Creating FFTW...
Creating FFTW...
Filling data...
Filling data...
Filling data...
Filling data...
Creating FFTW...
Filling data...
Filling data...
Filling data...
Filling data...
Creating FFTW...
Filling data...
Filling data...
Filling data...
Creating FFTW...
Creating FFTW...
Filling data...
Creating FFTW...
Filling data...
Creating FFTW...
Filling data...
Creating FFTW...
Filling data...
Creating FFTW...
Filling data...
Creating FFTW...
Filling data...
Filling data...
Creating FFTW...
Filling data...
Creating FFTW...
Filling data...
Creating FFTW...
Filling data...
Filling data...
Filling data...
Creating FFTW...
Filling data...
Filling data...
Filling data...
Filling data...
Creating FFTW...
Filling data...
Filling data...
Filling data...
Filling data...
Creating FFTW...
Filling data...
Filling data...
Filling data...
Filling data...
Creating FFTW...
Filling data...
Filling data...
Creating FFTW...
Filling data...
Creating FFTW...
Filling data...
Creating FFTW...
Filling data...
Filling data...
Creating FFTW...
Filling data...
Filling data...
Filling data...
Filling data...
Filling data...
Creating FFTW...
Creating FFTW...
Filling data...
Filling data...
Creating FFTW...
Filling data...
Creating FFTW...
Filling data...
Creating FFTW...
Filling data...
Creating FFTW...
Creating FFTW...
Filling data...
Filling data...
Creating FFTW...
Filling data...
Creating FFTW...
Filling data...
Filling data...
Creating FFTW...
Creating FFTW...
Creating FFTW...
Creating FFTW...
Filling data...
Creating FFTW...
Filling data...
Creating FFTW...
Filling data...
Creating FFTW...
Creating FFTW...
Creating FFTW...
Creating FFTW...
Filling data...
Creating FFTW...
Filling data...
Creating FFTW...
Creating FFTW...
Creating FFTW...
Creating FFTW...
Creating FFTW...
Filling data...
Creating FFTW...
Creating FFTW...
Creating FFTW...
Creating FFTW...
Creating FFTW...
Creating FFTW...
Creating FFTW...
Creating FFTW...
Filling data...
Filling data...
Creating FFTW...
Filling data...
Filling data...
Filling data...
Creating FFTW...
Filling data...
Creating FFTW...
Filling data...
Filling data...
Filling data...
Filling data...
Creating FFTW...
Filling data...
Filling data...
Creating FFTW...
Filling data...
Filling data...
Filling data...
Filling data...
Filling data...
Filling data...
Filling data...
Filling data...
Filling data...
Filling data...
Filling data...
Filling data...
Filling data...
Filling data...
Filling data...
Filling data...
Filling data...
Filling data...
Filling data...
Filling data...
Filling data...
Filling data...
Filling data...
Filling data...
Filling data...
Filling data...
Filling data...
Filling data...
Filling data...
Filling data...
Filling data...
Filling data...
Filling data...
Creating FFTW...
Filling data...
Filling data...
Filling data...
Filling data...
Creating FFTW...
Filling data...
Creating FFTW...
Filling data...
Filling data...
Creating FFTW...
Filling data...
Creating FFTW...
Filling data...
Filling data...
Filling data...
Creating FFTW...
Filling data...
Filling data...
Creating FFTW...
Filling data...
Filling data...
Creating FFTW...
Filling data...
Creating FFTW...
Filling data...
Creating FFTW...
Filling data...
Creating FFTW...
Filling data...
Creating FFTW...
Filling data...
Creating FFTW...
Filling data...
Creating FFTW...
Filling data...
Filling data...
Creating FFTW...
Filling data...
Filling data...
Filling data...
Filling data...
Filling data...
Filling data...
Creating FFTW...
Filling data...
Creating FFTW...
Filling data...
Filling data...
Filling data...
Filling data...
Filling data...
Creating FFTW...
Filling data...
Filling data...
Creating FFTW...
Filling data...
Filling data...
Creating FFTW...
Filling data...
Creating FFTW...
Creating FFTW...
Filling data...
Filling data...
Creating FFTW...
Filling data...
Creating FFTW...
Creating FFTW...
Filling data...
Filling data...
Creating FFTW...
Filling data...
Filling data...
Creating FFTW...
Filling data...
Filling data...
Creating FFTW...
Filling data...
Filling data...
Filling data...
Filling data...
Creating FFTW...
Filling data...
Creating FFTW...
Filling data...
Filling data...
Creating FFTW...
Filling data...
Filling data...
Creating FFTW...
Filling data...
Filling data...
Creating FFTW...
Filling data...
Creating FFTW...
Creating FFTW...
Filling data...
Filling data...
Creating FFTW...
Filling data...
Filling data...
Creating FFTW...
Filling data...
Filling data...
Filling data...
Creating FFTW...
Creating FFTW...
Filling data...
Filling data...
Filling data...
Creating FFTW...
Creating FFTW...
Creating FFTW...
Creating FFTW...
Creating FFTW...
Filling data...
Creating FFTW...
Creating FFTW...
Creating FFTW...
Creating FFTW...
Filling data...
Creating FFTW...
Filling data...
Creating FFTW...
Creating FFTW...
Filling data...
Filling data...
Creating FFTW...
Filling data...
Filling data...
Creating FFTW...
Filling data...
Filling data...
Creating FFTW...
Filling data...
Filling data...
Filling data...
Creating FFTW...
Creating FFTW...
Filling data...
Creating FFTW...
Filling data...
Filling data...
Filling data...
Creating FFTW...
Filling data...
Creating FFTW...
Filling data...
Creating FFTW...
Filling data...
Filling data...
Filling data...
Filling data...
Filling data...
Creating FFTW...
Filling data...
Filling data...
Filling data...
Creating FFTW...
Filling data...
Filling data...
Filling data...
Creating FFTW...
Filling data...
Filling data...
Filling data...
Filling data...
Filling data...
Filling data...
Filling data...
Creating FFTW...
Filling data...
Filling data...
Filling data...
Filling data...
Filling data...
Creating FFTW...
Filling data...
Filling data...
Filling data...
Creating FFTW...
Creating FFTW...
Creating FFTW...
Filling data...
Filling data...
Creating FFTW...
Filling data...
Creating FFTW...
Filling data...
Filling data...
Filling data...
Creating FFTW...
Filling data...
Creating FFTW...
Creating FFTW...
Filling data...
Creating FFTW...
Creating FFTW...
Filling data...
Filling data...
Creating FFTW...
Filling data...
Creating FFTW...
Creating FFTW...
Filling data...
Filling data...
Creating FFTW...
Filling data...
Filling data...
Filling data...
Filling data...
Filling data...
Filling data...
Filling data...
Filling data...
Filling data...
Filling data...
Filling data...
Filling data...
Filling data...
Filling data...
Filling data...
Filling data...
Creating FFTW...
Filling data...
Filling data...
Creating FFTW...
Filling data...
Filling data...
Filling data...
Filling data...
Filling data...
Filling data...
Filling data...
Filling data...
Filling data...
Filling data...
Filling data...
Filling data...
Creating FFTW...
Filling data...
Filling data...
Filling data...
Filling data...
Filling data...
Filling data...
Filling data...
Filling data...
Filling data...
Filling data...
Creating FFTW...
Filling data...
Filling data...
Creating FFTW...
Filling data...
Filling data...
Creating FFTW...
Filling data...
Filling data...
Creating FFTW...
Filling data...
Filling data...
Filling data...
Filling data...
Creating FFTW...
Filling data...
Filling data...
Filling data...
Filling data...
Creating FFTW...
Filling data...
Filling data...
Creating FFTW...
Filling data...
Filling data...
Creating FFTW...
Filling data...
Filling data...
Creating FFTW...
Filling data...
Filling data...
Creating FFTW...
Filling data...
Filling data...
Filling data...
Filling data...
Creating FFTW...
Filling data...
Filling data...
Filling data...
Creating FFTW...
Filling data...
Filling data...
Creating FFTW...
Filling data...
Filling data...
Filling data...
Filling data...
Filling data...
Filling data...
Creating FFTW...
Filling data...
Filling data...
Filling data...
Filling data...
Filling data...
Filling data...
Filling data...
Creating FFTW...
Filling data...
Creating FFTW...
Creating FFTW...
Filling data...
Filling data...
Filling data...
Filling data...
Filling data...
Creating FFTW...
Filling data...
Filling data...
Filling data...
Creating FFTW...
Creating FFTW...
Filling data...
Filling data...
Creating FFTW...
Filling data...
Creating FFTW...
Filling data...
Creating FFTW...
Creating FFTW...
Filling data...
Filling data...
Filling data...
Filling data...
Filling data...
Creating FFTW...
Filling data...
Creating FFTW...
Creating FFTW...
Filling data...
Creating FFTW...
Filling data...
Filling data...
Creating FFTW...
Filling data...
Filling data...
Filling data...
Creating FFTW...
Filling data...
Filling data...
Filling data...
Filling data...
Filling data...
Filling data...
Filling data...
Creating FFTW...
Filling data...
Creating FFTW...
Filling data...
Creating FFTW...
Filling data...
Filling data...
Creating FFTW...
Filling data...
Filling data...
Creating FFTW...
Creating FFTW...
Filling data...
Creating FFTW...
Filling data...
Filling data...
Creating FFTW...
Filling data...
Filling data...
Creating FFTW...
Filling data...
Filling data...
Filling data...
Creating FFTW...
Creating FFTW...
Creating FFTW...
Filling data...
Filling data...
Filling data...
Filling data...
Filling data...
Filling data...
Filling data...
Creating FFTW...
Creating FFTW...
Filling data...
Creating FFTW...
Filling data...
Creating FFTW...
Creating FFTW...
Creating FFTW...
Creating FFTW...
Filling data...
Filling data...
Creating FFTW...
Filling data...
Filling data...
Creating FFTW...
Creating FFTW...
Filling data...
Filling data...
Creating FFTW...
Filling data...
Filling data...
Creating FFTW...
Creating FFTW...
Filling data...
Creating FFTW...
Creating FFTW...
Filling data...
Filling data...
Filling data...
Filling data...
Filling data...
Filling data...
Filling data...
Filling data...
Filling data...
Filling data...
Creating FFTW...
Filling data...
Creating FFTW...
Filling data...
Creating FFTW...
Filling data...
Creating FFTW...
Filling data...
Creating FFTW...
Filling data...
Creating FFTW...
Creating FFTW...
Filling data...
Creating FFTW...
Filling data...
Creating FFTW...
Creating FFTW...
Creating FFTW...
Filling data...
Filling data...
Creating FFTW...
Creating FFTW...
Creating FFTW...
Creating FFTW...
Filling data...
Creating FFTW...
Filling data...
Filling data...
Filling data...
Creating FFTW...
Filling data...
Filling data...
Filling data...
Filling data...
Creating FFTW...
Filling data...
Creating FFTW...
Filling data...
Creating FFTW...
Filling data...
Filling data...
Filling data...
Filling data...
Filling data...
Filling data...
Filling data...
Filling data...
Filling data...
Filling data...
Filling data...
Filling data...
Filling data...
Filling data...
Filling data...
Filling data...
Filling data...
Filling data...
Filling data...
Filling data...
Filling data...
Filling data...
Filling data...
Filling data...
Filling data...
Filling data...
Filling data...
Filling data...
Filling data...
Filling data...
Filling data...
Filling data...
Filling data...
Filling data...
Filling data...
Filling data...
Filling data...
Filling data...
Filling data...
Filling data...
Filling data...
Filling data...
Filling data...
Filling data...
Filling data...
Filling data...
Filling data...
Filling data...
Filling data...
Filling data...
Filling data...
Filling data...
Filling data...
Filling data...
Filling data...
Filling data...
Filling data...
Creating FFTW...
Filling data...
Filling data...
Creating FFTW...
Filling data...
Creating FFTW...
Filling data...
Creating FFTW...
Filling data...
Filling data...
Creating FFTW...
Filling data...
Filling data...
Filling data...
Filling data...
Creating FFTW...
Filling data...
Creating FFTW...
Filling data...
Creating FFTW...
Filling data...
Filling data...
Creating FFTW...
Filling data...
Filling data...
Filling data...
Creating FFTW...
Creating FFTW...
Filling data...
Filling data...
Creating FFTW...
Filling data...
Filling data...
Filling data...
Creating FFTW...
Filling data...
Filling data...
Filling data...
Filling data...
Creating FFTW...
Filling data...
Filling data...
Creating FFTW...
Creating FFTW...
Filling data...
Creating FFTW...
Filling data...
Creating FFTW...
Filling data...
Filling data...
Creating FFTW...
Filling data...
Filling data...
Creating FFTW...
Filling data...
Filling data...
Creating FFTW...
Filling data...
Creating FFTW...
Filling data...
Creating FFTW...
Filling data...
Creating FFTW...
Filling data...
Creating FFTW...
Filling data...
Creating FFTW...
Filling data...
Creating FFTW...
Filling data...
Creating FFTW...
Filling data...
Creating FFTW...
Filling data...
Filling data...
Creating FFTW...
Filling data...
Creating FFTW...
Filling data...
Creating FFTW...
Filling data...
Creating FFTW...
Filling data...
Creating FFTW...
Filling data...
Creating FFTW...
Filling data...
Creating FFTW...
Filling data...
Creating FFTW...
Creating FFTW...
Filling data...
Creating FFTW...
Filling data...
Creating FFTW...
Filling data...
Filling data...
Creating FFTW...
Creating FFTW...
Filling data...
Creating FFTW...
Filling data...
Creating FFTW...
Filling data...
Creating FFTW...
Filling data...
Filling data...
Filling data...
Filling data...
Creating FFTW...
Filling data...
Filling data...
Creating FFTW...
Filling data...
Filling data...
Filling data...
Filling data...
Filling data...
Creating FFTW...
Filling data...
Filling data...
Creating FFTW...
Filling data...
Filling data...
Creating FFTW...
Filling data...
Creating FFTW...
Filling data...
Filling data...
Creating FFTW...
Filling data...
Filling data...
Filling data...
Filling data...
Filling data...
Filling data...
Filling data...
Filling data...
Filling data...
Filling data...
Filling data...
Filling data...
Filling data...
Creating FFTW...
Creating FFTW...
Filling data...
Filling data...
Creating FFTW...
Filling data...
Filling data...
Filling data...
Creating FFTW...
Filling data...
Filling data...
Creating FFTW...
Filling data...
Filling data...
Creating FFTW...
Filling data...
Creating FFTW...
Filling data...
Creating FFTW...
Filling data...
Filling data...
Creating FFTW...
Filling data...
Filling data...
Filling data...
Filling data...
Creating FFTW...
Creating FFTW...
Filling data...
Creating FFTW...
Creating FFTW...
Filling data...
Filling data...
Creating FFTW...
Filling data...
Filling data...
Filling data...
Creating FFTW...
Filling data...
Creating FFTW...
Creating FFTW...
Filling data...
Creating FFTW...
Filling data...
Filling data...
Creating FFTW...
Creating FFTW...
Filling data...
Creating FFTW...
Filling data...
Creating FFTW...
Creating FFTW...
Filling data...
Creating FFTW...
Filling data...
Filling data...
Creating FFTW...
Filling data...
Creating FFTW...
Creating FFTW...
Filling data...
Filling data...
Creating FFTW...
Filling data...
Creating FFTW...
Filling data...
Filling data...
Filling data...
Creating FFTW...
Creating FFTW...
Filling data...
Filling data...
Filling data...
Creating FFTW...
Filling data...
Filling data...
Filling data...
Creating FFTW...
Filling data...
Filling data...
Filling data...
Creating FFTW...
Filling data...
Filling data...
Creating FFTW...
Filling data...
Filling data...
Filling data...
Creating FFTW...
Filling data...
Creating FFTW...
Creating FFTW...
Filling data...
Filling data...
Creating FFTW...
Filling data...
Filling data...
Creating FFTW...
Filling data...
Filling data...
Creating FFTW...
Filling data...
Filling data...
Creating FFTW...
Filling data...
Creating FFTW...
Filling data...
Filling data...
Creating FFTW...
Filling data...
Filling data...
Filling data...
Creating FFTW...
Creating FFTW...
Filling data...
Filling data...
Filling data...
Filling data...
Filling data...
Filling data...
Filling data...
Filling data...
Creating FFTW...
Filling data...
Creating FFTW...
Creating FFTW...
Filling data...
Filling data...
Creating FFTW...
Filling data...
Filling data...
Filling data...
Filling data...
Filling data...
Creating FFTW...
Filling data...
Creating FFTW...
Filling data...
Creating FFTW...
Filling data...
Filling data...
Creating FFTW...
Filling data...
Filling data...
Filling data...
Filling data...
Creating FFTW...
Creating FFTW...
Creating FFTW...
Filling data...
Creating FFTW...
Filling data...
Creating FFTW...
Filling data...
Creating FFTW...
Filling data...
Filling data...
Filling data...
Creating FFTW...
Filling data...
Creating FFTW...
Filling data...
Filling data...
Filling data...
Creating FFTW...
Filling data...
Filling data...
Filling data...
Filling data...
Filling data...
Creating FFTW...
Filling data...
Creating FFTW...
Creating FFTW...
Filling data...
Creating FFTW...
Filling data...
Filling data...
Filling data...
Filling data...
Creating FFTW...
Filling data...
Filling data...
Filling data...
Filling data...
Creating FFTW...
Filling data...
Creating FFTW...
Filling data...
Filling data...
Creating FFTW...
Filling data...
Creating FFTW...
Filling data...
Filling data...
Filling data...
Creating FFTW...
Filling data...
Creating FFTW...
Filling data...
Creating FFTW...
Filling data...
Creating FFTW...
Filling data...
Filling data...
Creating FFTW...
Filling data...
Filling data...
Creating FFTW...
Filling data...
Filling data...
Filling data...
Filling data...
Filling data...
Filling data...
Creating FFTW...
Filling data...
Creating FFTW...
Filling data...
Creating FFTW...
Filling data...
Creating FFTW...
Filling data...
Creating FFTW...
Filling data...
Creating FFTW...
Filling data...
Filling data...
Filling data...
Creating FFTW...
Filling data...
Filling data...
Creating FFTW...
Filling data...
Filling data...
Creating FFTW...
Filling data...
Filling data...
Filling data...
Filling data...
Creating FFTW...
Filling data...
Creating FFTW...
Filling data...
Filling data...
Creating FFTW...
Filling data...
Creating FFTW...
Filling data...
Creating FFTW...
Filling data...
Filling data...
Creating FFTW...
Filling data...
Filling data...
Filling data...
Filling data...
Filling data...
Filling data...
Creating FFTW...
Filling data...
Creating FFTW...
Filling data...
Filling data...
Creating FFTW...
Creating FFTW...
Filling data...
Creating FFTW...
Filling data...
Creating FFTW...
Filling data...
Filling data...
Creating FFTW...
Filling data...
Filling data...
Creating FFTW...
Filling data...
Filling data...
Filling data...
Filling data...
Filling data...
Filling data...
Filling data...
Filling data...
Filling data...
Filling data...
Filling data...
Filling data...
Filling data...
Filling data...
Filling data...
Filling data...
Filling data...
Creating FFTW...
Creating FFTW...
Filling data...
Filling data...
Filling data...
Filling data...
Filling data...
Filling data...
Filling data...
Filling data...
Filling data...
Filling data...
Filling data...
Filling data...
Filling data...
Filling data...
Filling data...
Filling data...
Filling data...
Filling data...
Filling data...
Filling data...
Filling data...
Filling data...
Filling data...
Creating FFTW...
Filling data...
Filling data...
Doing warmup FFTs ...
Doing warmup FFTs ...
Doing warmup FFTs ...
Doing warmup FFTs ...
Doing warmup FFTs ...
Doing warmup FFTs ...
Doing warmup FFTs ...
Doing warmup FFTs ...
Doing warmup FFTs ...
Doing warmup FFTs ...
Doing warmup FFTs ...
Doing warmup FFTs ...
Doing warmup FFTs ...
Doing warmup FFTs ...
Doing warmup FFTs ...
Doing warmup FFTs ...
Doing warmup FFTs ...
Doing warmup FFTs ...
Doing warmup FFTs ...
Doing warmup FFTs ...
Doing warmup FFTs ...
Doing warmup FFTs ...
Doing warmup FFTs ...
Doing warmup FFTs ...
Doing warmup FFTs ...
Doing warmup FFTs ...
Doing warmup FFTs ...
Doing warmup FFTs ...
Doing warmup FFTs ...
Doing warmup FFTs ...
Doing warmup FFTs ...
Doing warmup FFTs ...
Doing warmup FFTs ...
Doing warmup FFTs ...
Doing warmup FFTs ...
Doing warmup FFTs ...
Doing warmup FFTs ...
Doing warmup FFTs ...
Doing warmup FFTs ...
Doing warmup FFTs ...
Doing warmup FFTs ...
Doing warmup FFTs ...
Doing warmup FFTs ...
Doing warmup FFTs ...
Doing warmup FFTs ...
Doing warmup FFTs ...
Doing warmup FFTs ...
Doing warmup FFTs ...
Doing warmup FFTs ...
Doing warmup FFTs ...
Doing warmup FFTs ...
Doing warmup FFTs ...
Doing warmup FFTs ...
Doing warmup FFTs ...
Doing warmup FFTs ...
Doing warmup FFTs ...
Doing warmup FFTs ...
Doing warmup FFTs ...
Doing warmup FFTs ...
Doing warmup FFTs ...
Doing warmup FFTs ...
Doing warmup FFTs ...
Doing warmup FFTs ...
Doing warmup FFTs ...
Doing warmup FFTs ...
Doing warmup FFTs ...
Doing warmup FFTs ...
Doing warmup FFTs ...
Doing warmup FFTs ...
Doing warmup FFTs ...
Doing warmup FFTs ...
Doing warmup FFTs ...
Doing warmup FFTs ...
Doing warmup FFTs ...
Doing warmup FFTs ...
Doing warmup FFTs ...
Doing warmup FFTs ...
Doing warmup FFTs ...
Doing warmup FFTs ...
Doing warmup FFTs ...
Doing warmup FFTs ...
Doing warmup FFTs ...
Doing warmup FFTs ...
Doing warmup FFTs ...
Doing warmup FFTs ...
Doing warmup FFTs ...
Doing warmup FFTs ...
Doing warmup FFTs ...
Doing warmup FFTs ...
Doing warmup FFTs ...
Doing warmup FFTs ...
Doing warmup FFTs ...
Doing warmup FFTs ...
Doing warmup FFTs ...
Doing warmup FFTs ...
Doing warmup FFTs ...
Doing warmup FFTs ...
Doing warmup FFTs ...
Doing warmup FFTs ...
Doing warmup FFTs ...
Doing warmup FFTs ...
Doing warmup FFTs ...
Doing warmup FFTs ...
Doing warmup FFTs ...
Doing warmup FFTs ...
Doing warmup FFTs ...
Doing warmup FFTs ...
Doing warmup FFTs ...
Doing warmup FFTs ...
Doing warmup FFTs ...
Doing warmup FFTs ...
Doing warmup FFTs ...
Doing warmup FFTs ...
Doing warmup FFTs ...
Doing warmup FFTs ...
Doing warmup FFTs ...
Doing warmup FFTs ...
Doing warmup FFTs ...
Doing warmup FFTs ...
Doing warmup FFTs ...
Doing warmup FFTs ...
Doing warmup FFTs ...
Doing warmup FFTs ...
Doing warmup FFTs ...
Doing warmup FFTs ...
Doing warmup FFTs ...
Doing warmup FFTs ...
Doing warmup FFTs ...
Doing warmup FFTs ...
Doing warmup FFTs ...
Doing warmup FFTs ...
Doing warmup FFTs ...
Doing warmup FFTs ...
Doing warmup FFTs ...
Doing warmup FFTs ...
Doing warmup FFTs ...
Doing warmup FFTs ...
Doing warmup FFTs ...
Doing warmup FFTs ...
Doing warmup FFTs ...
Doing warmup FFTs ...
Doing warmup FFTs ...
Doing warmup FFTs ...
Doing warmup FFTs ...
Doing warmup FFTs ...
Doing warmup FFTs ...
Doing warmup FFTs ...
Doing warmup FFTs ...
Doing warmup FFTs ...
Doing warmup FFTs ...
Doing warmup FFTs ...
Doing warmup FFTs ...
Doing warmup FFTs ...
Doing warmup FFTs ...
Doing warmup FFTs ...
Doing warmup FFTs ...
Doing warmup FFTs ...
Doing warmup FFTs ...
Doing warmup FFTs ...
Doing warmup FFTs ...
Doing warmup FFTs ...
Doing warmup FFTs ...
Doing warmup FFTs ...
Doing warmup FFTs ...
Doing warmup FFTs ...
Doing warmup FFTs ...
Doing warmup FFTs ...
Doing warmup FFTs ...
Doing warmup FFTs ...
Doing warmup FFTs ...
Doing warmup FFTs ...
Doing warmup FFTs ...
Doing warmup FFTs ...
Doing warmup FFTs ...
Doing warmup FFTs ...
Doing warmup FFTs ...
Doing warmup FFTs ...
Doing warmup FFTs ...
Doing warmup FFTs ...
Doing warmup FFTs ...
Doing warmup FFTs ...
Doing warmup FFTs ...
Doing warmup FFTs ...
Doing warmup FFTs ...
Doing warmup FFTs ...
Doing warmup FFTs ...
Doing warmup FFTs ...
Doing warmup FFTs ...
Doing warmup FFTs ...
Doing warmup FFTs ...
Doing warmup FFTs ...
Doing warmup FFTs ...
Doing warmup FFTs ...
Doing warmup FFTs ...
Doing warmup FFTs ...
Doing warmup FFTs ...
Doing warmup FFTs ...
Doing warmup FFTs ...
Doing warmup FFTs ...
Doing warmup FFTs ...
Doing warmup FFTs ...
Doing warmup FFTs ...
Doing warmup FFTs ...
Doing warmup FFTs ...
Doing warmup FFTs ...
Doing warmup FFTs ...
Doing warmup FFTs ...
Doing warmup FFTs ...
Doing warmup FFTs ...
Doing warmup FFTs ...
Doing warmup FFTs ...
Doing warmup FFTs ...
Doing warmup FFTs ...
Doing warmup FFTs ...
Doing warmup FFTs ...
Doing warmup FFTs ...
Doing warmup FFTs ...
Doing warmup FFTs ...
Doing warmup FFTs ...
Doing warmup FFTs ...
Doing warmup FFTs ...
Doing warmup FFTs ...
Doing warmup FFTs ...
Doing warmup FFTs ...
Doing warmup FFTs ...
Doing warmup FFTs ...
Doing warmup FFTs ...
Doing warmup FFTs ...
Doing warmup FFTs ...
Doing warmup FFTs ...
Doing warmup FFTs ...
Doing warmup FFTs ...
Doing warmup FFTs ...
Doing warmup FFTs ...
Doing warmup FFTs ...
Doing warmup FFTs ...
Doing warmup FFTs ...
Doing warmup FFTs ...
Doing warmup FFTs ...
Doing warmup FFTs ...
Doing warmup FFTs ...
Doing warmup FFTs ...
Doing warmup FFTs ...
Doing warmup FFTs ...
Doing warmup FFTs ...
Doing warmup FFTs ...
Doing warmup FFTs ...
Doing warmup FFTs ...
Doing warmup FFTs ...
Doing warmup FFTs ...
Doing warmup FFTs ...
Doing warmup FFTs ...
Doing warmup FFTs ...
Doing warmup FFTs ...
Doing warmup FFTs ...
Doing warmup FFTs ...
Doing warmup FFTs ...
Doing warmup FFTs ...
Doing warmup FFTs ...
Doing warmup FFTs ...
Doing warmup FFTs ...
Doing warmup FFTs ...
Doing warmup FFTs ...
Doing warmup FFTs ...
Doing warmup FFTs ...
Doing warmup FFTs ...
Doing warmup FFTs ...
Doing warmup FFTs ...
Doing warmup FFTs ...
Doing warmup FFTs ...
Doing warmup FFTs ...
Doing warmup FFTs ...
Doing warmup FFTs ...
Doing warmup FFTs ...
Doing warmup FFTs ...
Doing warmup FFTs ...
Doing warmup FFTs ...
Doing warmup FFTs ...
Doing warmup FFTs ...
Doing warmup FFTs ...
Doing warmup FFTs ...
Doing warmup FFTs ...
Doing warmup FFTs ...
Doing warmup FFTs ...
Doing warmup FFTs ...
Doing warmup FFTs ...
Doing warmup FFTs ...
Doing warmup FFTs ...
Doing warmup FFTs ...
Doing warmup FFTs ...
Doing warmup FFTs ...
Doing warmup FFTs ...
Doing warmup FFTs ...
Doing warmup FFTs ...
Doing warmup FFTs ...
Doing warmup FFTs ...
Doing warmup FFTs ...
Doing warmup FFTs ...
Doing warmup FFTs ...
Doing warmup FFTs ...
Doing warmup FFTs ...
Doing warmup FFTs ...
Doing warmup FFTs ...
Doing warmup FFTs ...
Doing warmup FFTs ...
Doing warmup FFTs ...
Doing warmup FFTs ...
Doing warmup FFTs ...
Doing warmup FFTs ...
Doing warmup FFTs ...
Doing warmup FFTs ...
Doing warmup FFTs ...
Doing warmup FFTs ...
Doing warmup FFTs ...
Doing warmup FFTs ...
Doing warmup FFTs ...
Doing warmup FFTs ...
Doing warmup FFTs ...
Doing warmup FFTs ...
Doing warmup FFTs ...
Doing warmup FFTs ...
Doing warmup FFTs ...
Doing warmup FFTs ...
Doing warmup FFTs ...
Doing warmup FFTs ...
Doing warmup FFTs ...
Doing warmup FFTs ...
Doing warmup FFTs ...
Doing warmup FFTs ...
Doing warmup FFTs ...
Doing warmup FFTs ...
Doing warmup FFTs ...
Doing warmup FFTs ...
Doing warmup FFTs ...
Doing warmup FFTs ...
Doing warmup FFTs ...
Doing warmup FFTs ...
Doing warmup FFTs ...
Doing warmup FFTs ...
Doing warmup FFTs ...
Doing warmup FFTs ...
Doing warmup FFTs ...
Doing warmup FFTs ...
Doing warmup FFTs ...
Doing warmup FFTs ...
Doing warmup FFTs ...
Doing warmup FFTs ...
Doing warmup FFTs ...
Doing warmup FFTs ...
Doing warmup FFTs ...
Doing warmup FFTs ...
Doing warmup FFTs ...
Doing warmup FFTs ...
Doing warmup FFTs ...
Doing warmup FFTs ...
Doing warmup FFTs ...
Doing warmup FFTs ...
Doing warmup FFTs ...
Doing warmup FFTs ...
Doing warmup FFTs ...
Doing warmup FFTs ...
Doing warmup FFTs ...
Doing warmup FFTs ...
Doing warmup FFTs ...
Doing warmup FFTs ...
Doing warmup FFTs ...
Doing warmup FFTs ...
Doing warmup FFTs ...
Doing warmup FFTs ...
Doing warmup FFTs ...
Doing warmup FFTs ...
Doing warmup FFTs ...
Doing warmup FFTs ...
Doing warmup FFTs ...
Doing warmup FFTs ...
Doing warmup FFTs ...
Doing warmup FFTs ...
Doing warmup FFTs ...
Doing warmup FFTs ...
Doing warmup FFTs ...
Doing warmup FFTs ...
Doing warmup FFTs ...
Doing warmup FFTs ...
Doing warmup FFTs ...
Doing warmup FFTs ...
Doing warmup FFTs ...
Doing warmup FFTs ...
Doing warmup FFTs ...
Doing warmup FFTs ...
Doing warmup FFTs ...
Doing warmup FFTs ...
Doing warmup FFTs ...
Doing warmup FFTs ...
Doing warmup FFTs ...
Doing warmup FFTs ...
Doing warmup FFTs ...
Doing warmup FFTs ...
Doing warmup FFTs ...
Doing warmup FFTs ...
Doing warmup FFTs ...
Doing warmup FFTs ...
Doing warmup FFTs ...
Doing warmup FFTs ...
Doing warmup FFTs ...
Doing warmup FFTs ...
Doing warmup FFTs ...
Doing warmup FFTs ...
Doing warmup FFTs ...
Doing warmup FFTs ...
Doing warmup FFTs ...
Doing warmup FFTs ...
Doing warmup FFTs ...
Doing warmup FFTs ...
Doing warmup FFTs ...
Doing warmup FFTs ...
Doing warmup FFTs ...
Doing warmup FFTs ...
Doing warmup FFTs ...
Doing warmup FFTs ...
Doing warmup FFTs ...
Doing warmup FFTs ...
Doing warmup FFTs ...
Doing warmup FFTs ...
Doing warmup FFTs ...
Doing warmup FFTs ...
Doing warmup FFTs ...
Doing warmup FFTs ...
Doing warmup FFTs ...
Doing warmup FFTs ...
Doing warmup FFTs ...
Doing warmup FFTs ...
Doing warmup FFTs ...
Doing warmup FFTs ...
Doing warmup FFTs ...
Doing warmup FFTs ...
Doing warmup FFTs ...
Doing warmup FFTs ...
Doing warmup FFTs ...
Doing warmup FFTs ...
Doing warmup FFTs ...
Doing warmup FFTs ...
Doing warmup FFTs ...
Doing warmup FFTs ...
Doing warmup FFTs ...
Doing warmup FFTs ...
Doing warmup FFTs ...
Doing warmup FFTs ...
Doing warmup FFTs ...
Doing warmup FFTs ...
Doing warmup FFTs ...
Doing warmup FFTs ...
Doing warmup FFTs ...
Doing warmup FFTs ...
Doing warmup FFTs ...
Doing warmup FFTs ...
Doing warmup FFTs ...
Doing warmup FFTs ...
Doing warmup FFTs ...
Doing warmup FFTs ...
Doing warmup FFTs ...
Doing warmup FFTs ...
Doing warmup FFTs ...
Doing warmup FFTs ...
Doing warmup FFTs ...
Doing warmup FFTs ...
Doing warmup FFTs ...
Doing warmup FFTs ...
Doing warmup FFTs ...
Doing warmup FFTs ...
Doing warmup FFTs ...
Doing warmup FFTs ...
Doing warmup FFTs ...
Doing warmup FFTs ...
Doing warmup FFTs ...
Doing warmup FFTs ...
Doing warmup FFTs ...
Doing warmup FFTs ...
Doing warmup FFTs ...
Doing warmup FFTs ...
Doing warmup FFTs ...
Doing warmup FFTs ...
Doing warmup FFTs ...
Doing warmup FFTs ...
Doing warmup FFTs ...
Doing warmup FFTs ...
Doing warmup FFTs ...
Doing warmup FFTs ...
Doing warmup FFTs ...
Doing warmup FFTs ...
Doing warmup FFTs ...
Doing warmup FFTs ...
Doing warmup FFTs ...
Doing warmup FFTs ...
Doing warmup FFTs ...
Doing warmup FFTs ...
Doing warmup FFTs ...
Doing warmup FFTs ...
Doing warmup FFTs ...
Doing warmup FFTs ...
Doing warmup FFTs ...
Doing warmup FFTs ...
Doing warmup FFTs ...
Doing warmup FFTs ...
Doing warmup FFTs ...
Doing warmup FFTs ...
Doing warmup FFTs ...
Doing warmup FFTs ...
Doing warmup FFTs ...
Doing warmup FFTs ...
Doing warmup FFTs ...
Doing warmup FFTs ...
Doing warmup FFTs ...
Doing warmup FFTs ...
Doing warmup FFTs ...
Doing warmup FFTs ...
Doing warmup FFTs ...
Doing warmup FFTs ...
Doing warmup FFTs ...
Doing warmup FFTs ...
Doing warmup FFTs ...
Doing warmup FFTs ...
Doing warmup FFTs ...
Doing warmup FFTs ...
Doing warmup FFTs ...
Doing warmup FFTs ...
Doing warmup FFTs ...
Doing warmup FFTs ...
Doing warmup FFTs ...
Doing warmup FFTs ...
Doing warmup FFTs ...
Doing warmup FFTs ...
Doing warmup FFTs ...
Doing warmup FFTs ...
Doing warmup FFTs ...
Doing warmup FFTs ...
Doing warmup FFTs ...
Doing warmup FFTs ...
Doing warmup FFTs ...
Doing warmup FFTs ...
Doing warmup FFTs ...
Doing warmup FFTs ...
Doing warmup FFTs ...
Doing warmup FFTs ...
Doing warmup FFTs ...
Doing warmup FFTs ...
Doing warmup FFTs ...
Doing warmup FFTs ...
Doing warmup FFTs ...
Doing warmup FFTs ...
Doing warmup FFTs ...
Doing warmup FFTs ...
Doing warmup FFTs ...
Doing warmup FFTs ...
Doing warmup FFTs ...
Doing warmup FFTs ...
Doing warmup FFTs ...
Doing warmup FFTs ...
Doing warmup FFTs ...
Doing warmup FFTs ...
Doing warmup FFTs ...
Doing warmup FFTs ...
Doing warmup FFTs ...
Doing warmup FFTs ...
Doing warmup FFTs ...
Doing warmup FFTs ...
Doing warmup FFTs ...
Doing warmup FFTs ...
Doing warmup FFTs ...
Doing warmup FFTs ...
Doing warmup FFTs ...
Doing warmup FFTs ...
Doing warmup FFTs ...
Doing warmup FFTs ...
Doing warmup FFTs ...
Doing warmup FFTs ...
Doing warmup FFTs ...
Doing warmup FFTs ...
Doing warmup FFTs ...
Doing warmup FFTs ...
Doing warmup FFTs ...
Doing warmup FFTs ...
Doing warmup FFTs ...
Doing warmup FFTs ...
Doing warmup FFTs ...
Doing warmup FFTs ...
Doing warmup FFTs ...
Doing warmup FFTs ...
Doing warmup FFTs ...
Doing warmup FFTs ...
Doing warmup FFTs ...
Doing warmup FFTs ...
Doing warmup FFTs ...
Doing warmup FFTs ...
Doing warmup FFTs ...
Doing warmup FFTs ...
Doing warmup FFTs ...
Doing warmup FFTs ...
Doing warmup FFTs ...
Doing warmup FFTs ...
Doing warmup FFTs ...
Doing warmup FFTs ...
Doing warmup FFTs ...
Doing warmup FFTs ...
Doing warmup FFTs ...
Doing warmup FFTs ...
Doing warmup FFTs ...
Doing warmup FFTs ...
Doing warmup FFTs ...
Doing warmup FFTs ...
Doing warmup FFTs ...
Doing warmup FFTs ...
Doing warmup FFTs ...
Doing warmup FFTs ...
Doing warmup FFTs ...
Doing warmup FFTs ...
Doing warmup FFTs ...
Doing warmup FFTs ...
Doing warmup FFTs ...
Doing warmup FFTs ...
Doing warmup FFTs ...
Doing warmup FFTs ...
Doing warmup FFTs ...
Doing warmup FFTs ...
Doing warmup FFTs ...
Doing warmup FFTs ...
Doing warmup FFTs ...
Doing warmup FFTs ...
Doing warmup FFTs ...
Doing warmup FFTs ...
Doing warmup FFTs ...
Doing warmup FFTs ...
Doing warmup FFTs ...
Doing warmup FFTs ...
Doing warmup FFTs ...
Doing warmup FFTs ...
Doing warmup FFTs ...
Doing warmup FFTs ...
Doing warmup FFTs ...
Doing warmup FFTs ...
Doing warmup FFTs ...
Doing warmup FFTs ...
Doing warmup FFTs ...
Doing warmup FFTs ...
Doing warmup FFTs ...
Doing warmup FFTs ...
Doing warmup FFTs ...
Doing warmup FFTs ...
Doing warmup FFTs ...
Doing warmup FFTs ...
Doing warmup FFTs ...
Doing warmup FFTs ...
Doing warmup FFTs ...
Doing warmup FFTs ...
Doing warmup FFTs ...
Doing warmup FFTs ...
Doing warmup FFTs ...
Doing warmup FFTs ...
Doing warmup FFTs ...
Doing warmup FFTs ...
Doing warmup FFTs ...
Doing warmup FFTs ...
Doing warmup FFTs ...
Doing warmup FFTs ...
Doing warmup FFTs ...
Doing warmup FFTs ...
Doing warmup FFTs ...
Doing warmup FFTs ...
Doing warmup FFTs ...
Doing warmup FFTs ...
Doing warmup FFTs ...
Doing warmup FFTs ...
Doing warmup FFTs ...
Doing warmup FFTs ...
Doing warmup FFTs ...
Doing warmup FFTs ...
Doing warmup FFTs ...
Doing warmup FFTs ...
Doing warmup FFTs ...
Doing warmup FFTs ...
Doing warmup FFTs ...
Doing warmup FFTs ...
Doing warmup FFTs ...
Doing warmup FFTs ...
Doing warmup FFTs ...
Doing warmup FFTs ...
Doing warmup FFTs ...
Doing warmup FFTs ...
Doing warmup FFTs ...
Doing warmup FFTs ...
Doing warmup FFTs ...
Doing warmup FFTs ...
Doing warmup FFTs ...
Doing warmup FFTs ...
Doing warmup FFTs ...
Doing warmup FFTs ...
Doing warmup FFTs ...
Doing warmup FFTs ...
Doing warmup FFTs ...
Doing warmup FFTs ...
Doing warmup FFTs ...
Doing warmup FFTs ...
Doing warmup FFTs ...
Doing warmup FFTs ...
Doing warmup FFTs ...
Doing warmup FFTs ...
Doing warmup FFTs ...
Doing warmup FFTs ...
Doing warmup FFTs ...
Doing warmup FFTs ...
Doing warmup FFTs ...
Doing warmup FFTs ...
Doing warmup FFTs ...
Doing warmup FFTs ...
Doing warmup FFTs ...
Doing warmup FFTs ...
Doing warmup FFTs ...
Doing warmup FFTs ...
Doing warmup FFTs ...
Doing warmup FFTs ...
Doing warmup FFTs ...
Doing warmup FFTs ...
Doing warmup FFTs ...
Doing warmup FFTs ...
Doing warmup FFTs ...
Doing warmup FFTs ...
Doing warmup FFTs ...
Doing warmup FFTs ...
Doing warmup FFTs ...
Doing warmup FFTs ...
Doing warmup FFTs ...
Doing warmup FFTs ...
Doing warmup FFTs ...
Doing warmup FFTs ...
Doing warmup FFTs ...
Doing warmup FFTs ...
Doing warmup FFTs ...
Doing warmup FFTs ...
Doing warmup FFTs ...
Doing warmup FFTs ...
Doing warmup FFTs ...
Doing warmup FFTs ...
Doing warmup FFTs ...
Doing warmup FFTs ...
Doing warmup FFTs ...
Doing warmup FFTs ...
Doing warmup FFTs ...
Doing warmup FFTs ...
Doing warmup FFTs ...
Doing warmup FFTs ...
Doing warmup FFTs ...
Doing warmup FFTs ...
Doing warmup FFTs ...
Doing warmup FFTs ...
Doing warmup FFTs ...
Doing warmup FFTs ...
Doing warmup FFTs ...
Doing warmup FFTs ...
Doing warmup FFTs ...
Doing warmup FFTs ...
Doing warmup FFTs ...
Doing warmup FFTs ...
Doing warmup FFTs ...
Doing warmup FFTs ...
Doing warmup FFTs ...
Doing warmup FFTs ...
Doing warmup FFTs ...
Doing warmup FFTs ...
Doing warmup FFTs ...
Doing warmup FFTs ...
Doing warmup FFTs ...
Doing warmup FFTs ...
Doing warmup FFTs ...
Doing warmup FFTs ...
Doing warmup FFTs ...
Doing warmup FFTs ...
Doing warmup FFTs ...
Doing warmup FFTs ...
Doing warmup FFTs ...
Doing warmup FFTs ...
Doing warmup FFTs ...
Doing warmup FFTs ...
Doing warmup FFTs ...
Doing warmup FFTs ...
Doing warmup FFTs ...
Doing warmup FFTs ...
Doing warmup FFTs ...
Doing warmup FFTs ...
Doing warmup FFTs ...
Doing warmup FFTs ...
Doing warmup FFTs ...
Doing warmup FFTs ...
Doing warmup FFTs ...
Doing warmup FFTs ...
Doing warmup FFTs ...
Doing warmup FFTs ...
Doing warmup FFTs ...
Doing warmup FFTs ...
Doing warmup FFTs ...
Doing warmup FFTs ...
Doing warmup FFTs ...
Doing warmup FFTs ...
Doing warmup FFTs ...
Doing warmup FFTs ...
Doing warmup FFTs ...
Doing warmup FFTs ...
Doing warmup FFTs ...
Doing warmup FFTs ...
Doing warmup FFTs ...
Doing warmup FFTs ...
Doing warmup FFTs ...
Doing warmup FFTs ...
Doing warmup FFTs ...
Doing warmup FFTs ...
Doing warmup FFTs ...
Doing warmup FFTs ...
Doing warmup FFTs ...
Doing warmup FFTs ...
Doing warmup FFTs ...
Doing warmup FFTs ...
Doing warmup FFTs ...
Doing warmup FFTs ...
Doing warmup FFTs ...
Doing warmup FFTs ...
Doing warmup FFTs ...
Doing warmup FFTs ...
Doing warmup FFTs ...
Doing warmup FFTs ...
Doing warmup FFTs ...
Doing warmup FFTs ...
Doing warmup FFTs ...
Doing warmup FFTs ...
Doing warmup FFTs ...
Doing warmup FFTs ...
Doing warmup FFTs ...
Doing warmup FFTs ...
Doing warmup FFTs ...
Doing warmup FFTs ...
Doing warmup FFTs ...
Doing warmup FFTs ...
Doing warmup FFTs ...
Doing warmup FFTs ...
Doing warmup FFTs ...
Doing warmup FFTs ...
Doing warmup FFTs ...
Doing warmup FFTs ...
Doing warmup FFTs ...
Doing warmup FFTs ...
Doing warmup FFTs ...
Doing warmup FFTs ...
Doing warmup FFTs ...
Doing warmup FFTs ...
Doing warmup FFTs ...
Doing warmup FFTs ...
Doing warmup FFTs ...
Doing warmup FFTs ...
Doing warmup FFTs ...
Doing warmup FFTs ...
Doing warmup FFTs ...
Doing warmup FFTs ...
Doing warmup FFTs ...
Doing warmup FFTs ...
Doing warmup FFTs ...
Doing warmup FFTs ...
Doing warmup FFTs ...
Doing warmup FFTs ...
Doing warmup FFTs ...
Doing warmup FFTs ...
Doing warmup FFTs ...
Doing warmup FFTs ...
Doing warmup FFTs ...
Doing warmup FFTs ...
Doing warmup FFTs ...
Doing warmup FFTs ...
Doing warmup FFTs ...
Doing warmup FFTs ...
Doing warmup FFTs ...
Doing warmup FFTs ...
Doing warmup FFTs ...
Doing warmup FFTs ...
Doing warmup FFTs ...
Doing warmup FFTs ...
Doing warmup FFTs ...
Doing warmup FFTs ...
Doing warmup FFTs ...
Doing warmup FFTs ...
Doing warmup FFTs ...
Doing warmup FFTs ...
Doing warmup FFTs ...
Doing warmup FFTs ...
Doing warmup FFTs ...
Doing warmup FFTs ...
Doing warmup FFTs ...
Doing warmup FFTs ...
Doing warmup FFTs ...
Doing warmup FFTs ...
Doing warmup FFTs ...
Doing warmup FFTs ...
Doing warmup FFTs ...
Doing warmup FFTs ...
Doing warmup FFTs ...
Doing warmup FFTs ...
Doing warmup FFTs ...
Doing warmup FFTs ...
Doing warmup FFTs ...
Doing warmup FFTs ...
Doing warmup FFTs ...
Doing warmup FFTs ...
Doing warmup FFTs ...
Doing warmup FFTs ...
Doing warmup FFTs ...
Doing warmup FFTs ...
Doing warmup FFTs ...
Doing warmup FFTs ...
Doing warmup FFTs ...
Doing warmup FFTs ...
Doing warmup FFTs ...
Doing warmup FFTs ...
Doing warmup FFTs ...
Doing warmup FFTs ...
Doing warmup FFTs ...
Doing warmup FFTs ...
Doing warmup FFTs ...
Doing warmup FFTs ...
Doing warmup FFTs ...
Doing warmup FFTs ...
Doing warmup FFTs ...
Doing warmup FFTs ...
Doing warmup FFTs ...
Doing warmup FFTs ...
Doing warmup FFTs ...
Doing warmup FFTs ...
Doing warmup FFTs ...
Doing warmup FFTs ...
Doing warmup FFTs ...
Doing warmup FFTs ...
Doing warmup FFTs ...
Doing warmup FFTs ...
Doing warmup FFTs ...
Doing warmup FFTs ...
Doing warmup FFTs ...
Doing warmup FFTs ...
Doing warmup FFTs ...
Doing warmup FFTs ...
Doing warmup FFTs ...
Doing warmup FFTs ...
Doing warmup FFTs ...
Doing warmup FFTs ...
Doing warmup FFTs ...
Doing warmup FFTs ...
Doing warmup FFTs ...
Doing warmup FFTs ...
Doing warmup FFTs ...
Doing warmup FFTs ...
Doing warmup FFTs ...
Doing warmup FFTs ...
Doing warmup FFTs ...
Doing warmup FFTs ...
Doing warmup FFTs ...
Doing warmup FFTs ...
Doing warmup FFTs ...
Doing warmup FFTs ...
Doing warmup FFTs ...
Doing warmup FFTs ...
Doing warmup FFTs ...
Doing warmup FFTs ...
Doing warmup FFTs ...
Doing warmup FFTs ...
Doing warmup FFTs ...
Doing warmup FFTs ...
Doing warmup FFTs ...
Doing warmup FFTs ...
Doing warmup FFTs ...
Doing warmup FFTs ...
Doing warmup FFTs ...
Doing warmup FFTs ...
Doing warmup FFTs ...
Doing warmup FFTs ...
Doing warmup FFTs ...
Doing warmup FFTs ...
Doing warmup FFTs ...
Doing warmup FFTs ...
Doing warmup FFTs ...
Doing warmup FFTs ...
Doing warmup FFTs ...
Doing warmup FFTs ...
Doing warmup FFTs ...
Doing warmup FFTs ...
Doing warmup FFTs ...
Doing warmup FFTs ...
Doing warmup FFTs ...
Doing warmup FFTs ...
Doing warmup FFTs ...
Doing warmup FFTs ...
Doing warmup FFTs ...
Doing warmup FFTs ...
Doing warmup FFTs ...
Doing warmup FFTs ...
Doing warmup FFTs ...
Doing warmup FFTs ...
Doing warmup FFTs ...
Doing warmup FFTs ...
Doing warmup FFTs ...
Doing warmup FFTs ...
Doing warmup FFTs ...
Doing warmup FFTs ...
Doing warmup FFTs ...
Doing warmup FFTs ...
Doing warmup FFTs ...
Doing warmup FFTs ...
Doing warmup FFTs ...
Doing warmup FFTs ...
Doing warmup FFTs ...
Doing warmup FFTs ...
Doing warmup FFTs ...
Doing warmup FFTs ...
Doing warmup FFTs ...
Doing warmup FFTs ...
Doing warmup FFTs ...
Doing warmup FFTs ...
Doing warmup FFTs ...
Doing warmup FFTs ...
Doing warmup FFTs ...
Doing warmup FFTs ...
Doing warmup FFTs ...
Doing warmup FFTs ...
Doing warmup FFTs ...
Doing warmup FFTs ...
Doing warmup FFTs ...
Doing warmup FFTs ...
Doing warmup FFTs ...
Doing warmup FFTs ...
Doing warmup FFTs ...
Doing warmup FFTs ...
Doing warmup FFTs ...
Doing warmup FFTs ...
Doing warmup FFTs ...
Doing warmup FFTs ...
Doing warmup FFTs ...
Doing warmup FFTs ...
Doing warmup FFTs ...
Doing warmup FFTs ...
Doing warmup FFTs ...
Doing warmup FFTs ...
Doing warmup FFTs ...
Doing warmup FFTs ...
Doing warmup FFTs ...
Doing warmup FFTs ...
Doing warmup FFTs ...
Doing warmup FFTs ...
Doing warmup FFTs ...
Doing warmup FFTs ...
Doing warmup FFTs ...
Doing warmup FFTs ...
Doing warmup FFTs ...
Doing warmup FFTs ...
Doing warmup FFTs ...
Doing warmup FFTs ...
Doing warmup FFTs ...
Doing warmup FFTs ...
Doing warmup FFTs ...
Doing warmup FFTs ...
Doing warmup FFTs ...
Doing warmup FFTs ...
Doing warmup FFTs ...
Doing warmup FFTs ...
Doing warmup FFTs ...
Doing warmup FFTs ...
Doing warmup FFTs ...
Doing warmup FFTs ...
Doing warmup FFTs ...
Doing warmup FFTs ...
Doing warmup FFTs ...
Doing warmup FFTs ...
Doing warmup FFTs ...
Doing warmup FFTs ...
Doing warmup FFTs ...
Doing warmup FFTs ...
Doing warmup FFTs ...
Doing warmup FFTs ...
Doing warmup FFTs ...
Doing warmup FFTs ...
Doing warmup FFTs ...
Doing warmup FFTs ...
Doing warmup FFTs ...
Doing warmup FFTs ...
Doing warmup FFTs ...
Doing warmup FFTs ...
Doing warmup FFTs ...
Doing warmup FFTs ...
Doing warmup FFTs ...
Doing warmup FFTs ...
Doing warmup FFTs ...
Doing warmup FFTs ...
Doing warmup FFTs ...
Doing warmup FFTs ...
Doing warmup FFTs ...
Doing warmup FFTs ...
Doing warmup FFTs ...
Doing warmup FFTs ...
Doing warmup FFTs ...
Doing warmup FFTs ...
Doing warmup FFTs ...
Doing warmup FFTs ...
Doing warmup FFTs ...
Doing warmup FFTs ...
Doing warmup FFTs ...
Doing warmup FFTs ...
Doing warmup FFTs ...
Doing warmup FFTs ...
Doing warmup FFTs ...
Doing warmup FFTs ...
Doing warmup FFTs ...
Doing warmup FFTs ...
Doing warmup FFTs ...
Doing warmup FFTs ...
Doing warmup FFTs ...
Doing warmup FFTs ...
Doing warmup FFTs ...
Doing warmup FFTs ...
Doing warmup FFTs ...
Doing warmup FFTs ...
Doing warmup FFTs ...
Doing warmup FFTs ...
Doing warmup FFTs ...
Doing warmup FFTs ...
Doing warmup FFTs ...
Doing warmup FFTs ...
Doing warmup FFTs ...
Doing warmup FFTs ...
Doing warmup FFTs ...
Doing warmup FFTs ...
Doing warmup FFTs ...
Doing warmup FFTs ...
Doing warmup FFTs ...
Doing warmup FFTs ...
Doing warmup FFTs ...
Doing warmup FFTs ...
Doing warmup FFTs ...
Doing warmup FFTs ...
Doing warmup FFTs ...
Doing warmup FFTs ...
Doing warmup FFTs ...
Doing warmup FFTs ...
Doing warmup FFTs ...
Doing warmup FFTs ...
Doing warmup FFTs ...
Doing warmup FFTs ...
Doing warmup FFTs ...
Doing warmup FFTs ...
Doing warmup FFTs ...
Doing warmup FFTs ...
Doing warmup FFTs ...
Doing warmup FFTs ...
Doing warmup FFTs ...
Doing warmup FFTs ...
Doing warmup FFTs ...
Doing warmup FFTs ...
Doing warmup FFTs ...
Doing warmup FFTs ...
Doing warmup FFTs ...
Doing warmup FFTs ...
Doing warmup FFTs ...
Doing warmup FFTs ...
Doing warmup FFTs ...
Doing warmup FFTs ...
Doing warmup FFTs ...
Doing warmup FFTs ...
Doing warmup FFTs ...
Doing warmup FFTs ...
Doing warmup FFTs ...
Doing warmup FFTs ...
Doing warmup FFTs ...
Doing warmup FFTs ...
Doing warmup FFTs ...
Doing warmup FFTs ...
Doing warmup FFTs ...
Doing warmup FFTs ...
Doing warmup FFTs ...
Doing warmup FFTs ...
Doing warmup FFTs ...
Doing warmup FFTs ...
Doing warmup FFTs ...
Doing warmup FFTs ...
Doing warmup FFTs ...
Doing warmup FFTs ...
Doing warmup FFTs ...
Doing warmup FFTs ...
Doing warmup FFTs ...
Doing warmup FFTs ...
Doing warmup FFTs ...
Doing warmup FFTs ...
Doing warmup FFTs ...
Doing warmup FFTs ...
Doing warmup FFTs ...
Doing warmup FFTs ...
Doing warmup FFTs ...
Doing warmup FFTs ...
Doing warmup FFTs ...
Doing warmup FFTs ...
Doing warmup FFTs ...
Doing warmup FFTs ...
Doing warmup FFTs ...
Doing warmup FFTs ...
Doing warmup FFTs ...
Doing warmup FFTs ...
Doing warmup FFTs ...
Doing warmup FFTs ...
Doing warmup FFTs ...
Doing warmup FFTs ...
Doing warmup FFTs ...
Doing warmup FFTs ...
Doing warmup FFTs ...
Doing warmup FFTs ...
Doing warmup FFTs ...
Doing warmup FFTs ...
Doing warmup FFTs ...
Doing warmup FFTs ...
Doing warmup FFTs ...
Doing warmup FFTs ...
Doing warmup FFTs ...
Doing warmup FFTs ...
Doing warmup FFTs ...
Doing warmup FFTs ...
Doing warmup FFTs ...
Doing warmup FFTs ...
Doing warmup FFTs ...
Doing warmup FFTs ...
Doing warmup FFTs ...
Doing warmup FFTs ...
Doing warmup FFTs ...
Doing warmup FFTs ...
Doing warmup FFTs ...
Doing warmup FFTs ...
Doing warmup FFTs ...
Doing warmup FFTs ...
Doing warmup FFTs ...
Doing warmup FFTs ...
Doing warmup FFTs ...
Doing warmup FFTs ...
Doing warmup FFTs ...
Doing warmup FFTs ...
Doing warmup FFTs ...
Doing warmup FFTs ...
Doing warmup FFTs ...
Doing warmup FFTs ...
Doing warmup FFTs ...
Doing warmup FFTs ...
Doing warmup FFTs ...
Doing warmup FFTs ...
Doing warmup FFTs ...
Doing warmup FFTs ...
Doing warmup FFTs ...
Doing warmup FFTs ...
Doing warmup FFTs ...
Doing warmup FFTs ...
Doing warmup FFTs ...
Doing warmup FFTs ...
Doing warmup FFTs ...
Doing warmup FFTs ...
Doing warmup FFTs ...
Doing warmup FFTs ...
Doing warmup FFTs ...
Doing warmup FFTs ...
Doing warmup FFTs ...
Doing warmup FFTs ...
Doing warmup FFTs ...
Doing warmup FFTs ...
Doing warmup FFTs ...
Doing warmup FFTs ...
Doing warmup FFTs ...
Doing warmup FFTs ...
Doing warmup FFTs ...
Doing warmup FFTs ...
Doing warmup FFTs ...
Doing warmup FFTs ...
Doing warmup FFTs ...
Doing warmup FFTs ...
Doing warmup FFTs ...
Doing warmup FFTs ...
Doing warmup FFTs ...
Doing warmup FFTs ...
Doing warmup FFTs ...
Doing warmup FFTs ...
Doing warmup FFTs ...
Doing warmup FFTs ...
Doing warmup FFTs ...
Doing warmup FFTs ...
Doing warmup FFTs ...
Doing warmup FFTs ...
Doing warmup FFTs ...
Doing warmup FFTs ...
Doing warmup FFTs ...
Doing warmup FFTs ...
Doing warmup FFTs ...
Doing warmup FFTs ...
Doing warmup FFTs ...
Doing warmup FFTs ...
Doing warmup FFTs ...
Doing warmup FFTs ...
Doing warmup FFTs ...
Doing warmup FFTs ...
Doing warmup FFTs ...
Doing warmup FFTs ...
Doing warmup FFTs ...
Doing warmup FFTs ...
Doing warmup FFTs ...
Doing warmup FFTs ...
Doing warmup FFTs ...
Doing warmup FFTs ...
Doing warmup FFTs ...
Doing warmup FFTs ...
Doing warmup FFTs ...
Doing warmup FFTs ...
Doing warmup FFTs ...
Doing warmup FFTs ...
Doing warmup FFTs ...
Doing warmup FFTs ...
Doing warmup FFTs ...
Doing warmup FFTs ...
Doing warmup FFTs ...
Doing warmup FFTs ...
Doing warmup FFTs ...
Doing warmup FFTs ...
Doing warmup FFTs ...
Doing warmup FFTs ...
Doing warmup FFTs ...
Doing warmup FFTs ...
Doing warmup FFTs ...
Doing warmup FFTs ...
Doing warmup FFTs ...
Doing warmup FFTs ...
Doing warmup FFTs ...
Doing warmup FFTs ...
Doing warmup FFTs ...
Doing warmup FFTs ...
Doing warmup FFTs ...
Doing warmup FFTs ...
Doing warmup FFTs ...
Doing warmup FFTs ...
Doing warmup FFTs ...
Doing warmup FFTs ...
Doing warmup FFTs ...
Doing warmup FFTs ...
Doing warmup FFTs ...
Doing warmup FFTs ...
Doing warmup FFTs ...
Doing warmup FFTs ...
Doing warmup FFTs ...
Doing warmup FFTs ...
Doing warmup FFTs ...
Doing warmup FFTs ...
Doing warmup FFTs ...
Doing warmup FFTs ...
Doing warmup FFTs ...
Doing warmup FFTs ...
Doing warmup FFTs ...
Doing warmup FFTs ...
Doing warmup FFTs ...
Doing warmup FFTs ...
Doing warmup FFTs ...
Doing warmup FFTs ...
Doing warmup FFTs ...
Doing warmup FFTs ...
Doing warmup FFTs ...
Doing warmup FFTs ...
Doing warmup FFTs ...
Doing warmup FFTs ...
Doing warmup FFTs ...
Doing warmup FFTs ...
Doing warmup FFTs ...
Doing warmup FFTs ...
Doing warmup FFTs ...
Doing warmup FFTs ...
Doing warmup FFTs ...
Doing warmup FFTs ...
Doing warmup FFTs ...
Doing warmup FFTs ...
Doing warmup FFTs ...
Doing warmup FFTs ...
Doing warmup FFTs ...
Doing warmup FFTs ...
Doing warmup FFTs ...
Doing warmup FFTs ...
Doing warmup FFTs ...
Doing warmup FFTs ...
Doing warmup FFTs ...
Doing warmup FFTs ...
Doing warmup FFTs ...
Doing warmup FFTs ...
Doing warmup FFTs ...
Doing warmup FFTs ...
Doing warmup FFTs ...
Doing warmup FFTs ...
Doing warmup FFTs ...
Doing warmup FFTs ...
Doing warmup FFTs ...
Doing warmup FFTs ...
Doing warmup FFTs ...
Doing warmup FFTs ...
Doing warmup FFTs ...
Doing warmup FFTs ...
Doing warmup FFTs ...
Doing warmup FFTs ...
Doing warmup FFTs ...
Doing warmup FFTs ...
Doing warmup FFTs ...
Doing warmup FFTs ...
Doing warmup FFTs ...
Doing warmup FFTs ...
Doing warmup FFTs ...
Doing warmup FFTs ...
Doing warmup FFTs ...
Doing warmup FFTs ...
Doing warmup FFTs ...
Doing warmup FFTs ...
Doing warmup FFTs ...
Doing warmup FFTs ...
Doing warmup FFTs ...
Doing warmup FFTs ...
Doing warmup FFTs ...
Doing warmup FFTs ...
Doing warmup FFTs ...
Doing warmup FFTs ...
Doing warmup FFTs ...
Doing warmup FFTs ...
Doing warmup FFTs ...
Doing warmup FFTs ...
Doing warmup FFTs ...
Doing warmup FFTs ...
Doing warmup FFTs ...
Doing warmup FFTs ...
Doing warmup FFTs ...
Doing warmup FFTs ...
Doing warmup FFTs ...
Doing warmup FFTs ...
Doing warmup FFTs ...
Doing warmup FFTs ...
Doing warmup FFTs ...
Doing warmup FFTs ...
Doing warmup FFTs ...
Doing warmup FFTs ...
Doing warmup FFTs ...
Doing warmup FFTs ...
Doing warmup FFTs ...
Doing warmup FFTs ...
Doing warmup FFTs ...
Doing warmup FFTs ...
Doing warmup FFTs ...
Doing warmup FFTs ...
Doing warmup FFTs ...
Doing warmup FFTs ...
Doing warmup FFTs ...
Doing warmup FFTs ...
Doing warmup FFTs ...
Doing warmup FFTs ...
Doing warmup FFTs ...
Doing warmup FFTs ...
Doing warmup FFTs ...
Doing warmup FFTs ...
Doing warmup FFTs ...
Doing warmup FFTs ...
Doing warmup FFTs ...
Doing warmup FFTs ...
Doing warmup FFTs ...
Doing warmup FFTs ...
Doing warmup FFTs ...
Doing warmup FFTs ...
Doing warmup FFTs ...
Doing warmup FFTs ...
Doing warmup FFTs ...
Doing warmup FFTs ...
Doing warmup FFTs ...
Doing warmup FFTs ...
Doing warmup FFTs ...
Doing warmup FFTs ...
Doing warmup FFTs ...
Doing warmup FFTs ...
Doing warmup FFTs ...
Doing warmup FFTs ...
Doing warmup FFTs ...
Doing warmup FFTs ...
Doing warmup FFTs ...
Doing warmup FFTs ...
Doing warmup FFTs ...
Doing warmup FFTs ...
Doing warmup FFTs ...
Doing warmup FFTs ...
Doing warmup FFTs ...
Doing warmup FFTs ...
Doing warmup FFTs ...
Doing warmup FFTs ...
Doing warmup FFTs ...
Doing warmup FFTs ...
Doing warmup FFTs ...
Doing warmup FFTs ...
Doing warmup FFTs ...
Doing warmup FFTs ...
Doing warmup FFTs ...
Doing warmup FFTs ...
Doing warmup FFTs ...
Doing warmup FFTs ...
Doing warmup FFTs ...
Doing warmup FFTs ...
Doing warmup FFTs ...
Doing warmup FFTs ...
Doing warmup FFTs ...
Doing warmup FFTs ...
Doing warmup FFTs ...
Doing warmup FFTs ...
Doing warmup FFTs ...
Doing warmup FFTs ...
Doing warmup FFTs ...
Doing warmup FFTs ...
Doing warmup FFTs ...
Doing warmup FFTs ...
Doing warmup FFTs ...
Doing warmup FFTs ...
Doing warmup FFTs ...
Doing warmup FFTs ...
Doing warmup FFTs ...
Doing warmup FFTs ...
Doing warmup FFTs ...
Doing warmup FFTs ...
Doing warmup FFTs ...
Doing warmup FFTs ...
Doing warmup FFTs ...
Doing warmup FFTs ...
Doing warmup FFTs ...
Doing warmup FFTs ...
Doing warmup FFTs ...
Doing warmup FFTs ...
Doing warmup FFTs ...
Doing warmup FFTs ...
Doing warmup FFTs ...
Doing warmup FFTs ...
Doing warmup FFTs ...
Doing warmup FFTs ...
Doing warmup FFTs ...
Doing warmup FFTs ...
Doing warmup FFTs ...
Doing warmup FFTs ...
Doing warmup FFTs ...
Doing warmup FFTs ...
Doing warmup FFTs ...
Doing warmup FFTs ...
Doing warmup FFTs ...
Doing warmup FFTs ...
Doing warmup FFTs ...
Doing warmup FFTs ...
Doing warmup FFTs ...
Doing warmup FFTs ...
Doing warmup FFTs ...
Doing warmup FFTs ...
Doing warmup FFTs ...
Doing warmup FFTs ...
Doing warmup FFTs ...
Doing warmup FFTs ...
Doing warmup FFTs ...
Doing warmup FFTs ...
Doing warmup FFTs ...
Doing warmup FFTs ...
Doing warmup FFTs ...
Doing warmup FFTs ...
Doing warmup FFTs ...
Doing warmup FFTs ...
Doing warmup FFTs ...
Doing warmup FFTs ...
Doing warmup FFTs ...
Doing warmup FFTs ...
Doing warmup FFTs ...
Doing warmup FFTs ...
Doing warmup FFTs ...
Doing warmup FFTs ...
Doing warmup FFTs ...
Doing warmup FFTs ...
Doing warmup FFTs ...
Doing warmup FFTs ...
Doing warmup FFTs ...
Doing warmup FFTs ...
Doing warmup FFTs ...
Doing warmup FFTs ...
Doing warmup FFTs ...
Doing warmup FFTs ...
Doing warmup FFTs ...
Doing warmup FFTs ...
Doing warmup FFTs ...
Doing warmup FFTs ...
Doing warmup FFTs ...
Doing warmup FFTs ...
Doing warmup FFTs ...
Doing warmup FFTs ...
Doing warmup FFTs ...
Doing warmup FFTs ...
Doing warmup FFTs ...
Doing warmup FFTs ...
Doing warmup FFTs ...
Doing warmup FFTs ...
Doing warmup FFTs ...
Doing warmup FFTs ...
Doing warmup FFTs ...
Doing warmup FFTs ...
Doing warmup FFTs ...
Doing warmup FFTs ...
Doing warmup FFTs ...
Doing warmup FFTs ...
Doing warmup FFTs ...
Doing warmup FFTs ...
Doing warmup FFTs ...
Doing warmup FFTs ...
Doing warmup FFTs ...
Doing warmup FFTs ...
Doing warmup FFTs ...
Doing warmup FFTs ...
Doing warmup FFTs ...
Doing warmup FFTs ...
Doing warmup FFTs ...
Doing warmup FFTs ...
Doing warmup FFTs ...
Doing warmup FFTs ...
Doing warmup FFTs ...
Doing warmup FFTs ...
Doing warmup FFTs ...
Doing warmup FFTs ...
Doing warmup FFTs ...
Doing warmup FFTs ...
Doing warmup FFTs ...
Doing warmup FFTs ...
Doing warmup FFTs ...
Doing warmup FFTs ...
Doing warmup FFTs ...
Doing warmup FFTs ...
Doing warmup FFTs ...
Doing warmup FFTs ...
Doing warmup FFTs ...
Doing warmup FFTs ...
Doing warmup FFTs ...
Doing warmup FFTs ...
Doing warmup FFTs ...
Doing warmup FFTs ...
Doing warmup FFTs ...
Doing warmup FFTs ...
Doing warmup FFTs ...
Doing warmup FFTs ...
Doing warmup FFTs ...
Doing warmup FFTs ...
Doing warmup FFTs ...
Doing warmup FFTs ...
Doing warmup FFTs ...
Doing warmup FFTs ...
Doing warmup FFTs ...
Doing warmup FFTs ...
Doing warmup FFTs ...
Doing warmup FFTs ...
Doing warmup FFTs ...
Doing warmup FFTs ...
Doing warmup FFTs ...
Doing warmup FFTs ...
Doing warmup FFTs ...
Doing warmup FFTs ...
Doing warmup FFTs ...
Doing warmup FFTs ...
Doing warmup FFTs ...
Doing warmup FFTs ...
Doing warmup FFTs ...
Doing warmup FFTs ...
Doing warmup FFTs ...
Doing warmup FFTs ...
Doing warmup FFTs ...
Doing warmup FFTs ...
Doing warmup FFTs ...
Doing warmup FFTs ...
Doing warmup FFTs ...
Doing warmup FFTs ...
Doing warmup FFTs ...
Doing warmup FFTs ...
Doing warmup FFTs ...
Doing warmup FFTs ...
Doing warmup FFTs ...
Doing warmup FFTs ...
Doing warmup FFTs ...
Doing warmup FFTs ...
Doing warmup FFTs ...
Doing warmup FFTs ...
Doing warmup FFTs ...
Doing warmup FFTs ...
Doing warmup FFTs ...
Doing warmup FFTs ...
Doing warmup FFTs ...
Doing warmup FFTs ...
Doing warmup FFTs ...
Doing warmup FFTs ...
Doing warmup FFTs ...
Doing warmup FFTs ...
Doing warmup FFTs ...
Doing warmup FFTs ...
Doing warmup FFTs ...
Doing warmup FFTs ...
Doing warmup FFTs ...
Doing warmup FFTs ...
Doing warmup FFTs ...
Doing warmup FFTs ...
Doing warmup FFTs ...
Doing warmup FFTs ...
Doing warmup FFTs ...
Doing warmup FFTs ...
Doing warmup FFTs ...
Doing warmup FFTs ...
Doing warmup FFTs ...
Doing warmup FFTs ...
Doing warmup FFTs ...
Doing warmup FFTs ...
Doing warmup FFTs ...
Doing warmup FFTs ...
Doing warmup FFTs ...
Doing warmup FFTs ...
Doing warmup FFTs ...
Doing warmup FFTs ...
Doing warmup FFTs ...
Doing warmup FFTs ...
Doing warmup FFTs ...
Doing warmup FFTs ...
Doing warmup FFTs ...
Doing warmup FFTs ...
Doing warmup FFTs ...
Doing warmup FFTs ...
Doing warmup FFTs ...
Doing warmup FFTs ...
Doing warmup FFTs ...
Doing warmup FFTs ...
Doing warmup FFTs ...
Doing warmup FFTs ...
Doing warmup FFTs ...
Doing warmup FFTs ...
Doing warmup FFTs ...
Doing warmup FFTs ...
Doing warmup FFTs ...
Doing warmup FFTs ...
Doing warmup FFTs ...
Doing warmup FFTs ...
Doing warmup FFTs ...
Doing warmup FFTs ...
Doing warmup FFTs ...
Doing warmup FFTs ...
Doing warmup FFTs ...
Doing warmup FFTs ...
Doing warmup FFTs ...
Doing warmup FFTs ...
Doing warmup FFTs ...
Doing warmup FFTs ...
Doing warmup FFTs ...
Doing warmup FFTs ...
Doing warmup FFTs ...
Doing warmup FFTs ...
Doing warmup FFTs ...
Doing warmup FFTs ...
Doing warmup FFTs ...
Doing warmup FFTs ...
Doing warmup FFTs ...
Doing warmup FFTs ...
Doing warmup FFTs ...
Doing warmup FFTs ...
Doing warmup FFTs ...
Doing warmup FFTs ...
Doing warmup FFTs ...
Doing warmup FFTs ...
Doing warmup FFTs ...
Doing warmup FFTs ...
Doing warmup FFTs ...
Doing warmup FFTs ...
Doing warmup FFTs ...
Doing warmup FFTs ...
Doing warmup FFTs ...
Doing warmup FFTs ...
Doing warmup FFTs ...
Doing warmup FFTs ...
Doing warmup FFTs ...
Doing warmup FFTs ...
Doing warmup FFTs ...
Doing warmup FFTs ...
Doing warmup FFTs ...
Doing warmup FFTs ...
Doing warmup FFTs ...
Doing warmup FFTs ...
Doing warmup FFTs ...
Doing warmup FFTs ...
Doing warmup FFTs ...
Doing warmup FFTs ...
Doing warmup FFTs ...
Doing warmup FFTs ...
Doing warmup FFTs ...
Doing warmup FFTs ...
Doing warmup FFTs ...
Doing warmup FFTs ...
Doing warmup FFTs ...
Doing warmup FFTs ...
Doing warmup FFTs ...
Doing warmup FFTs ...
Doing warmup FFTs ...
Doing warmup FFTs ...
Doing warmup FFTs ...
Doing warmup FFTs ...
Doing warmup FFTs ...
Doing warmup FFTs ...
Doing warmup FFTs ...
Doing warmup FFTs ...
Doing warmup FFTs ...
Doing warmup FFTs ...
Doing warmup FFTs ...
Doing warmup FFTs ...
Doing warmup FFTs ...
Doing warmup FFTs ...
Doing warmup FFTs ...
Doing warmup FFTs ...
Doing warmup FFTs ...
Doing warmup FFTs ...
Doing warmup FFTs ...
Doing warmup FFTs ...
Doing warmup FFTs ...
Doing warmup FFTs ...
Doing warmup FFTs ...
Doing warmup FFTs ...
Doing warmup FFTs ...
Doing warmup FFTs ...
Doing warmup FFTs ...
Doing warmup FFTs ...
Doing warmup FFTs ...
Doing warmup FFTs ...
Doing warmup FFTs ...
Doing warmup FFTs ...
Doing warmup FFTs ...
Doing warmup FFTs ...
Doing warmup FFTs ...
Doing warmup FFTs ...
Doing warmup FFTs ...
Doing warmup FFTs ...
Doing warmup FFTs ...
Doing warmup FFTs ...
Doing warmup FFTs ...
Doing warmup FFTs ...
Doing warmup FFTs ...
Doing warmup FFTs ...
Doing warmup FFTs ...
Doing warmup FFTs ...
Doing warmup FFTs ...
Doing warmup FFTs ...
Doing warmup FFTs ...
Doing warmup FFTs ...
Doing warmup FFTs ...
Doing warmup FFTs ...
Doing warmup FFTs ...
Doing warmup FFTs ...
Doing warmup FFTs ...
Doing warmup FFTs ...
Doing warmup FFTs ...
Doing warmup FFTs ...
Doing warmup FFTs ...
Doing warmup FFTs ...
Doing warmup FFTs ...
Doing warmup FFTs ...
Doing warmup FFTs ...
Doing warmup FFTs ...
Doing warmup FFTs ...
Doing warmup FFTs ...
Doing warmup FFTs ...
Doing warmup FFTs ...
Doing warmup FFTs ...
Doing warmup FFTs ...
Doing warmup FFTs ...
Doing warmup FFTs ...
Doing warmup FFTs ...
Doing warmup FFTs ...
Doing warmup FFTs ...
Doing warmup FFTs ...
Doing warmup FFTs ...
Doing warmup FFTs ...
Doing warmup FFTs ...
Doing warmup FFTs ...
Doing warmup FFTs ...
Doing warmup FFTs ...
Doing warmup FFTs ...
Doing warmup FFTs ...
Doing warmup FFTs ...
Doing warmup FFTs ...
Doing warmup FFTs ...
Doing warmup FFTs ...
Doing warmup FFTs ...
Doing warmup FFTs ...
Doing warmup FFTs ...
Doing warmup FFTs ...
Doing warmup FFTs ...
Doing warmup FFTs ...
Doing warmup FFTs ...
Doing warmup FFTs ...
Doing warmup FFTs ...
Doing warmup FFTs ...
Doing warmup FFTs ...
Doing warmup FFTs ...
Doing warmup FFTs ...
Doing warmup FFTs ...
Doing warmup FFTs ...
Doing warmup FFTs ...
Doing warmup FFTs ...
Doing warmup FFTs ...
Doing warmup FFTs ...
Doing warmup FFTs ...
Doing warmup FFTs ...
Doing warmup FFTs ...
Doing warmup FFTs ...
Doing warmup FFTs ...
Doing warmup FFTs ...
Doing warmup FFTs ...
Doing warmup FFTs ...
Doing warmup FFTs ...
Doing warmup FFTs ...
Doing warmup FFTs ...
Doing warmup FFTs ...
Doing warmup FFTs ...
Doing warmup FFTs ...
Doing warmup FFTs ...
Doing warmup FFTs ...
Doing warmup FFTs ...
Doing warmup FFTs ...
Doing warmup FFTs ...
Doing warmup FFTs ...
Doing warmup FFTs ...
Doing warmup FFTs ...
Doing warmup FFTs ...
Doing warmup FFTs ...
Doing warmup FFTs ...
Doing warmup FFTs ...
Doing warmup FFTs ...
Doing warmup FFTs ...
Doing warmup FFTs ...
Doing warmup FFTs ...
Doing warmup FFTs ...
Doing warmup FFTs ...
Doing warmup FFTs ...
Doing warmup FFTs ...
Doing warmup FFTs ...
Doing warmup FFTs ...
Doing warmup FFTs ...
Doing warmup FFTs ...
Doing warmup FFTs ...
Doing warmup FFTs ...
Doing warmup FFTs ...
Doing warmup FFTs ...
Doing warmup FFTs ...
Doing warmup FFTs ...
Doing warmup FFTs ...
Doing warmup FFTs ...
Doing warmup FFTs ...
Doing warmup FFTs ...
Doing warmup FFTs ...
Doing warmup FFTs ...
Doing warmup FFTs ...
Doing warmup FFTs ...
Doing warmup FFTs ...
Doing warmup FFTs ...
Doing warmup FFTs ...
Doing warmup FFTs ...
Doing warmup FFTs ...
Doing warmup FFTs ...
Doing warmup FFTs ...
Doing warmup FFTs ...
Doing warmup FFTs ...
Doing warmup FFTs ...
Doing warmup FFTs ...
Doing warmup FFTs ...
Doing warmup FFTs ...
Doing warmup FFTs ...
Doing warmup FFTs ...
Doing warmup FFTs ...
Doing warmup FFTs ...
Doing warmup FFTs ...
Doing warmup FFTs ...
Doing warmup FFTs ...
Doing warmup FFTs ...
Doing warmup FFTs ...
Doing warmup FFTs ...
Doing warmup FFTs ...
Doing warmup FFTs ...
Doing warmup FFTs ...
Doing warmup FFTs ...
Doing warmup FFTs ...
Doing warmup FFTs ...
Doing warmup FFTs ...
Doing warmup FFTs ...
Doing warmup FFTs ...
Doing warmup FFTs ...
Doing warmup FFTs ...
Doing warmup FFTs ...
Doing warmup FFTs ...
Doing warmup FFTs ...
Doing warmup FFTs ...
Doing warmup FFTs ...
Doing warmup FFTs ...
Doing warmup FFTs ...
Doing warmup FFTs ...
Doing warmup FFTs ...
Doing warmup FFTs ...
Doing warmup FFTs ...
Doing warmup FFTs ...
Doing warmup FFTs ...
Doing warmup FFTs ...
Doing warmup FFTs ...
Doing warmup FFTs ...
Doing warmup FFTs ...
Doing warmup FFTs ...
Doing warmup FFTs ...
Doing warmup FFTs ...
Doing warmup FFTs ...
Doing warmup FFTs ...
Doing warmup FFTs ...
Doing warmup FFTs ...
Doing warmup FFTs ...
Doing warmup FFTs ...
Doing warmup FFTs ...
Doing warmup FFTs ...
Doing warmup FFTs ...
Doing warmup FFTs ...
Doing warmup FFTs ...
Doing warmup FFTs ...
Doing warmup FFTs ...
Doing warmup FFTs ...
Doing warmup FFTs ...
Doing warmup FFTs ...
Doing warmup FFTs ...
Doing warmup FFTs ...
Doing warmup FFTs ...
Doing warmup FFTs ...
Doing warmup FFTs ...
Doing warmup FFTs ...
Doing warmup FFTs ...
Doing warmup FFTs ...
Doing warmup FFTs ...
Doing warmup FFTs ...
Doing warmup FFTs ...
Doing warmup FFTs ...
Doing warmup FFTs ...
Doing warmup FFTs ...
Doing warmup FFTs ...
Doing warmup FFTs ...
Doing warmup FFTs ...
Doing warmup FFTs ...
Doing warmup FFTs ...
Doing warmup FFTs ...
Doing warmup FFTs ...
Doing warmup FFTs ...
Doing FFTs ...
Doing FFTs ...
Doing FFTs ...
Doing FFTs ...
Doing FFTs ...
Doing FFTs ...
Doing FFTs ...
Doing FFTs ...
Doing FFTs ...
Doing FFTs ...
Doing FFTs ...
Doing FFTs ...
Doing FFTs ...
Doing FFTs ...
Doing FFTs ...
Doing FFTs ...
Doing FFTs ...
Doing FFTs ...
Doing FFTs ...
Doing FFTs ...
Doing FFTs ...
Doing FFTs ...
Doing FFTs ...
Doing FFTs ...
Doing FFTs ...
Doing FFTs ...
Doing FFTs ...
Doing FFTs ...
Doing FFTs ...
Doing FFTs ...
Doing FFTs ...
Doing FFTs ...
Doing FFTs ...
Doing FFTs ...
Doing FFTs ...
Doing FFTs ...
Doing FFTs ...
Doing FFTs ...
Doing FFTs ...
Doing FFTs ...
Doing FFTs ...
Doing FFTs ...
Doing FFTs ...
Doing FFTs ...
Doing FFTs ...
Doing FFTs ...
Doing FFTs ...
Doing FFTs ...
Doing FFTs ...
Doing FFTs ...
Doing FFTs ...
Doing FFTs ...
Doing FFTs ...
Doing FFTs ...
Doing FFTs ...
Doing FFTs ...
Doing FFTs ...
Doing FFTs ...
Doing FFTs ...
Doing FFTs ...
Doing FFTs ...
Doing FFTs ...
Doing FFTs ...
Doing FFTs ...
Doing FFTs ...
Doing FFTs ...
Doing FFTs ...
Doing FFTs ...
Doing FFTs ...
Doing FFTs ...
Doing FFTs ...
Doing FFTs ...
Doing FFTs ...
Doing FFTs ...
Doing FFTs ...
Doing FFTs ...
Doing FFTs ...
Doing FFTs ...
Doing FFTs ...
Doing FFTs ...
Doing FFTs ...
Doing FFTs ...
Doing FFTs ...
Doing FFTs ...
Doing FFTs ...
Doing FFTs ...
Doing FFTs ...
Doing FFTs ...
Doing FFTs ...
Doing FFTs ...
Doing FFTs ...
Doing FFTs ...
Doing FFTs ...
Doing FFTs ...
Doing FFTs ...
Doing FFTs ...
Doing FFTs ...
Doing FFTs ...
Doing FFTs ...
Doing FFTs ...
Doing FFTs ...
Doing FFTs ...
Doing FFTs ...
Doing FFTs ...
Doing FFTs ...
Doing FFTs ...
Doing FFTs ...
Doing FFTs ...
Doing FFTs ...
Doing FFTs ...
Doing FFTs ...
Doing FFTs ...
Doing FFTs ...
Doing FFTs ...
Doing FFTs ...
Doing FFTs ...
Doing FFTs ...
Doing FFTs ...
Doing FFTs ...
Doing FFTs ...
Doing FFTs ...
Doing FFTs ...
Doing FFTs ...
Doing FFTs ...
Doing FFTs ...
Doing FFTs ...
Doing FFTs ...
Doing FFTs ...
Doing FFTs ...
Doing FFTs ...
Doing FFTs ...
Doing FFTs ...
Doing FFTs ...
Doing FFTs ...
Doing FFTs ...
Doing FFTs ...
Doing FFTs ...
Doing FFTs ...
Doing FFTs ...
Doing FFTs ...
Doing FFTs ...
Doing FFTs ...
Doing FFTs ...
Doing FFTs ...
Doing FFTs ...
Doing FFTs ...
Doing FFTs ...
Doing FFTs ...
Doing FFTs ...
Doing FFTs ...
Doing FFTs ...
Doing FFTs ...
Doing FFTs ...
Doing FFTs ...
Doing FFTs ...
Doing FFTs ...
Doing FFTs ...
Doing FFTs ...
Doing FFTs ...
Doing FFTs ...
Doing FFTs ...
Doing FFTs ...
Doing FFTs ...
Doing FFTs ...
Doing FFTs ...
Doing FFTs ...
Doing FFTs ...
Doing FFTs ...
Doing FFTs ...
Doing FFTs ...
Doing FFTs ...
Doing FFTs ...
Doing FFTs ...
Doing FFTs ...
Doing FFTs ...
Doing FFTs ...
Doing FFTs ...
Doing FFTs ...
Doing FFTs ...
Doing FFTs ...
Doing FFTs ...
Doing FFTs ...
Doing FFTs ...
Doing FFTs ...
Doing FFTs ...
Doing FFTs ...
Doing FFTs ...
Doing FFTs ...
Doing FFTs ...
Doing FFTs ...
Doing FFTs ...
Doing FFTs ...
Doing FFTs ...
Doing FFTs ...
Doing FFTs ...
Doing FFTs ...
Doing FFTs ...
Doing FFTs ...
Doing FFTs ...
Doing FFTs ...
Doing FFTs ...
Doing FFTs ...
Doing FFTs ...
Doing FFTs ...
Doing FFTs ...
Doing FFTs ...
Doing FFTs ...
Doing FFTs ...
Doing FFTs ...
Doing FFTs ...
Doing FFTs ...
Doing FFTs ...
Doing FFTs ...
Doing FFTs ...
Doing FFTs ...
Doing FFTs ...
Doing FFTs ...
Doing FFTs ...
Doing FFTs ...
Doing FFTs ...
Doing FFTs ...
Doing FFTs ...
Doing FFTs ...
Doing FFTs ...
Doing FFTs ...
Doing FFTs ...
Doing FFTs ...
Doing FFTs ...
Doing FFTs ...
Doing FFTs ...
Doing FFTs ...
Doing FFTs ...
Doing FFTs ...
Doing FFTs ...
Doing FFTs ...
Doing FFTs ...
Doing FFTs ...
Doing FFTs ...
Doing FFTs ...
Doing FFTs ...
Doing FFTs ...
Doing FFTs ...
Doing FFTs ...
Doing FFTs ...
Doing FFTs ...
Doing FFTs ...
Doing FFTs ...
Doing FFTs ...
Doing FFTs ...
Doing FFTs ...
Doing FFTs ...
Doing FFTs ...
Doing FFTs ...
Doing FFTs ...
Doing FFTs ...
Doing FFTs ...
Doing FFTs ...
Doing FFTs ...
Doing FFTs ...
Doing FFTs ...
Doing FFTs ...
Doing FFTs ...
Doing FFTs ...
Doing FFTs ...
Doing FFTs ...
Doing FFTs ...
Doing FFTs ...
Doing FFTs ...
Doing FFTs ...
Doing FFTs ...
Doing FFTs ...
Doing FFTs ...
Doing FFTs ...
Doing FFTs ...
Doing FFTs ...
Doing FFTs ...
Doing FFTs ...
Doing FFTs ...
Doing FFTs ...
Doing FFTs ...
Doing FFTs ...
Doing FFTs ...
Doing FFTs ...
Doing FFTs ...
Doing FFTs ...
Doing FFTs ...
Doing FFTs ...
Doing FFTs ...
Doing FFTs ...
Doing FFTs ...
Doing FFTs ...
Doing FFTs ...
Doing FFTs ...
Doing FFTs ...
Doing FFTs ...
Doing FFTs ...
Doing FFTs ...
Doing FFTs ...
Doing FFTs ...
Doing FFTs ...
Doing FFTs ...
Doing FFTs ...
Doing FFTs ...
Doing FFTs ...
Doing FFTs ...
Doing FFTs ...
Doing FFTs ...
Doing FFTs ...
Doing FFTs ...
Doing FFTs ...
Doing FFTs ...
Doing FFTs ...
Doing FFTs ...
Doing FFTs ...
Doing FFTs ...
Doing FFTs ...
Doing FFTs ...
Doing FFTs ...
Doing FFTs ...
Doing FFTs ...
Doing FFTs ...
Doing FFTs ...
Doing FFTs ...
Doing FFTs ...
Doing FFTs ...
Doing FFTs ...
Doing FFTs ...
Doing FFTs ...
Doing FFTs ...
Doing FFTs ...
Doing FFTs ...
Doing FFTs ...
Doing FFTs ...
Doing FFTs ...
Doing FFTs ...
Doing FFTs ...
Doing FFTs ...
Doing FFTs ...
Doing FFTs ...
Doing FFTs ...
Doing FFTs ...
Doing FFTs ...
Doing FFTs ...
Doing FFTs ...
Doing FFTs ...
Doing FFTs ...
Doing FFTs ...
Doing FFTs ...
Doing FFTs ...
Doing FFTs ...
Doing FFTs ...
Doing FFTs ...
Doing FFTs ...
Doing FFTs ...
Doing FFTs ...
Doing FFTs ...
Doing FFTs ...
Doing FFTs ...
Doing FFTs ...
Doing FFTs ...
Doing FFTs ...
Doing FFTs ...
Doing FFTs ...
Doing FFTs ...
Doing FFTs ...
Doing FFTs ...
Doing FFTs ...
Doing FFTs ...
Doing FFTs ...
Doing FFTs ...
Doing FFTs ...
Doing FFTs ...
Doing FFTs ...
Doing FFTs ...
Doing FFTs ...
Doing FFTs ...
Doing FFTs ...
Doing FFTs ...
Doing FFTs ...
Doing FFTs ...
Doing FFTs ...
Doing FFTs ...
Doing FFTs ...
Doing FFTs ...
Doing FFTs ...
Doing FFTs ...
Doing FFTs ...
Doing FFTs ...
Doing FFTs ...
Doing FFTs ...
Doing FFTs ...
Doing FFTs ...
Doing FFTs ...
Doing FFTs ...
Doing FFTs ...
Doing FFTs ...
Doing FFTs ...
Doing FFTs ...
Doing FFTs ...
Doing FFTs ...
Doing FFTs ...
Doing FFTs ...
Doing FFTs ...
Doing FFTs ...
Doing FFTs ...
Doing FFTs ...
Doing FFTs ...
Doing FFTs ...
Doing FFTs ...
Doing FFTs ...
Doing FFTs ...
Doing FFTs ...
Doing FFTs ...
Doing FFTs ...
Doing FFTs ...
Doing FFTs ...
Doing FFTs ...
Doing FFTs ...
Doing FFTs ...
Doing FFTs ...
Doing FFTs ...
Doing FFTs ...
Doing FFTs ...
Doing FFTs ...
Doing FFTs ...
Doing FFTs ...
Doing FFTs ...
Doing FFTs ...
Doing FFTs ...
Doing FFTs ...
Doing FFTs ...
Doing FFTs ...
Doing FFTs ...
Doing FFTs ...
Doing FFTs ...
Doing FFTs ...
Doing FFTs ...
Doing FFTs ...
Doing FFTs ...
Doing FFTs ...
Doing FFTs ...
Doing FFTs ...
Doing FFTs ...
Doing FFTs ...
Doing FFTs ...
Doing FFTs ...
Doing FFTs ...
Doing FFTs ...
Doing FFTs ...
Doing FFTs ...
Doing FFTs ...
Doing FFTs ...
Doing FFTs ...
Doing FFTs ...
Doing FFTs ...
Doing FFTs ...
Doing FFTs ...
Doing FFTs ...
Doing FFTs ...
Doing FFTs ...
Doing FFTs ...
Doing FFTs ...
Doing FFTs ...
Doing FFTs ...
Doing FFTs ...
Doing FFTs ...
Doing FFTs ...
Doing FFTs ...
Doing FFTs ...
Doing FFTs ...
Doing FFTs ...
Doing FFTs ...
Doing FFTs ...
Doing FFTs ...
Doing FFTs ...
Doing FFTs ...
Doing FFTs ...
Doing FFTs ...
Doing FFTs ...
Doing FFTs ...
Doing FFTs ...
Doing FFTs ...
Doing FFTs ...
Doing FFTs ...
Doing FFTs ...
Doing FFTs ...
Doing FFTs ...
Doing FFTs ...
Doing FFTs ...
Doing FFTs ...
Doing FFTs ...
Doing FFTs ...
Doing FFTs ...
Doing FFTs ...
Doing FFTs ...
Doing FFTs ...
Doing FFTs ...
Doing FFTs ...
Doing FFTs ...
Doing FFTs ...
Doing FFTs ...
Doing FFTs ...
Doing FFTs ...
Doing FFTs ...
Doing FFTs ...
Doing FFTs ...
Doing FFTs ...
Doing FFTs ...
Doing FFTs ...
Doing FFTs ...
Doing FFTs ...
Doing FFTs ...
Doing FFTs ...
Doing FFTs ...
Doing FFTs ...
Doing FFTs ...
Doing FFTs ...
Doing FFTs ...
Doing FFTs ...
Doing FFTs ...
Doing FFTs ...
Doing FFTs ...
Doing FFTs ...
Doing FFTs ...
Doing FFTs ...
Doing FFTs ...
Doing FFTs ...
Doing FFTs ...
Doing FFTs ...
Doing FFTs ...
Doing FFTs ...
Doing FFTs ...
Doing FFTs ...
Doing FFTs ...
Doing FFTs ...
Doing FFTs ...
Doing FFTs ...
Doing FFTs ...
Doing FFTs ...
Doing FFTs ...
Doing FFTs ...
Doing FFTs ...
Doing FFTs ...
Doing FFTs ...
Doing FFTs ...
Doing FFTs ...
Doing FFTs ...
Doing FFTs ...
Doing FFTs ...
Doing FFTs ...
Doing FFTs ...
Doing FFTs ...
Doing FFTs ...
Doing FFTs ...
Doing FFTs ...
Doing FFTs ...
Doing FFTs ...
Doing FFTs ...
Doing FFTs ...
Doing FFTs ...
Doing FFTs ...
Doing FFTs ...
Doing FFTs ...
Doing FFTs ...
Doing FFTs ...
Doing FFTs ...
Doing FFTs ...
Doing FFTs ...
Doing FFTs ...
Doing FFTs ...
Doing FFTs ...
Doing FFTs ...
Doing FFTs ...
Doing FFTs ...
Doing FFTs ...
Doing FFTs ...
Doing FFTs ...
Doing FFTs ...
Doing FFTs ...
Doing FFTs ...
Doing FFTs ...
Doing FFTs ...
Doing FFTs ...
Doing FFTs ...
Doing FFTs ...
Doing FFTs ...
Doing FFTs ...
Doing FFTs ...
Doing FFTs ...
Doing FFTs ...
Doing FFTs ...
Doing FFTs ...
Doing FFTs ...
Doing FFTs ...
Doing FFTs ...
Doing FFTs ...
Doing FFTs ...
Doing FFTs ...
Doing FFTs ...
Doing FFTs ...
Doing FFTs ...
Doing FFTs ...
Doing FFTs ...
Doing FFTs ...
Doing FFTs ...
Doing FFTs ...
Doing FFTs ...
Doing FFTs ...
Doing FFTs ...
Doing FFTs ...
Doing FFTs ...
Doing FFTs ...
Doing FFTs ...
Doing FFTs ...
Doing FFTs ...
Doing FFTs ...
Doing FFTs ...
Doing FFTs ...
Doing FFTs ...
Doing FFTs ...
Doing FFTs ...
Doing FFTs ...
Doing FFTs ...
Doing FFTs ...
Doing FFTs ...
Doing FFTs ...
Doing FFTs ...
Doing FFTs ...
Doing FFTs ...
Doing FFTs ...
Doing FFTs ...
Doing FFTs ...
Doing FFTs ...
Doing FFTs ...
Doing FFTs ...
Doing FFTs ...
Doing FFTs ...
Doing FFTs ...
Doing FFTs ...
Doing FFTs ...
Doing FFTs ...
Doing FFTs ...
Doing FFTs ...
Doing FFTs ...
Doing FFTs ...
Doing FFTs ...
Doing FFTs ...
Doing FFTs ...
Doing FFTs ...
Doing FFTs ...
Doing FFTs ...
Doing FFTs ...
Doing FFTs ...
Doing FFTs ...
Doing FFTs ...
Doing FFTs ...
Doing FFTs ...
Doing FFTs ...
Doing FFTs ...
Doing FFTs ...
Doing FFTs ...
Doing FFTs ...
Doing FFTs ...
Doing FFTs ...
Doing FFTs ...
Doing FFTs ...
Doing FFTs ...
Doing FFTs ...
Doing FFTs ...
Doing FFTs ...
Doing FFTs ...
Doing FFTs ...
Doing FFTs ...
Doing FFTs ...
Doing FFTs ...
Doing FFTs ...
Doing FFTs ...
Doing FFTs ...
Doing FFTs ...
Doing FFTs ...
Doing FFTs ...
Doing FFTs ...
Doing FFTs ...
Doing FFTs ...
Doing FFTs ...
Doing FFTs ...
Doing FFTs ...
Doing FFTs ...
Doing FFTs ...
Doing FFTs ...
Doing FFTs ...
Doing FFTs ...
Doing FFTs ...
Doing FFTs ...
Doing FFTs ...
Doing FFTs ...
Doing FFTs ...
Doing FFTs ...
Doing FFTs ...
Doing FFTs ...
Doing FFTs ...
Doing FFTs ...
Doing FFTs ...
Doing FFTs ...
Doing FFTs ...
Doing FFTs ...
Doing FFTs ...
Doing FFTs ...
Doing FFTs ...
Doing FFTs ...
Doing FFTs ...
Doing FFTs ...
Doing FFTs ...
Doing FFTs ...
Doing FFTs ...
Doing FFTs ...
Doing FFTs ...
Doing FFTs ...
Doing FFTs ...
Doing FFTs ...
Doing FFTs ...
Doing FFTs ...
Doing FFTs ...
Doing FFTs ...
Doing FFTs ...
Doing FFTs ...
Doing FFTs ...
Doing FFTs ...
Doing FFTs ...
Doing FFTs ...
Doing FFTs ...
Doing FFTs ...
Doing FFTs ...
Doing FFTs ...
Doing FFTs ...
Doing FFTs ...
Doing FFTs ...
Doing FFTs ...
Doing FFTs ...
Doing FFTs ...
Doing FFTs ...
Doing FFTs ...
Doing FFTs ...
Doing FFTs ...
Doing FFTs ...
Doing FFTs ...
Doing FFTs ...
Doing FFTs ...
Doing FFTs ...
Doing FFTs ...
Doing FFTs ...
Doing FFTs ...
Doing FFTs ...
Doing FFTs ...
Doing FFTs ...
Doing FFTs ...
Doing FFTs ...
Doing FFTs ...
Doing FFTs ...
Doing FFTs ...
Doing FFTs ...
Doing FFTs ...
Doing FFTs ...
Doing FFTs ...
Doing FFTs ...
Doing FFTs ...
Doing FFTs ...
Doing FFTs ...
Doing FFTs ...
Doing FFTs ...
Doing FFTs ...
Doing FFTs ...
Doing FFTs ...
Doing FFTs ...
Doing FFTs ...
Doing FFTs ...
Doing FFTs ...
Doing FFTs ...
Doing FFTs ...
Doing FFTs ...
Doing FFTs ...
Doing FFTs ...
Doing FFTs ...
Doing FFTs ...
Doing FFTs ...
Doing FFTs ...
Doing FFTs ...
Doing FFTs ...
Doing FFTs ...
Doing FFTs ...
Doing FFTs ...
Doing FFTs ...
Doing FFTs ...
Doing FFTs ...
Doing FFTs ...
Doing FFTs ...
Doing FFTs ...
Doing FFTs ...
Doing FFTs ...
Doing FFTs ...
Doing FFTs ...
Doing FFTs ...
Doing FFTs ...
Doing FFTs ...
Doing FFTs ...
Doing FFTs ...
Doing FFTs ...
Doing FFTs ...
Doing FFTs ...
Doing FFTs ...
Doing FFTs ...
Doing FFTs ...
Doing FFTs ...
Doing FFTs ...
Doing FFTs ...
Doing FFTs ...
Doing FFTs ...
Doing FFTs ...
Doing FFTs ...
Doing FFTs ...
Doing FFTs ...
Doing FFTs ...
Doing FFTs ...
Doing FFTs ...
Doing FFTs ...
Doing FFTs ...
Doing FFTs ...
Doing FFTs ...
Doing FFTs ...
Doing FFTs ...
Doing FFTs ...
Doing FFTs ...
Doing FFTs ...
Doing FFTs ...
Doing FFTs ...
Doing FFTs ...
Doing FFTs ...
Doing FFTs ...
Doing FFTs ...
Doing FFTs ...
Doing FFTs ...
Doing FFTs ...
Doing FFTs ...
Doing FFTs ...
Doing FFTs ...
Doing FFTs ...
Doing FFTs ...
Doing FFTs ...
Doing FFTs ...
Doing FFTs ...
Doing FFTs ...
Doing FFTs ...
Doing FFTs ...
Doing FFTs ...
Doing FFTs ...
Doing FFTs ...
Doing FFTs ...
Doing FFTs ...
Doing FFTs ...
Doing FFTs ...
Doing FFTs ...
Doing FFTs ...
Doing FFTs ...
Doing FFTs ...
Doing FFTs ...
Doing FFTs ...
Doing FFTs ...
Doing FFTs ...
Doing FFTs ...
Doing FFTs ...
Doing FFTs ...
Doing FFTs ...
Doing FFTs ...
Doing FFTs ...
Doing FFTs ...
Doing FFTs ...
Doing FFTs ...
Doing FFTs ...
Doing FFTs ...
Doing FFTs ...
Doing FFTs ...
Doing FFTs ...
Doing FFTs ...
Doing FFTs ...
Doing FFTs ...
Doing FFTs ...
Doing FFTs ...
Doing FFTs ...
Doing FFTs ...
Doing FFTs ...
Doing FFTs ...
Doing FFTs ...
Doing FFTs ...
Doing FFTs ...
Doing FFTs ...
Doing FFTs ...
Doing FFTs ...
Doing FFTs ...
Doing FFTs ...
Doing FFTs ...
Doing FFTs ...
Doing FFTs ...
Doing FFTs ...
Doing FFTs ...
Doing FFTs ...
Doing FFTs ...
Doing FFTs ...
Doing FFTs ...
Doing FFTs ...
Doing FFTs ...
Doing FFTs ...
Doing FFTs ...
Doing FFTs ...
Doing FFTs ...
Doing FFTs ...
Doing FFTs ...
Doing FFTs ...
Doing FFTs ...
Doing FFTs ...
Doing FFTs ...
Doing FFTs ...
Doing FFTs ...
Doing FFTs ...
Doing FFTs ...
Doing FFTs ...
Doing FFTs ...
Doing FFTs ...
Doing FFTs ...
Doing FFTs ...
Doing FFTs ...
Doing FFTs ...
Doing FFTs ...
Doing FFTs ...
Doing FFTs ...
Doing FFTs ...
Doing FFTs ...
Doing FFTs ...
Doing FFTs ...
Doing FFTs ...
Doing FFTs ...
Doing FFTs ...
Doing FFTs ...
Doing FFTs ...
Doing FFTs ...
Doing FFTs ...
Doing FFTs ...
Doing FFTs ...
Doing FFTs ...
Doing FFTs ...
Doing FFTs ...
Doing FFTs ...
Doing FFTs ...
Doing FFTs ...
Doing FFTs ...
Doing FFTs ...
Doing FFTs ...
Doing FFTs ...
Doing FFTs ...
Doing FFTs ...
Doing FFTs ...
Doing FFTs ...
Doing FFTs ...
Doing FFTs ...
Doing FFTs ...
Doing FFTs ...
Doing FFTs ...
Doing FFTs ...
Doing FFTs ...
Doing FFTs ...
Doing FFTs ...
Doing FFTs ...
Doing FFTs ...
Doing FFTs ...
Doing FFTs ...
Doing FFTs ...
Doing FFTs ...
Doing FFTs ...
Doing FFTs ...
Doing FFTs ...
Doing FFTs ...
Doing FFTs ...
Doing FFTs ...
Doing FFTs ...
Doing FFTs ...
Doing FFTs ...
Doing FFTs ...
Doing FFTs ...
Doing FFTs ...
Doing FFTs ...
Doing FFTs ...
Doing FFTs ...
Doing FFTs ...
Doing FFTs ...
Doing FFTs ...
Doing FFTs ...
Doing FFTs ...
Doing FFTs ...
Doing FFTs ...
Doing FFTs ...
Doing FFTs ...
Doing FFTs ...
Doing FFTs ...
Doing FFTs ...
Doing FFTs ...
Doing FFTs ...
Doing FFTs ...
Doing FFTs ...
Doing FFTs ...
Doing FFTs ...
Doing FFTs ...
Doing FFTs ...
Doing FFTs ...
Doing FFTs ...
Doing FFTs ...
Doing FFTs ...
Doing FFTs ...
Doing FFTs ...
Doing FFTs ...
Doing FFTs ...
Doing FFTs ...
Doing FFTs ...
Doing FFTs ...
Doing FFTs ...
Doing FFTs ...
Doing FFTs ...
Doing FFTs ...
Doing FFTs ...
Doing FFTs ...
Doing FFTs ...
Doing FFTs ...
Doing FFTs ...
Doing FFTs ...
Doing FFTs ...
Doing FFTs ...
Doing FFTs ...
Doing FFTs ...
Doing FFTs ...
Doing FFTs ...
Doing FFTs ...
Doing FFTs ...
Doing FFTs ...
Doing FFTs ...
Doing FFTs ...
Doing FFTs ...
Doing FFTs ...
Doing FFTs ...
Doing FFTs ...
Doing FFTs ...
Doing FFTs ...
Doing FFTs ...
Doing FFTs ...
Doing FFTs ...
Doing FFTs ...
Doing FFTs ...
Doing FFTs ...
Doing FFTs ...
Doing FFTs ...
Doing FFTs ...
Doing FFTs ...
Doing FFTs ...
Doing FFTs ...
Doing FFTs ...
Doing FFTs ...
Doing FFTs ...
Doing FFTs ...
Doing FFTs ...
Doing FFTs ...
Doing FFTs ...
Doing FFTs ...
Doing FFTs ...
Doing FFTs ...
Doing FFTs ...
Doing FFTs ...
Doing FFTs ...
Doing FFTs ...
Doing FFTs ...
Doing FFTs ...
Doing FFTs ...
Doing FFTs ...
Doing FFTs ...
Doing FFTs ...
Doing FFTs ...
Doing FFTs ...
Doing FFTs ...
Doing FFTs ...
Doing FFTs ...
Doing FFTs ...
Doing FFTs ...
Doing FFTs ...
Doing FFTs ...
Doing FFTs ...
Doing FFTs ...
Doing FFTs ...
Doing FFTs ...
Doing FFTs ...
Doing FFTs ...
Doing FFTs ...
Doing FFTs ...
Doing FFTs ...
Doing FFTs ...
Doing FFTs ...
Doing FFTs ...
Doing FFTs ...
Doing FFTs ...
Doing FFTs ...
Doing FFTs ...
Doing FFTs ...
Doing FFTs ...
Doing FFTs ...
Doing FFTs ...
Doing FFTs ...
Doing FFTs ...
Doing FFTs ...
Doing FFTs ...
Doing FFTs ...
Doing FFTs ...
Doing FFTs ...
Doing FFTs ...
Doing FFTs ...
Doing FFTs ...
Doing FFTs ...
Doing FFTs ...
Doing FFTs ...
Doing FFTs ...
Doing FFTs ...
Doing FFTs ...
Doing FFTs ...
Doing FFTs ...
Doing FFTs ...
Doing FFTs ...
Doing FFTs ...
Doing FFTs ...
Doing FFTs ...
Doing FFTs ...
Doing FFTs ...
Doing FFTs ...
Doing FFTs ...
Doing FFTs ...
Doing FFTs ...
Doing FFTs ...
Doing FFTs ...
Doing FFTs ...
Doing FFTs ...
Doing FFTs ...
Doing FFTs ...
Doing FFTs ...
Doing FFTs ...
Doing FFTs ...
Doing FFTs ...
Doing FFTs ...
Doing FFTs ...
Doing FFTs ...
Doing FFTs ...
Doing FFTs ...
Doing FFTs ...
Doing FFTs ...
Doing FFTs ...
Doing FFTs ...
Doing FFTs ...
Doing FFTs ...
Doing FFTs ...
Doing FFTs ...
Doing FFTs ...
Doing FFTs ...
Doing FFTs ...
Doing FFTs ...
Doing FFTs ...
Doing FFTs ...
Doing FFTs ...
Doing FFTs ...
Doing FFTs ...
Doing FFTs ...
Doing FFTs ...
Doing FFTs ...
Doing FFTs ...
Doing FFTs ...
Doing FFTs ...
Doing FFTs ...
Doing FFTs ...
Doing FFTs ...
Doing FFTs ...
Doing FFTs ...
Doing FFTs ...
Doing FFTs ...
Doing FFTs ...
Doing FFTs ...
Doing FFTs ...
Doing FFTs ...
Doing FFTs ...
Doing FFTs ...
Doing FFTs ...
Doing FFTs ...
Doing FFTs ...
Doing FFTs ...
Doing FFTs ...
Doing FFTs ...
Doing FFTs ...
Doing FFTs ...
Doing FFTs ...
Doing FFTs ...
Doing FFTs ...
Doing FFTs ...
Doing FFTs ...
Doing FFTs ...
Doing FFTs ...
Doing FFTs ...
Doing FFTs ...
Doing FFTs ...
Doing FFTs ...
Doing FFTs ...
Doing FFTs ...
Doing FFTs ...
Doing FFTs ...
Doing FFTs ...
Doing FFTs ...
Doing FFTs ...
Doing FFTs ...
Doing FFTs ...
Doing FFTs ...
Doing FFTs ...
Doing FFTs ...
Doing FFTs ...
Doing FFTs ...
Doing FFTs ...
Doing FFTs ...
Doing FFTs ...
Doing FFTs ...
Doing FFTs ...
Doing FFTs ...
Doing FFTs ...
Doing FFTs ...
Doing FFTs ...
Doing FFTs ...
Doing FFTs ...
Doing FFTs ...
Doing FFTs ...
Doing FFTs ...
Doing FFTs ...
Doing FFTs ...
Doing FFTs ...
Doing FFTs ...
Doing FFTs ...
Doing FFTs ...
Doing FFTs ...
Doing FFTs ...
Doing FFTs ...
Doing FFTs ...
Doing FFTs ...
Doing FFTs ...
Doing FFTs ...
Doing FFTs ...
Doing FFTs ...
Doing FFTs ...
Doing FFTs ...
Doing FFTs ...
Doing FFTs ...
Doing FFTs ...
Doing FFTs ...
Doing FFTs ...
Doing FFTs ...
Doing FFTs ...
Doing FFTs ...
Doing FFTs ...
Doing FFTs ...
Doing FFTs ...
Doing FFTs ...
Doing FFTs ...
Doing FFTs ...
Doing FFTs ...
Doing FFTs ...
Doing FFTs ...
Doing FFTs ...
Doing FFTs ...
Doing FFTs ...
Doing FFTs ...
Doing FFTs ...
Doing FFTs ...
Doing FFTs ...
Doing FFTs ...
Doing FFTs ...
Doing FFTs ...
Doing FFTs ...
Doing FFTs ...
Doing FFTs ...
Doing FFTs ...
Doing FFTs ...
Doing FFTs ...
Doing FFTs ...
Doing FFTs ...
Doing FFTs ...
Doing FFTs ...
Doing FFTs ...
Doing FFTs ...
Doing FFTs ...
Doing FFTs ...
Doing FFTs ...
Doing FFTs ...
Doing FFTs ...
Doing FFTs ...
Doing FFTs ...
Doing FFTs ...
Doing FFTs ...
Doing FFTs ...
Doing FFTs ...
Doing FFTs ...
Doing FFTs ...
Doing FFTs ...
Doing FFTs ...
Doing FFTs ...
Doing FFTs ...
Doing FFTs ...
Doing FFTs ...
Doing FFTs ...
Doing FFTs ...
Doing FFTs ...
Doing FFTs ...
Doing FFTs ...
Doing FFTs ...
Doing FFTs ...
Doing FFTs ...
Doing FFTs ...
Doing FFTs ...
Doing FFTs ...
Doing FFTs ...
Doing FFTs ...
Doing FFTs ...
Doing FFTs ...
Doing FFTs ...
Doing FFTs ...
Doing FFTs ...
Doing FFTs ...
Doing FFTs ...
Doing FFTs ...
Doing FFTs ...
Doing FFTs ...
Doing FFTs ...
Doing FFTs ...
Doing FFTs ...
Doing FFTs ...
Doing FFTs ...
Doing FFTs ...
Doing FFTs ...
Doing FFTs ...
Doing FFTs ...
Doing FFTs ...
Doing FFTs ...
Doing FFTs ...
Doing FFTs ...
Doing FFTs ...
Doing FFTs ...
Doing FFTs ...
Doing FFTs ...
Doing FFTs ...
Doing FFTs ...
Doing FFTs ...
Doing FFTs ...
Doing FFTs ...
Doing FFTs ...
Doing FFTs ...
Doing FFTs ...
Doing FFTs ...
Doing FFTs ...
Doing FFTs ...
Doing FFTs ...
Doing FFTs ...
Doing FFTs ...
Doing FFTs ...
Doing FFTs ...
Doing FFTs ...
Doing FFTs ...
Doing FFTs ...
Doing FFTs ...
Doing FFTs ...
Doing FFTs ...
Doing FFTs ...
Doing FFTs ...
Doing FFTs ...
Doing FFTs ...
Doing FFTs ...
Doing FFTs ...
Doing FFTs ...
Doing FFTs ...
Doing FFTs ...
Doing FFTs ...
Doing FFTs ...
Doing FFTs ...
Doing FFTs ...
Doing FFTs ...
Doing FFTs ...
Doing FFTs ...
Doing FFTs ...
Doing FFTs ...
Doing FFTs ...
Doing FFTs ...
Doing FFTs ...
Doing FFTs ...
Doing FFTs ...
Doing FFTs ...
Doing FFTs ...
Doing FFTs ...
Doing FFTs ...
Doing FFTs ...
Doing FFTs ...
Doing FFTs ...
Doing FFTs ...
Doing FFTs ...
Doing FFTs ...
Doing FFTs ...
Doing FFTs ...
Doing FFTs ...
Doing FFTs ...
Doing FFTs ...
Doing FFTs ...
Doing FFTs ...
Doing FFTs ...
Doing FFTs ...
Doing FFTs ...
Doing FFTs ...
Doing FFTs ...
Doing FFTs ...
Doing FFTs ...
Doing FFTs ...
Doing FFTs ...
Doing FFTs ...
Doing FFTs ...
Doing FFTs ...
Doing FFTs ...
Doing FFTs ...
Doing FFTs ...
Doing FFTs ...
Doing FFTs ...
Doing FFTs ...
Doing FFTs ...
Doing FFTs ...
Doing FFTs ...
Doing FFTs ...
Doing FFTs ...
Doing FFTs ...
Doing FFTs ...
Doing FFTs ...
Doing FFTs ...
Doing FFTs ...
Doing FFTs ...
Doing FFTs ...
Doing FFTs ...
Doing FFTs ...
Doing FFTs ...
Doing FFTs ...
Doing FFTs ...
Doing FFTs ...
Doing FFTs ...
Doing FFTs ...
Doing FFTs ...
Doing FFTs ...
Doing FFTs ...
Doing FFTs ...
Doing FFTs ...
Doing FFTs ...
Doing FFTs ...
Doing FFTs ...
Doing FFTs ...
Doing FFTs ...
Doing FFTs ...
Doing FFTs ...
Doing FFTs ...
Doing FFTs ...
Doing FFTs ...
Doing FFTs ...
Doing FFTs ...
Doing FFTs ...
Doing FFTs ...
Doing FFTs ...
Doing FFTs ...
Doing FFTs ...
Doing FFTs ...
Doing FFTs ...
Doing FFTs ...
Doing FFTs ...
Doing FFTs ...
Doing FFTs ...
Doing FFTs ...
Doing FFTs ...
Doing FFTs ...
Doing FFTs ...
Doing FFTs ...
Doing FFTs ...
Doing FFTs ...
Doing FFTs ...
Doing FFTs ...
Doing FFTs ...
Doing FFTs ...
Doing FFTs ...
Doing FFTs ...
Doing FFTs ...
Doing FFTs ...
Doing FFTs ...
Doing FFTs ...
Doing FFTs ...
Doing FFTs ...
Doing FFTs ...
Doing FFTs ...
Doing FFTs ...
Doing FFTs ...
Doing FFTs ...
Doing FFTs ...
Doing FFTs ...
Doing FFTs ...
Doing FFTs ...
Doing FFTs ...
Doing FFTs ...
Doing FFTs ...
Doing FFTs ...
Doing FFTs ...
Doing FFTs ...
Doing FFTs ...
Doing FFTs ...
Doing FFTs ...
Doing FFTs ...
Doing FFTs ...
Doing FFTs ...
Doing FFTs ...
Doing FFTs ...
Doing FFTs ...
Doing FFTs ...
Doing FFTs ...
Doing FFTs ...
Doing FFTs ...
Doing FFTs ...
Doing FFTs ...
Doing FFTs ...
Doing FFTs ...
Doing FFTs ...
Doing FFTs ...
Doing FFTs ...
Doing FFTs ...
Doing FFTs ...
Doing FFTs ...
Doing FFTs ...
Doing FFTs ...
Doing FFTs ...
Doing FFTs ...
Doing FFTs ...
Doing FFTs ...
Doing FFTs ...
Doing FFTs ...
Doing FFTs ...
Doing FFTs ...
Doing FFTs ...
Doing FFTs ...
Doing FFTs ...
Doing FFTs ...
Doing FFTs ...
Doing FFTs ...
Doing FFTs ...
Doing FFTs ...
Doing FFTs ...
Doing FFTs ...
Doing FFTs ...
Doing FFTs ...
Doing FFTs ...
Doing FFTs ...
Doing FFTs ...
Doing FFTs ...
Doing FFTs ...
Doing FFTs ...
Doing FFTs ...
Doing FFTs ...
Doing FFTs ...
Doing FFTs ...
Doing FFTs ...
Doing FFTs ...
Doing FFTs ...
Doing FFTs ...
Doing FFTs ...
Doing FFTs ...
Doing FFTs ...
Doing FFTs ...
Doing FFTs ...
Doing FFTs ...
Doing FFTs ...
Doing FFTs ...
Doing FFTs ...
Doing FFTs ...
Doing FFTs ...
Doing FFTs ...
Doing FFTs ...
Doing FFTs ...
Doing FFTs ...
Doing FFTs ...
Doing FFTs ...
Doing FFTs ...
Doing FFTs ...
Doing FFTs ...
Doing FFTs ...
Doing FFTs ...
Doing FFTs ...
Doing FFTs ...
Doing FFTs ...
Doing FFTs ...
Doing FFTs ...
Doing FFTs ...
Doing FFTs ...
Doing FFTs ...
Doing FFTs ...
Doing FFTs ...
Doing FFTs ...
Doing FFTs ...
Doing FFTs ...
Doing FFTs ...
Doing FFTs ...
Doing FFTs ...
Doing FFTs ...
Doing FFTs ...
Doing FFTs ...
Doing FFTs ...
Doing FFTs ...
Doing FFTs ...
Doing FFTs ...
Doing FFTs ...
Doing FFTs ...
Doing FFTs ...
Doing FFTs ...
Doing FFTs ...
Doing FFTs ...
Doing FFTs ...
Doing FFTs ...
Doing FFTs ...
Doing FFTs ...
Doing FFTs ...
Doing FFTs ...
Doing FFTs ...
Doing FFTs ...
Doing FFTs ...
Doing FFTs ...
Doing FFTs ...
Doing FFTs ...
Doing FFTs ...
Doing FFTs ...
Doing FFTs ...
Doing FFTs ...
Doing FFTs ...
Doing FFTs ...
Doing FFTs ...
Doing FFTs ...
Doing FFTs ...
Doing FFTs ...
Doing FFTs ...
Doing FFTs ...
Doing FFTs ...
Doing FFTs ...
Doing FFTs ...
Doing FFTs ...
Doing FFTs ...
Doing FFTs ...
Doing FFTs ...
Doing FFTs ...
Doing FFTs ...
Doing FFTs ...
Doing FFTs ...
Doing FFTs ...
Doing FFTs ...
Doing FFTs ...
Doing FFTs ...
Doing FFTs ...
Doing FFTs ...
Doing FFTs ...
Doing FFTs ...
Doing FFTs ...
Doing FFTs ...
Doing FFTs ...
Doing FFTs ...
Doing FFTs ...
Doing FFTs ...
Doing FFTs ...
Doing FFTs ...
Doing FFTs ...
Doing FFTs ...
Doing FFTs ...
Doing FFTs ...
Doing FFTs ...
Doing FFTs ...
Doing FFTs ...
Doing FFTs ...
Doing FFTs ...
Doing FFTs ...
Doing FFTs ...
Doing FFTs ...
Doing FFTs ...
Doing FFTs ...
Doing FFTs ...
Doing FFTs ...
Doing FFTs ...
Doing FFTs ...
Doing FFTs ...
Doing FFTs ...
Doing FFTs ...
Doing FFTs ...
Doing FFTs ...
Doing FFTs ...
Doing FFTs ...
Doing FFTs ...
Doing FFTs ...
Doing FFTs ...
Doing FFTs ...
Doing FFTs ...
Doing FFTs ...
Doing FFTs ...
Doing FFTs ...
Doing FFTs ...
Doing FFTs ...
Doing FFTs ...
Doing FFTs ...
Doing FFTs ...
Doing FFTs ...
Doing FFTs ...
Doing FFTs ...
Doing FFTs ...
Doing FFTs ...
Doing FFTs ...
Doing FFTs ...
Doing FFTs ...
Doing FFTs ...
Doing FFTs ...
Doing FFTs ...
Doing FFTs ...
Doing FFTs ...
Doing FFTs ...
Doing FFTs ...
Doing FFTs ...
Doing FFTs ...
Doing FFTs ...
Doing FFTs ...
Doing FFTs ...
Doing FFTs ...
Doing FFTs ...
Doing FFTs ...
Doing FFTs ...
Doing FFTs ...
Doing FFTs ...
Doing FFTs ...
Doing FFTs ...
Doing FFTs ...
Doing FFTs ...
Doing FFTs ...
Doing FFTs ...
Doing FFTs ...
Doing FFTs ...
Doing FFTs ...
Doing FFTs ...
Doing FFTs ...
Doing FFTs ...
Doing FFTs ...
Doing FFTs ...
Doing FFTs ...
Doing FFTs ...
Doing FFTs ...
Doing FFTs ...
Doing FFTs ...
Doing FFTs ...
Doing FFTs ...
Doing FFTs ...
Doing FFTs ...
Doing FFTs ...
Doing FFTs ...
Doing FFTs ...
Doing FFTs ...
Doing FFTs ...
Doing FFTs ...
Doing FFTs ...
Doing FFTs ...
Doing FFTs ...
Doing FFTs ...
Doing FFTs ...
Doing FFTs ...
Doing FFTs ...
Doing FFTs ...
Doing FFTs ...
Doing FFTs ...
Doing FFTs ...
Doing FFTs ...
Doing FFTs ...
Doing FFTs ...
Doing FFTs ...
Doing FFTs ...
Doing FFTs ...
Doing FFTs ...
Doing FFTs ...
Doing FFTs ...
Doing FFTs ...
Doing FFTs ...
Doing FFTs ...
Doing FFTs ...
Doing FFTs ...
Doing FFTs ...
Doing FFTs ...
Doing FFTs ...
Doing FFTs ...
Doing FFTs ...
Doing FFTs ...
Doing FFTs ...
Doing FFTs ...
Doing FFTs ...
Doing FFTs ...
Doing FFTs ...
Doing FFTs ...
Doing FFTs ...
Doing FFTs ...
Doing FFTs ...
Doing FFTs ...
Doing FFTs ...
Doing FFTs ...
Doing FFTs ...
Doing FFTs ...
Doing FFTs ...
Doing FFTs ...
Doing FFTs ...
Doing FFTs ...
Doing FFTs ...
Doing FFTs ...
Doing FFTs ...
Doing FFTs ...
Doing FFTs ...
Doing FFTs ...
Doing FFTs ...
Doing FFTs ...
Doing FFTs ...
Doing FFTs ...
Doing FFTs ...
Doing FFTs ...
Doing FFTs ...
Doing FFTs ...
Doing FFTs ...
Doing FFTs ...
Doing FFTs ...
Doing FFTs ...
Doing FFTs ...
Doing FFTs ...
Doing FFTs ...
Doing FFTs ...
Doing FFTs ...
Doing FFTs ...
Doing FFTs ...
Doing FFTs ...
Doing FFTs ...
Doing FFTs ...
Doing FFTs ...
Doing FFTs ...
Doing FFTs ...
Doing FFTs ...
Doing FFTs ...
Doing FFTs ...
Doing FFTs ...
Doing FFTs ...
Doing FFTs ...
Doing FFTs ...
Doing FFTs ...
Doing FFTs ...
Doing FFTs ...
Doing FFTs ...
Doing FFTs ...
Doing FFTs ...
Doing FFTs ...
Doing FFTs ...
Doing FFTs ...
Doing FFTs ...
Doing FFTs ...
Doing FFTs ...
Doing FFTs ...
Doing FFTs ...
Doing FFTs ...
Doing FFTs ...
Doing FFTs ...
Doing FFTs ...
Doing FFTs ...
Doing FFTs ...
Doing FFTs ...
Doing FFTs ...
Doing FFTs ...
Doing FFTs ...
Doing FFTs ...
Doing FFTs ...
Doing FFTs ...
Doing FFTs ...
Doing FFTs ...
Doing FFTs ...
Doing FFTs ...
Doing FFTs ...
Doing FFTs ...
Doing FFTs ...
Doing FFTs ...
Doing FFTs ...
Doing FFTs ...
Doing FFTs ...
Doing FFTs ...
Doing FFTs ...
Doing FFTs ...
Doing FFTs ...
Doing FFTs ...
Doing FFTs ...
Doing FFTs ...
Doing FFTs ...
Doing FFTs ...
Doing FFTs ...
Doing FFTs ...
Doing FFTs ...
Doing FFTs ...
Doing FFTs ...
Doing FFTs ...
Doing FFTs ...
Doing FFTs ...
Doing FFTs ...
Doing FFTs ...
Doing FFTs ...
Doing FFTs ...
Doing FFTs ...
Doing FFTs ...
Doing FFTs ...
Doing FFTs ...
Doing FFTs ...
Doing FFTs ...
Doing FFTs ...
Doing FFTs ...
Doing FFTs ...
Doing FFTs ...
Doing FFTs ...
Doing FFTs ...
Doing FFTs ...
Doing FFTs ...
Doing FFTs ...
Doing FFTs ...
Doing FFTs ...
Doing FFTs ...
Doing FFTs ...
Doing FFTs ...
Doing FFTs ...
Doing FFTs ...
Doing FFTs ...
Doing FFTs ...
Doing FFTs ...
Doing FFTs ...
Doing FFTs ...
Doing FFTs ...
Doing FFTs ...
Doing FFTs ...
Doing FFTs ...
Doing FFTs ...
Doing FFTs ...
Doing FFTs ...
Doing FFTs ...
Doing FFTs ...
Doing FFTs ...
Doing FFTs ...
Doing FFTs ...
Doing FFTs ...
Doing FFTs ...
Doing FFTs ...
Doing FFTs ...
Doing FFTs ...
Doing FFTs ...
Doing FFTs ...
Doing FFTs ...
Doing FFTs ...
Doing FFTs ...
Doing FFTs ...
Doing FFTs ...
Doing FFTs ...
Doing FFTs ...
Doing FFTs ...
Doing FFTs ...
Doing FFTs ...
Doing FFTs ...
Doing FFTs ...
Doing FFTs ...
Doing FFTs ...
Doing FFTs ...
Doing FFTs ...
Doing FFTs ...
Doing FFTs ...
Doing FFTs ...
Doing FFTs ...
Doing FFTs ...
Doing FFTs ...
Doing FFTs ...
Doing FFTs ...
Doing FFTs ...
Doing FFTs ...
Doing FFTs ...
Doing FFTs ...
Doing FFTs ...
Doing FFTs ...
Doing FFTs ...
Doing FFTs ...
Doing FFTs ...
Doing FFTs ...
Doing FFTs ...
Doing FFTs ...
Doing FFTs ...
Doing FFTs ...
Doing FFTs ...
Doing FFTs ...
Doing FFTs ...
Doing FFTs ...
Doing FFTs ...
Doing FFTs ...
Doing FFTs ...
Doing FFTs ...
Doing FFTs ...
Doing FFTs ...
Doing FFTs ...
Doing FFTs ...
Doing FFTs ...
Doing FFTs ...
Doing FFTs ...
Doing FFTs ...
Doing FFTs ...
Doing FFTs ...
Doing FFTs ...
Doing FFTs ...
Doing FFTs ...
Doing FFTs ...
Doing FFTs ...
Doing FFTs ...
Doing FFTs ...
Doing FFTs ...
Doing FFTs ...
Doing FFTs ...
Doing FFTs ...
Doing FFTs ...
Doing FFTs ...
Doing FFTs ...
Doing FFTs ...
Doing FFTs ...
Doing FFTs ...
Doing FFTs ...
Doing FFTs ...
Doing FFTs ...
Doing FFTs ...
Doing FFTs ...
Doing FFTs ...
Doing FFTs ...
Doing FFTs ...
Doing FFTs ...
Doing FFTs ...
Doing FFTs ...
Doing FFTs ...
Doing FFTs ...
Doing FFTs ...
Doing FFTs ...
ibwarn: [265372] _do_madrpc: recv failed: Connection timed out
ibwarn: [265372] mad_rpc: _do_madrpc failed; dport (Lid 1021)
[2026-07-20T11:42:37.192] error: ofed: No error
ParaFaFT: mean=0.671871s, std=0.0186806s
FFTW:     mean=8.98959s, std=3.36019s
CSV written to bench_r2c.csv
>> wrote /pc2/users/c/csdcan02/scratch/Franz/parafaft/benchmark/cluster/results/strong_cpu/N1536_n16_33674713/bench_r2c.csv
