cpu-bind=MASK - n2cn0295, task  0  0 [325425]: mask 0x|BBBBBBBB|BBBBBBBB||BBBBBBBB|BBBBBBBB||BBBBBBBB|BBBBBBBB||BBBBBBBB|BBBBBBBB||||BBBBBBBB|BBBBBBBB||BBBBBBBB|BBBBBBBB||BBBBBBBB|BBBBBBBB||BBBBBBBB|BBBBBBBB| set

Currently Loaded Modules:
  1) pc2fs
  2) slurm/25.11.2-1
  3) DefaultModules                            (S)
  4) compiler/GCCcore/14.2.0
  5) devel/ncurses/6.5-GCCcore-14.2.0
  6) lib/zlib/1.3.1-GCCcore-14.2.0
  7) tools/bzip2/1.0.8-GCCcore-14.2.0
  8) lib/libidn2/2.3.7-GCCcore-14.2.0
  9) lib/libiconv/1.18-GCCcore-14.2.0
 10) lib/libunistring/1.3-GCCcore-14.2.0
 11) lib/libpsl/0.21.5-GCCcore-14.2.0
 12) system/OpenSSL/3
 13) tools/cURL/8.11.1-GCCcore-14.2.0
 14) tools/XZ/5.6.3-GCCcore-14.2.0
 15) tools/libarchive/3.7.7-GCCcore-14.2.0
 16) devel/CMake/3.31.3-GCCcore-14.2.0
 17) tools/binutils/2.42-GCCcore-14.2.0
 18) compiler/GCC/14.2.0
 19) tools/numactl/2.0.19-GCCcore-14.2.0
 20) lib/libxml2/2.13.4-GCCcore-14.2.0
 21) system/libpciaccess/0.18.1-GCCcore-14.2.0
 22) system/hwloc/2.11.2-GCCcore-14.2.0
 23) lib/libevent/2.1.12-GCCcore-14.2.0
 24) lib/UCX/1.18.0-GCCcore-14.2.0
 25) lib/libfabric/2.0.0-GCCcore-14.2.0
 26) lib/PMIx/5.0.6-GCCcore-14.2.0
 27) lib/PRRTE/3.0.8-GCCcore-14.2.0
 28) lib/UCC/1.3.0-GCCcore-14.2.0
 29) mpi/OpenMPI/5.0.7-GCC-14.2.0
 30) toolchain/gompi/2025a
 31) numlib/FFTW/3.3.10-GCC-14.2.0
 32) numlib/FFTW.MPI/3.3.10-gompi-2025a
 33) tools/Szip/2.1.1-GCCcore-14.2.0
 34) data/HDF5/1.14.6-gompi-2025a

  Where:
   S:  Module is Sticky, requires --force to unload or purge
=== strong_cpu: N=2048 nodes=8 ranks=1024 threads=1 iters=20 ===
cpu-bind=MASK - n2cn0295, task  0  0 [325523]: mask 0x|B-------|--------||--------|--------||--------|--------||--------|--------||||--------|--------||--------|--------||--------|--------||--------|--------| set
cpu-bind=MASK - n2cn1146, task 896  0 [368285]: mask 0x|B-------|--------||--------|--------||--------|--------||--------|--------||||--------|--------||--------|--------||--------|--------||--------|--------| set
cpu-bind=MASK - n2cn0295, task  1  1 [325524]: mask 0x|-B------|--------||--------|--------||--------|--------||--------|--------||||--------|--------||--------|--------||--------|--------||--------|--------| set
cpu-bind=MASK - n2cn0295, task  2  2 [325525]: mask 0x|--B-----|--------||--------|--------||--------|--------||--------|--------||||--------|--------||--------|--------||--------|--------||--------|--------| set
cpu-bind=MASK - n2cn1146, task 897  1 [368286]: mask 0x|-B------|--------||--------|--------||--------|--------||--------|--------||||--------|--------||--------|--------||--------|--------||--------|--------| set
cpu-bind=MASK - n2cn0295, task  3  3 [325526]: mask 0x|---B----|--------||--------|--------||--------|--------||--------|--------||||--------|--------||--------|--------||--------|--------||--------|--------| set
cpu-bind=MASK - n2cn1146, task 898  2 [368287]: mask 0x|--B-----|--------||--------|--------||--------|--------||--------|--------||||--------|--------||--------|--------||--------|--------||--------|--------| set
cpu-bind=MASK - n2cn0425, task 256  0 [1621098]: mask 0x|B-------|--------||--------|--------||--------|--------||--------|--------||||--------|--------||--------|--------||--------|--------||--------|--------| set
cpu-bind=MASK - n2cn0295, task  4  4 [325527]: mask 0x|----B---|--------||--------|--------||--------|--------||--------|--------||||--------|--------||--------|--------||--------|--------||--------|--------| set
cpu-bind=MASK - n2cn1146, task 899  3 [368288]: mask 0x|---B----|--------||--------|--------||--------|--------||--------|--------||||--------|--------||--------|--------||--------|--------||--------|--------| set
cpu-bind=MASK - n2cn0425, task 257  1 [1621099]: mask 0x|-B------|--------||--------|--------||--------|--------||--------|--------||||--------|--------||--------|--------||--------|--------||--------|--------| set
cpu-bind=MASK - n2cn0295, task  5  5 [325528]: mask 0x|-----B--|--------||--------|--------||--------|--------||--------|--------||||--------|--------||--------|--------||--------|--------||--------|--------| set
cpu-bind=MASK - n2cn1146, task 900  4 [368289]: mask 0x|----B---|--------||--------|--------||--------|--------||--------|--------||||--------|--------||--------|--------||--------|--------||--------|--------| set
cpu-bind=MASK - n2cn0895, task 512  0 [9185]: mask 0x|B-------|--------||--------|--------||--------|--------||--------|--------||||--------|--------||--------|--------||--------|--------||--------|--------| set
cpu-bind=MASK - n2cn0425, task 258  2 [1621100]: mask 0x|--B-----|--------||--------|--------||--------|--------||--------|--------||||--------|--------||--------|--------||--------|--------||--------|--------| set
cpu-bind=MASK - n2cn0295, task  6  6 [325529]: mask 0x|------B-|--------||--------|--------||--------|--------||--------|--------||||--------|--------||--------|--------||--------|--------||--------|--------| set
cpu-bind=MASK - n2cn1146, task 901  5 [368290]: mask 0x|-----B--|--------||--------|--------||--------|--------||--------|--------||||--------|--------||--------|--------||--------|--------||--------|--------| set
cpu-bind=MASK - n2cn0402, task 128  0 [1470707]: mask 0x|B-------|--------||--------|--------||--------|--------||--------|--------||||--------|--------||--------|--------||--------|--------||--------|--------| set
cpu-bind=MASK - n2cn0895, task 513  1 [9186]: mask 0x|-B------|--------||--------|--------||--------|--------||--------|--------||||--------|--------||--------|--------||--------|--------||--------|--------| set
cpu-bind=MASK - n2cn0425, task 259  3 [1621101]: mask 0x|---B----|--------||--------|--------||--------|--------||--------|--------||||--------|--------||--------|--------||--------|--------||--------|--------| set
cpu-bind=MASK - n2cn1146, task 902  6 [368291]: mask 0x|------B-|--------||--------|--------||--------|--------||--------|--------||||--------|--------||--------|--------||--------|--------||--------|--------| set
cpu-bind=MASK - n2cn0295, task  7  7 [325530]: mask 0x|-------B|--------||--------|--------||--------|--------||--------|--------||||--------|--------||--------|--------||--------|--------||--------|--------| set
cpu-bind=MASK - n2cn0402, task 129  1 [1470708]: mask 0x|-B------|--------||--------|--------||--------|--------||--------|--------||||--------|--------||--------|--------||--------|--------||--------|--------| set
cpu-bind=MASK - n2cn0908, task 640  0 [318526]: mask 0x|B-------|--------||--------|--------||--------|--------||--------|--------||||--------|--------||--------|--------||--------|--------||--------|--------| set
cpu-bind=MASK - n2cn0895, task 514  2 [9187]: mask 0x|--B-----|--------||--------|--------||--------|--------||--------|--------||||--------|--------||--------|--------||--------|--------||--------|--------| set
cpu-bind=MASK - n2cn0425, task 260  4 [1621102]: mask 0x|----B---|--------||--------|--------||--------|--------||--------|--------||||--------|--------||--------|--------||--------|--------||--------|--------| set
cpu-bind=MASK - n2cn1146, task 903  7 [368292]: mask 0x|-------B|--------||--------|--------||--------|--------||--------|--------||||--------|--------||--------|--------||--------|--------||--------|--------| set
cpu-bind=MASK - n2cn0295, task  8  8 [325531]: mask 0x|--------|B-------||--------|--------||--------|--------||--------|--------||||--------|--------||--------|--------||--------|--------||--------|--------| set
cpu-bind=MASK - n2cn0402, task 130  2 [1470709]: mask 0x|--B-----|--------||--------|--------||--------|--------||--------|--------||||--------|--------||--------|--------||--------|--------||--------|--------| set
cpu-bind=MASK - n2cn0895, task 515  3 [9188]: mask 0x|---B----|--------||--------|--------||--------|--------||--------|--------||||--------|--------||--------|--------||--------|--------||--------|--------| set
cpu-bind=MASK - n2cn0425, task 261  5 [1621103]: mask 0x|-----B--|--------||--------|--------||--------|--------||--------|--------||||--------|--------||--------|--------||--------|--------||--------|--------| set
cpu-bind=MASK - n2cn0908, task 641  1 [318527]: mask 0x|-B------|--------||--------|--------||--------|--------||--------|--------||||--------|--------||--------|--------||--------|--------||--------|--------| set
cpu-bind=MASK - n2cn1146, task 904  8 [368293]: mask 0x|--------|B-------||--------|--------||--------|--------||--------|--------||||--------|--------||--------|--------||--------|--------||--------|--------| set
cpu-bind=MASK - n2cn0295, task  9  9 [325532]: mask 0x|--------|-B------||--------|--------||--------|--------||--------|--------||||--------|--------||--------|--------||--------|--------||--------|--------| set
cpu-bind=MASK - n2cn0895, task 516  4 [9189]: mask 0x|----B---|--------||--------|--------||--------|--------||--------|--------||||--------|--------||--------|--------||--------|--------||--------|--------| set
cpu-bind=MASK - n2cn0402, task 131  3 [1470710]: mask 0x|---B----|--------||--------|--------||--------|--------||--------|--------||||--------|--------||--------|--------||--------|--------||--------|--------| set
cpu-bind=MASK - n2cn0425, task 262  6 [1621104]: mask 0x|------B-|--------||--------|--------||--------|--------||--------|--------||||--------|--------||--------|--------||--------|--------||--------|--------| set
cpu-bind=MASK - n2cn0908, task 642  2 [318528]: mask 0x|--B-----|--------||--------|--------||--------|--------||--------|--------||||--------|--------||--------|--------||--------|--------||--------|--------| set
cpu-bind=MASK - n2cn1146, task 905  9 [368294]: mask 0x|--------|-B------||--------|--------||--------|--------||--------|--------||||--------|--------||--------|--------||--------|--------||--------|--------| set
cpu-bind=MASK - n2cn0295, task 10 10 [325533]: mask 0x|--------|--B-----||--------|--------||--------|--------||--------|--------||||--------|--------||--------|--------||--------|--------||--------|--------| set
cpu-bind=MASK - n2cn0895, task 517  5 [9190]: mask 0x|-----B--|--------||--------|--------||--------|--------||--------|--------||||--------|--------||--------|--------||--------|--------||--------|--------| set
cpu-bind=MASK - n2cn0402, task 132  4 [1470711]: mask 0x|----B---|--------||--------|--------||--------|--------||--------|--------||||--------|--------||--------|--------||--------|--------||--------|--------| set
cpu-bind=MASK - n2cn0425, task 263  7 [1621105]: mask 0x|-------B|--------||--------|--------||--------|--------||--------|--------||||--------|--------||--------|--------||--------|--------||--------|--------| set
cpu-bind=MASK - n2cn0908, task 643  3 [318529]: mask 0x|---B----|--------||--------|--------||--------|--------||--------|--------||||--------|--------||--------|--------||--------|--------||--------|--------| set
cpu-bind=MASK - n2cn1146, task 906 10 [368295]: mask 0x|--------|--B-----||--------|--------||--------|--------||--------|--------||||--------|--------||--------|--------||--------|--------||--------|--------| set
cpu-bind=MASK - n2cn0295, task 11 11 [325534]: mask 0x|--------|---B----||--------|--------||--------|--------||--------|--------||||--------|--------||--------|--------||--------|--------||--------|--------| set
cpu-bind=MASK - n2cn0895, task 518  6 [9191]: mask 0x|------B-|--------||--------|--------||--------|--------||--------|--------||||--------|--------||--------|--------||--------|--------||--------|--------| set
cpu-bind=MASK - n2cn0425, task 264  8 [1621106]: mask 0x|--------|B-------||--------|--------||--------|--------||--------|--------||||--------|--------||--------|--------||--------|--------||--------|--------| set
cpu-bind=MASK - n2cn0402, task 133  5 [1470712]: mask 0x|-----B--|--------||--------|--------||--------|--------||--------|--------||||--------|--------||--------|--------||--------|--------||--------|--------| set
cpu-bind=MASK - n2cn0908, task 644  4 [318530]: mask 0x|----B---|--------||--------|--------||--------|--------||--------|--------||||--------|--------||--------|--------||--------|--------||--------|--------| set
cpu-bind=MASK - n2cn1146, task 907 11 [368296]: mask 0x|--------|---B----||--------|--------||--------|--------||--------|--------||||--------|--------||--------|--------||--------|--------||--------|--------| set
cpu-bind=MASK - n2cn0295, task 12 12 [325535]: mask 0x|--------|----B---||--------|--------||--------|--------||--------|--------||||--------|--------||--------|--------||--------|--------||--------|--------| set
cpu-bind=MASK - n2cn0895, task 519  7 [9192]: mask 0x|-------B|--------||--------|--------||--------|--------||--------|--------||||--------|--------||--------|--------||--------|--------||--------|--------| set
cpu-bind=MASK - n2cn0425, task 265  9 [1621107]: mask 0x|--------|-B------||--------|--------||--------|--------||--------|--------||||--------|--------||--------|--------||--------|--------||--------|--------| set
cpu-bind=MASK - n2cn0402, task 134  6 [1470713]: mask 0x|------B-|--------||--------|--------||--------|--------||--------|--------||||--------|--------||--------|--------||--------|--------||--------|--------| set
cpu-bind=MASK - n2cn0908, task 645  5 [318531]: mask 0x|-----B--|--------||--------|--------||--------|--------||--------|--------||||--------|--------||--------|--------||--------|--------||--------|--------| set
cpu-bind=MASK - n2cn1146, task 908 12 [368297]: mask 0x|--------|----B---||--------|--------||--------|--------||--------|--------||||--------|--------||--------|--------||--------|--------||--------|--------| set
cpu-bind=MASK - n2cn0295, task 13 13 [325536]: mask 0x|--------|-----B--||--------|--------||--------|--------||--------|--------||||--------|--------||--------|--------||--------|--------||--------|--------| set
cpu-bind=MASK - n2cn0402, task 135  7 [1470714]: mask 0x|-------B|--------||--------|--------||--------|--------||--------|--------||||--------|--------||--------|--------||--------|--------||--------|--------| set
cpu-bind=MASK - n2cn0425, task 266 10 [1621108]: mask 0x|--------|--B-----||--------|--------||--------|--------||--------|--------||||--------|--------||--------|--------||--------|--------||--------|--------| set
cpu-bind=MASK - n2cn0895, task 520  8 [9193]: mask 0x|--------|B-------||--------|--------||--------|--------||--------|--------||||--------|--------||--------|--------||--------|--------||--------|--------| set
cpu-bind=MASK - n2cn0908, task 646  6 [318532]: mask 0x|------B-|--------||--------|--------||--------|--------||--------|--------||||--------|--------||--------|--------||--------|--------||--------|--------| set
cpu-bind=MASK - n2cn1146, task 909 13 [368298]: mask 0x|--------|-----B--||--------|--------||--------|--------||--------|--------||||--------|--------||--------|--------||--------|--------||--------|--------| set
cpu-bind=MASK - n2cn0295, task 14 14 [325537]: mask 0x|--------|------B-||--------|--------||--------|--------||--------|--------||||--------|--------||--------|--------||--------|--------||--------|--------| set
cpu-bind=MASK - n2cn0402, task 136  8 [1470715]: mask 0x|--------|B-------||--------|--------||--------|--------||--------|--------||||--------|--------||--------|--------||--------|--------||--------|--------| set
cpu-bind=MASK - n2cn0895, task 521  9 [9194]: mask 0x|--------|-B------||--------|--------||--------|--------||--------|--------||||--------|--------||--------|--------||--------|--------||--------|--------| set
cpu-bind=MASK - n2cn0908, task 647  7 [318533]: mask 0x|-------B|--------||--------|--------||--------|--------||--------|--------||||--------|--------||--------|--------||--------|--------||--------|--------| set
cpu-bind=MASK - n2cn0425, task 267 11 [1621109]: mask 0x|--------|---B----||--------|--------||--------|--------||--------|--------||||--------|--------||--------|--------||--------|--------||--------|--------| set
cpu-bind=MASK - n2cn1146, task 910 14 [368299]: mask 0x|--------|------B-||--------|--------||--------|--------||--------|--------||||--------|--------||--------|--------||--------|--------||--------|--------| set
cpu-bind=MASK - n2cn0295, task 15 15 [325538]: mask 0x|--------|-------B||--------|--------||--------|--------||--------|--------||||--------|--------||--------|--------||--------|--------||--------|--------| set
cpu-bind=MASK - n2cn0402, task 137  9 [1470716]: mask 0x|--------|-B------||--------|--------||--------|--------||--------|--------||||--------|--------||--------|--------||--------|--------||--------|--------| set
cpu-bind=MASK - n2cn0908, task 648  8 [318534]: mask 0x|--------|B-------||--------|--------||--------|--------||--------|--------||||--------|--------||--------|--------||--------|--------||--------|--------| set
cpu-bind=MASK - n2cn0895, task 522 10 [9195]: mask 0x|--------|--B-----||--------|--------||--------|--------||--------|--------||||--------|--------||--------|--------||--------|--------||--------|--------| set
cpu-bind=MASK - n2cn0425, task 268 12 [1621110]: mask 0x|--------|----B---||--------|--------||--------|--------||--------|--------||||--------|--------||--------|--------||--------|--------||--------|--------| set
cpu-bind=MASK - n2cn1146, task 911 15 [368300]: mask 0x|--------|-------B||--------|--------||--------|--------||--------|--------||||--------|--------||--------|--------||--------|--------||--------|--------| set
cpu-bind=MASK - n2cn0295, task 16 16 [325539]: mask 0x|--------|--------||B-------|--------||--------|--------||--------|--------||||--------|--------||--------|--------||--------|--------||--------|--------| set
cpu-bind=MASK - n2cn0908, task 649  9 [318535]: mask 0x|--------|-B------||--------|--------||--------|--------||--------|--------||||--------|--------||--------|--------||--------|--------||--------|--------| set
cpu-bind=MASK - n2cn0402, task 138 10 [1470717]: mask 0x|--------|--B-----||--------|--------||--------|--------||--------|--------||||--------|--------||--------|--------||--------|--------||--------|--------| set
cpu-bind=MASK - n2cn0895, task 523 11 [9196]: mask 0x|--------|---B----||--------|--------||--------|--------||--------|--------||||--------|--------||--------|--------||--------|--------||--------|--------| set
cpu-bind=MASK - n2cn0425, task 269 13 [1621111]: mask 0x|--------|-----B--||--------|--------||--------|--------||--------|--------||||--------|--------||--------|--------||--------|--------||--------|--------| set
cpu-bind=MASK - n2cn1146, task 912 16 [368301]: mask 0x|--------|--------||B-------|--------||--------|--------||--------|--------||||--------|--------||--------|--------||--------|--------||--------|--------| set
cpu-bind=MASK - n2cn0295, task 17 17 [325540]: mask 0x|--------|--------||-B------|--------||--------|--------||--------|--------||||--------|--------||--------|--------||--------|--------||--------|--------| set
cpu-bind=MASK - n2cn0908, task 650 10 [318536]: mask 0x|--------|--B-----||--------|--------||--------|--------||--------|--------||||--------|--------||--------|--------||--------|--------||--------|--------| set
cpu-bind=MASK - n2cn0993, task 768  0 [465261]: mask 0x|B-------|--------||--------|--------||--------|--------||--------|--------||||--------|--------||--------|--------||--------|--------||--------|--------| set
cpu-bind=MASK - n2cn0402, task 139 11 [1470718]: mask 0x|--------|---B----||--------|--------||--------|--------||--------|--------||||--------|--------||--------|--------||--------|--------||--------|--------| set
cpu-bind=MASK - n2cn1146, task 913 17 [368302]: mask 0x|--------|--------||-B------|--------||--------|--------||--------|--------||||--------|--------||--------|--------||--------|--------||--------|--------| set
cpu-bind=MASK - n2cn0425, task 270 14 [1621112]: mask 0x|--------|------B-||--------|--------||--------|--------||--------|--------||||--------|--------||--------|--------||--------|--------||--------|--------| set
cpu-bind=MASK - n2cn0295, task 18 18 [325541]: mask 0x|--------|--------||--B-----|--------||--------|--------||--------|--------||||--------|--------||--------|--------||--------|--------||--------|--------| set
cpu-bind=MASK - n2cn0908, task 651 11 [318537]: mask 0x|--------|---B----||--------|--------||--------|--------||--------|--------||||--------|--------||--------|--------||--------|--------||--------|--------| set
cpu-bind=MASK - n2cn0993, task 769  1 [465262]: mask 0x|-B------|--------||--------|--------||--------|--------||--------|--------||||--------|--------||--------|--------||--------|--------||--------|--------| set
cpu-bind=MASK - n2cn0402, task 140 12 [1470719]: mask 0x|--------|----B---||--------|--------||--------|--------||--------|--------||||--------|--------||--------|--------||--------|--------||--------|--------| set
cpu-bind=MASK - n2cn0895, task 524 12 [9197]: mask 0x|--------|----B---||--------|--------||--------|--------||--------|--------||||--------|--------||--------|--------||--------|--------||--------|--------| set
cpu-bind=MASK - n2cn1146, task 914 18 [368303]: mask 0x|--------|--------||--B-----|--------||--------|--------||--------|--------||||--------|--------||--------|--------||--------|--------||--------|--------| set
cpu-bind=MASK - n2cn0425, task 271 15 [1621113]: mask 0x|--------|-------B||--------|--------||--------|--------||--------|--------||||--------|--------||--------|--------||--------|--------||--------|--------| set
cpu-bind=MASK - n2cn0993, task 770  2 [465263]: mask 0x|--B-----|--------||--------|--------||--------|--------||--------|--------||||--------|--------||--------|--------||--------|--------||--------|--------| set
cpu-bind=MASK - n2cn0295, task 19 19 [325542]: mask 0x|--------|--------||---B----|--------||--------|--------||--------|--------||||--------|--------||--------|--------||--------|--------||--------|--------| set
cpu-bind=MASK - n2cn0402, task 141 13 [1470720]: mask 0x|--------|-----B--||--------|--------||--------|--------||--------|--------||||--------|--------||--------|--------||--------|--------||--------|--------| set
cpu-bind=MASK - n2cn0908, task 652 12 [318538]: mask 0x|--------|----B---||--------|--------||--------|--------||--------|--------||||--------|--------||--------|--------||--------|--------||--------|--------| set
cpu-bind=MASK - n2cn0425, task 272 16 [1621114]: mask 0x|--------|--------||B-------|--------||--------|--------||--------|--------||||--------|--------||--------|--------||--------|--------||--------|--------| set
cpu-bind=MASK - n2cn0895, task 525 13 [9198]: mask 0x|--------|-----B--||--------|--------||--------|--------||--------|--------||||--------|--------||--------|--------||--------|--------||--------|--------| set
cpu-bind=MASK - n2cn1146, task 915 19 [368304]: mask 0x|--------|--------||---B----|--------||--------|--------||--------|--------||||--------|--------||--------|--------||--------|--------||--------|--------| set
cpu-bind=MASK - n2cn0993, task 771  3 [465264]: mask 0x|---B----|--------||--------|--------||--------|--------||--------|--------||||--------|--------||--------|--------||--------|--------||--------|--------| set
cpu-bind=MASK - n2cn0295, task 20 20 [325543]: mask 0x|--------|--------||----B---|--------||--------|--------||--------|--------||||--------|--------||--------|--------||--------|--------||--------|--------| set
cpu-bind=MASK - n2cn0425, task 273 17 [1621115]: mask 0x|--------|--------||-B------|--------||--------|--------||--------|--------||||--------|--------||--------|--------||--------|--------||--------|--------| set
cpu-bind=MASK - n2cn0895, task 526 14 [9199]: mask 0x|--------|------B-||--------|--------||--------|--------||--------|--------||||--------|--------||--------|--------||--------|--------||--------|--------| set
cpu-bind=MASK - n2cn1146, task 916 20 [368305]: mask 0x|--------|--------||----B---|--------||--------|--------||--------|--------||||--------|--------||--------|--------||--------|--------||--------|--------| set
cpu-bind=MASK - n2cn0402, task 142 14 [1470721]: mask 0x|--------|------B-||--------|--------||--------|--------||--------|--------||||--------|--------||--------|--------||--------|--------||--------|--------| set
cpu-bind=MASK - n2cn0908, task 653 13 [318539]: mask 0x|--------|-----B--||--------|--------||--------|--------||--------|--------||||--------|--------||--------|--------||--------|--------||--------|--------| set
cpu-bind=MASK - n2cn0601, task 384  0 [6242]: mask 0x|B-------|--------||--------|--------||--------|--------||--------|--------||||--------|--------||--------|--------||--------|--------||--------|--------| set
cpu-bind=MASK - n2cn0425, task 274 18 [1621116]: mask 0x|--------|--------||--B-----|--------||--------|--------||--------|--------||||--------|--------||--------|--------||--------|--------||--------|--------| set
cpu-bind=MASK - n2cn0993, task 772  4 [465265]: mask 0x|----B---|--------||--------|--------||--------|--------||--------|--------||||--------|--------||--------|--------||--------|--------||--------|--------| set
cpu-bind=MASK - n2cn0295, task 21 21 [325544]: mask 0x|--------|--------||-----B--|--------||--------|--------||--------|--------||||--------|--------||--------|--------||--------|--------||--------|--------| set
cpu-bind=MASK - n2cn0402, task 143 15 [1470722]: mask 0x|--------|-------B||--------|--------||--------|--------||--------|--------||||--------|--------||--------|--------||--------|--------||--------|--------| set
cpu-bind=MASK - n2cn0895, task 527 15 [9200]: mask 0x|--------|-------B||--------|--------||--------|--------||--------|--------||||--------|--------||--------|--------||--------|--------||--------|--------| set
cpu-bind=MASK - n2cn0908, task 654 14 [318540]: mask 0x|--------|------B-||--------|--------||--------|--------||--------|--------||||--------|--------||--------|--------||--------|--------||--------|--------| set
cpu-bind=MASK - n2cn1146, task 917 21 [368306]: mask 0x|--------|--------||-----B--|--------||--------|--------||--------|--------||||--------|--------||--------|--------||--------|--------||--------|--------| set
cpu-bind=MASK - n2cn0601, task 385  1 [6243]: mask 0x|-B------|--------||--------|--------||--------|--------||--------|--------||||--------|--------||--------|--------||--------|--------||--------|--------| set
cpu-bind=MASK - n2cn0425, task 275 19 [1621117]: mask 0x|--------|--------||---B----|--------||--------|--------||--------|--------||||--------|--------||--------|--------||--------|--------||--------|--------| set
cpu-bind=MASK - n2cn0993, task 773  5 [465266]: mask 0x|-----B--|--------||--------|--------||--------|--------||--------|--------||||--------|--------||--------|--------||--------|--------||--------|--------| set
cpu-bind=MASK - n2cn0402, task 144 16 [1470723]: mask 0x|--------|--------||B-------|--------||--------|--------||--------|--------||||--------|--------||--------|--------||--------|--------||--------|--------| set
cpu-bind=MASK - n2cn0295, task 22 22 [325545]: mask 0x|--------|--------||------B-|--------||--------|--------||--------|--------||||--------|--------||--------|--------||--------|--------||--------|--------| set
cpu-bind=MASK - n2cn0908, task 655 15 [318541]: mask 0x|--------|-------B||--------|--------||--------|--------||--------|--------||||--------|--------||--------|--------||--------|--------||--------|--------| set
cpu-bind=MASK - n2cn0895, task 528 16 [9201]: mask 0x|--------|--------||B-------|--------||--------|--------||--------|--------||||--------|--------||--------|--------||--------|--------||--------|--------| set
cpu-bind=MASK - n2cn1146, task 918 22 [368307]: mask 0x|--------|--------||------B-|--------||--------|--------||--------|--------||||--------|--------||--------|--------||--------|--------||--------|--------| set
cpu-bind=MASK - n2cn0425, task 276 20 [1621118]: mask 0x|--------|--------||----B---|--------||--------|--------||--------|--------||||--------|--------||--------|--------||--------|--------||--------|--------| set
cpu-bind=MASK - n2cn0601, task 386  2 [6244]: mask 0x|--B-----|--------||--------|--------||--------|--------||--------|--------||||--------|--------||--------|--------||--------|--------||--------|--------| set
cpu-bind=MASK - n2cn0993, task 774  6 [465267]: mask 0x|------B-|--------||--------|--------||--------|--------||--------|--------||||--------|--------||--------|--------||--------|--------||--------|--------| set
cpu-bind=MASK - n2cn0295, task 23 23 [325546]: mask 0x|--------|--------||-------B|--------||--------|--------||--------|--------||||--------|--------||--------|--------||--------|--------||--------|--------| set
cpu-bind=MASK - n2cn0908, task 656 16 [318542]: mask 0x|--------|--------||B-------|--------||--------|--------||--------|--------||||--------|--------||--------|--------||--------|--------||--------|--------| set
cpu-bind=MASK - n2cn0402, task 145 17 [1470724]: mask 0x|--------|--------||-B------|--------||--------|--------||--------|--------||||--------|--------||--------|--------||--------|--------||--------|--------| set
cpu-bind=MASK - n2cn0895, task 529 17 [9202]: mask 0x|--------|--------||-B------|--------||--------|--------||--------|--------||||--------|--------||--------|--------||--------|--------||--------|--------| set
cpu-bind=MASK - n2cn1146, task 919 23 [368308]: mask 0x|--------|--------||-------B|--------||--------|--------||--------|--------||||--------|--------||--------|--------||--------|--------||--------|--------| set
cpu-bind=MASK - n2cn0295, task 24 24 [325547]: mask 0x|--------|--------||--------|B-------||--------|--------||--------|--------||||--------|--------||--------|--------||--------|--------||--------|--------| set
cpu-bind=MASK - n2cn0601, task 387  3 [6245]: mask 0x|---B----|--------||--------|--------||--------|--------||--------|--------||||--------|--------||--------|--------||--------|--------||--------|--------| set
cpu-bind=MASK - n2cn0993, task 775  7 [465268]: mask 0x|-------B|--------||--------|--------||--------|--------||--------|--------||||--------|--------||--------|--------||--------|--------||--------|--------| set
cpu-bind=MASK - n2cn0908, task 657 17 [318543]: mask 0x|--------|--------||-B------|--------||--------|--------||--------|--------||||--------|--------||--------|--------||--------|--------||--------|--------| set
cpu-bind=MASK - n2cn0402, task 146 18 [1470725]: mask 0x|--------|--------||--B-----|--------||--------|--------||--------|--------||||--------|--------||--------|--------||--------|--------||--------|--------| set
cpu-bind=MASK - n2cn0425, task 277 21 [1621119]: mask 0x|--------|--------||-----B--|--------||--------|--------||--------|--------||||--------|--------||--------|--------||--------|--------||--------|--------| set
cpu-bind=MASK - n2cn0895, task 530 18 [9203]: mask 0x|--------|--------||--B-----|--------||--------|--------||--------|--------||||--------|--------||--------|--------||--------|--------||--------|--------| set
cpu-bind=MASK - n2cn1146, task 920 24 [368309]: mask 0x|--------|--------||--------|B-------||--------|--------||--------|--------||||--------|--------||--------|--------||--------|--------||--------|--------| set
cpu-bind=MASK - n2cn0601, task 388  4 [6246]: mask 0x|----B---|--------||--------|--------||--------|--------||--------|--------||||--------|--------||--------|--------||--------|--------||--------|--------| set
cpu-bind=MASK - n2cn0295, task 25 25 [325548]: mask 0x|--------|--------||--------|-B------||--------|--------||--------|--------||||--------|--------||--------|--------||--------|--------||--------|--------| set
cpu-bind=MASK - n2cn0993, task 776  8 [465269]: mask 0x|--------|B-------||--------|--------||--------|--------||--------|--------||||--------|--------||--------|--------||--------|--------||--------|--------| set
cpu-bind=MASK - n2cn0908, task 658 18 [318544]: mask 0x|--------|--------||--B-----|--------||--------|--------||--------|--------||||--------|--------||--------|--------||--------|--------||--------|--------| set
cpu-bind=MASK - n2cn0402, task 147 19 [1470726]: mask 0x|--------|--------||---B----|--------||--------|--------||--------|--------||||--------|--------||--------|--------||--------|--------||--------|--------| set
cpu-bind=MASK - n2cn0895, task 531 19 [9204]: mask 0x|--------|--------||---B----|--------||--------|--------||--------|--------||||--------|--------||--------|--------||--------|--------||--------|--------| set
cpu-bind=MASK - n2cn0425, task 278 22 [1621120]: mask 0x|--------|--------||------B-|--------||--------|--------||--------|--------||||--------|--------||--------|--------||--------|--------||--------|--------| set
cpu-bind=MASK - n2cn1146, task 921 25 [368310]: mask 0x|--------|--------||--------|-B------||--------|--------||--------|--------||||--------|--------||--------|--------||--------|--------||--------|--------| set
cpu-bind=MASK - n2cn0601, task 389  5 [6247]: mask 0x|-----B--|--------||--------|--------||--------|--------||--------|--------||||--------|--------||--------|--------||--------|--------||--------|--------| set
cpu-bind=MASK - n2cn0295, task 26 26 [325549]: mask 0x|--------|--------||--------|--B-----||--------|--------||--------|--------||||--------|--------||--------|--------||--------|--------||--------|--------| set
cpu-bind=MASK - n2cn0993, task 777  9 [465270]: mask 0x|--------|-B------||--------|--------||--------|--------||--------|--------||||--------|--------||--------|--------||--------|--------||--------|--------| set
cpu-bind=MASK - n2cn0402, task 148 20 [1470727]: mask 0x|--------|--------||----B---|--------||--------|--------||--------|--------||||--------|--------||--------|--------||--------|--------||--------|--------| set
cpu-bind=MASK - n2cn0895, task 532 20 [9205]: mask 0x|--------|--------||----B---|--------||--------|--------||--------|--------||||--------|--------||--------|--------||--------|--------||--------|--------| set
cpu-bind=MASK - n2cn0425, task 279 23 [1621121]: mask 0x|--------|--------||-------B|--------||--------|--------||--------|--------||||--------|--------||--------|--------||--------|--------||--------|--------| set
cpu-bind=MASK - n2cn0908, task 659 19 [318545]: mask 0x|--------|--------||---B----|--------||--------|--------||--------|--------||||--------|--------||--------|--------||--------|--------||--------|--------| set
cpu-bind=MASK - n2cn1146, task 922 26 [368311]: mask 0x|--------|--------||--------|--B-----||--------|--------||--------|--------||||--------|--------||--------|--------||--------|--------||--------|--------| set
cpu-bind=MASK - n2cn0601, task 390  6 [6248]: mask 0x|------B-|--------||--------|--------||--------|--------||--------|--------||||--------|--------||--------|--------||--------|--------||--------|--------| set
cpu-bind=MASK - n2cn0993, task 778 10 [465271]: mask 0x|--------|--B-----||--------|--------||--------|--------||--------|--------||||--------|--------||--------|--------||--------|--------||--------|--------| set
cpu-bind=MASK - n2cn0295, task 27 27 [325550]: mask 0x|--------|--------||--------|---B----||--------|--------||--------|--------||||--------|--------||--------|--------||--------|--------||--------|--------| set
cpu-bind=MASK - n2cn0895, task 533 21 [9206]: mask 0x|--------|--------||-----B--|--------||--------|--------||--------|--------||||--------|--------||--------|--------||--------|--------||--------|--------| set
cpu-bind=MASK - n2cn0402, task 149 21 [1470728]: mask 0x|--------|--------||-----B--|--------||--------|--------||--------|--------||||--------|--------||--------|--------||--------|--------||--------|--------| set
cpu-bind=MASK - n2cn0425, task 280 24 [1621122]: mask 0x|--------|--------||--------|B-------||--------|--------||--------|--------||||--------|--------||--------|--------||--------|--------||--------|--------| set
cpu-bind=MASK - n2cn1146, task 923 27 [368312]: mask 0x|--------|--------||--------|---B----||--------|--------||--------|--------||||--------|--------||--------|--------||--------|--------||--------|--------| set
cpu-bind=MASK - n2cn0908, task 660 20 [318546]: mask 0x|--------|--------||----B---|--------||--------|--------||--------|--------||||--------|--------||--------|--------||--------|--------||--------|--------| set
cpu-bind=MASK - n2cn0601, task 391  7 [6249]: mask 0x|-------B|--------||--------|--------||--------|--------||--------|--------||||--------|--------||--------|--------||--------|--------||--------|--------| set
cpu-bind=MASK - n2cn0993, task 779 11 [465272]: mask 0x|--------|---B----||--------|--------||--------|--------||--------|--------||||--------|--------||--------|--------||--------|--------||--------|--------| set
cpu-bind=MASK - n2cn0295, task 28 28 [325551]: mask 0x|--------|--------||--------|----B---||--------|--------||--------|--------||||--------|--------||--------|--------||--------|--------||--------|--------| set
cpu-bind=MASK - n2cn0895, task 534 22 [9207]: mask 0x|--------|--------||------B-|--------||--------|--------||--------|--------||||--------|--------||--------|--------||--------|--------||--------|--------| set
cpu-bind=MASK - n2cn0402, task 150 22 [1470729]: mask 0x|--------|--------||------B-|--------||--------|--------||--------|--------||||--------|--------||--------|--------||--------|--------||--------|--------| set
cpu-bind=MASK - n2cn0425, task 281 25 [1621123]: mask 0x|--------|--------||--------|-B------||--------|--------||--------|--------||||--------|--------||--------|--------||--------|--------||--------|--------| set
cpu-bind=MASK - n2cn1146, task 924 28 [368313]: mask 0x|--------|--------||--------|----B---||--------|--------||--------|--------||||--------|--------||--------|--------||--------|--------||--------|--------| set
cpu-bind=MASK - n2cn0908, task 661 21 [318547]: mask 0x|--------|--------||-----B--|--------||--------|--------||--------|--------||||--------|--------||--------|--------||--------|--------||--------|--------| set
cpu-bind=MASK - n2cn0601, task 392  8 [6250]: mask 0x|--------|B-------||--------|--------||--------|--------||--------|--------||||--------|--------||--------|--------||--------|--------||--------|--------| set
cpu-bind=MASK - n2cn0295, task 29 29 [325552]: mask 0x|--------|--------||--------|-----B--||--------|--------||--------|--------||||--------|--------||--------|--------||--------|--------||--------|--------| set
cpu-bind=MASK - n2cn0993, task 780 12 [465273]: mask 0x|--------|----B---||--------|--------||--------|--------||--------|--------||||--------|--------||--------|--------||--------|--------||--------|--------| set
cpu-bind=MASK - n2cn0895, task 535 23 [9208]: mask 0x|--------|--------||-------B|--------||--------|--------||--------|--------||||--------|--------||--------|--------||--------|--------||--------|--------| set
cpu-bind=MASK - n2cn0425, task 282 26 [1621124]: mask 0x|--------|--------||--------|--B-----||--------|--------||--------|--------||||--------|--------||--------|--------||--------|--------||--------|--------| set
cpu-bind=MASK - n2cn0402, task 151 23 [1470730]: mask 0x|--------|--------||-------B|--------||--------|--------||--------|--------||||--------|--------||--------|--------||--------|--------||--------|--------| set
cpu-bind=MASK - n2cn1146, task 925 29 [368314]: mask 0x|--------|--------||--------|-----B--||--------|--------||--------|--------||||--------|--------||--------|--------||--------|--------||--------|--------| set
cpu-bind=MASK - n2cn0908, task 662 22 [318548]: mask 0x|--------|--------||------B-|--------||--------|--------||--------|--------||||--------|--------||--------|--------||--------|--------||--------|--------| set
cpu-bind=MASK - n2cn0601, task 393  9 [6251]: mask 0x|--------|-B------||--------|--------||--------|--------||--------|--------||||--------|--------||--------|--------||--------|--------||--------|--------| set
cpu-bind=MASK - n2cn0895, task 536 24 [9209]: mask 0x|--------|--------||--------|B-------||--------|--------||--------|--------||||--------|--------||--------|--------||--------|--------||--------|--------| set
cpu-bind=MASK - n2cn0993, task 781 13 [465274]: mask 0x|--------|-----B--||--------|--------||--------|--------||--------|--------||||--------|--------||--------|--------||--------|--------||--------|--------| set
cpu-bind=MASK - n2cn0425, task 283 27 [1621125]: mask 0x|--------|--------||--------|---B----||--------|--------||--------|--------||||--------|--------||--------|--------||--------|--------||--------|--------| set
cpu-bind=MASK - n2cn0402, task 152 24 [1470731]: mask 0x|--------|--------||--------|B-------||--------|--------||--------|--------||||--------|--------||--------|--------||--------|--------||--------|--------| set
cpu-bind=MASK - n2cn0295, task 30 30 [325553]: mask 0x|--------|--------||--------|------B-||--------|--------||--------|--------||||--------|--------||--------|--------||--------|--------||--------|--------| set
cpu-bind=MASK - n2cn0908, task 663 23 [318549]: mask 0x|--------|--------||-------B|--------||--------|--------||--------|--------||||--------|--------||--------|--------||--------|--------||--------|--------| set
cpu-bind=MASK - n2cn1146, task 926 30 [368315]: mask 0x|--------|--------||--------|------B-||--------|--------||--------|--------||||--------|--------||--------|--------||--------|--------||--------|--------| set
cpu-bind=MASK - n2cn0601, task 394 10 [6252]: mask 0x|--------|--B-----||--------|--------||--------|--------||--------|--------||||--------|--------||--------|--------||--------|--------||--------|--------| set
cpu-bind=MASK - n2cn0895, task 537 25 [9210]: mask 0x|--------|--------||--------|-B------||--------|--------||--------|--------||||--------|--------||--------|--------||--------|--------||--------|--------| set
cpu-bind=MASK - n2cn0993, task 782 14 [465275]: mask 0x|--------|------B-||--------|--------||--------|--------||--------|--------||||--------|--------||--------|--------||--------|--------||--------|--------| set
cpu-bind=MASK - n2cn0425, task 284 28 [1621126]: mask 0x|--------|--------||--------|----B---||--------|--------||--------|--------||||--------|--------||--------|--------||--------|--------||--------|--------| set
cpu-bind=MASK - n2cn0402, task 153 25 [1470732]: mask 0x|--------|--------||--------|-B------||--------|--------||--------|--------||||--------|--------||--------|--------||--------|--------||--------|--------| set
cpu-bind=MASK - n2cn0295, task 31 31 [325554]: mask 0x|--------|--------||--------|-------B||--------|--------||--------|--------||||--------|--------||--------|--------||--------|--------||--------|--------| set
cpu-bind=MASK - n2cn0908, task 664 24 [318550]: mask 0x|--------|--------||--------|B-------||--------|--------||--------|--------||||--------|--------||--------|--------||--------|--------||--------|--------| set
cpu-bind=MASK - n2cn1146, task 927 31 [368316]: mask 0x|--------|--------||--------|-------B||--------|--------||--------|--------||||--------|--------||--------|--------||--------|--------||--------|--------| set
cpu-bind=MASK - n2cn0601, task 395 11 [6253]: mask 0x|--------|---B----||--------|--------||--------|--------||--------|--------||||--------|--------||--------|--------||--------|--------||--------|--------| set
cpu-bind=MASK - n2cn0895, task 538 26 [9211]: mask 0x|--------|--------||--------|--B-----||--------|--------||--------|--------||||--------|--------||--------|--------||--------|--------||--------|--------| set
cpu-bind=MASK - n2cn0425, task 285 29 [1621127]: mask 0x|--------|--------||--------|-----B--||--------|--------||--------|--------||||--------|--------||--------|--------||--------|--------||--------|--------| set
cpu-bind=MASK - n2cn0993, task 783 15 [465276]: mask 0x|--------|-------B||--------|--------||--------|--------||--------|--------||||--------|--------||--------|--------||--------|--------||--------|--------| set
cpu-bind=MASK - n2cn0402, task 154 26 [1470733]: mask 0x|--------|--------||--------|--B-----||--------|--------||--------|--------||||--------|--------||--------|--------||--------|--------||--------|--------| set
cpu-bind=MASK - n2cn0908, task 665 25 [318551]: mask 0x|--------|--------||--------|-B------||--------|--------||--------|--------||||--------|--------||--------|--------||--------|--------||--------|--------| set
cpu-bind=MASK - n2cn0295, task 32 32 [325555]: mask 0x|--------|--------||--------|--------||B-------|--------||--------|--------||||--------|--------||--------|--------||--------|--------||--------|--------| set
cpu-bind=MASK - n2cn1146, task 928 32 [368317]: mask 0x|--------|--------||--------|--------||B-------|--------||--------|--------||||--------|--------||--------|--------||--------|--------||--------|--------| set
cpu-bind=MASK - n2cn0895, task 539 27 [9212]: mask 0x|--------|--------||--------|---B----||--------|--------||--------|--------||||--------|--------||--------|--------||--------|--------||--------|--------| set
cpu-bind=MASK - n2cn0425, task 286 30 [1621128]: mask 0x|--------|--------||--------|------B-||--------|--------||--------|--------||||--------|--------||--------|--------||--------|--------||--------|--------| set
cpu-bind=MASK - n2cn0993, task 784 16 [465277]: mask 0x|--------|--------||B-------|--------||--------|--------||--------|--------||||--------|--------||--------|--------||--------|--------||--------|--------| set
cpu-bind=MASK - n2cn0402, task 155 27 [1470734]: mask 0x|--------|--------||--------|---B----||--------|--------||--------|--------||||--------|--------||--------|--------||--------|--------||--------|--------| set
cpu-bind=MASK - n2cn0908, task 666 26 [318552]: mask 0x|--------|--------||--------|--B-----||--------|--------||--------|--------||||--------|--------||--------|--------||--------|--------||--------|--------| set
cpu-bind=MASK - n2cn0295, task 33 33 [325556]: mask 0x|--------|--------||--------|--------||-B------|--------||--------|--------||||--------|--------||--------|--------||--------|--------||--------|--------| set
cpu-bind=MASK - n2cn1146, task 929 33 [368318]: mask 0x|--------|--------||--------|--------||-B------|--------||--------|--------||||--------|--------||--------|--------||--------|--------||--------|--------| set
cpu-bind=MASK - n2cn0601, task 396 12 [6254]: mask 0x|--------|----B---||--------|--------||--------|--------||--------|--------||||--------|--------||--------|--------||--------|--------||--------|--------| set
cpu-bind=MASK - n2cn0425, task 287 31 [1621129]: mask 0x|--------|--------||--------|-------B||--------|--------||--------|--------||||--------|--------||--------|--------||--------|--------||--------|--------| set
cpu-bind=MASK - n2cn0895, task 540 28 [9213]: mask 0x|--------|--------||--------|----B---||--------|--------||--------|--------||||--------|--------||--------|--------||--------|--------||--------|--------| set
cpu-bind=MASK - n2cn0402, task 156 28 [1470735]: mask 0x|--------|--------||--------|----B---||--------|--------||--------|--------||||--------|--------||--------|--------||--------|--------||--------|--------| set
cpu-bind=MASK - n2cn0908, task 667 27 [318553]: mask 0x|--------|--------||--------|---B----||--------|--------||--------|--------||||--------|--------||--------|--------||--------|--------||--------|--------| set
cpu-bind=MASK - n2cn0295, task 34 34 [325557]: mask 0x|--------|--------||--------|--------||--B-----|--------||--------|--------||||--------|--------||--------|--------||--------|--------||--------|--------| set
cpu-bind=MASK - n2cn1146, task 930 34 [368319]: mask 0x|--------|--------||--------|--------||--B-----|--------||--------|--------||||--------|--------||--------|--------||--------|--------||--------|--------| set
cpu-bind=MASK - n2cn0993, task 785 17 [465278]: mask 0x|--------|--------||-B------|--------||--------|--------||--------|--------||||--------|--------||--------|--------||--------|--------||--------|--------| set
cpu-bind=MASK - n2cn0601, task 397 13 [6255]: mask 0x|--------|-----B--||--------|--------||--------|--------||--------|--------||||--------|--------||--------|--------||--------|--------||--------|--------| set
cpu-bind=MASK - n2cn0425, task 288 32 [1621130]: mask 0x|--------|--------||--------|--------||B-------|--------||--------|--------||||--------|--------||--------|--------||--------|--------||--------|--------| set
cpu-bind=MASK - n2cn0895, task 541 29 [9214]: mask 0x|--------|--------||--------|-----B--||--------|--------||--------|--------||||--------|--------||--------|--------||--------|--------||--------|--------| set
cpu-bind=MASK - n2cn0908, task 668 28 [318554]: mask 0x|--------|--------||--------|----B---||--------|--------||--------|--------||||--------|--------||--------|--------||--------|--------||--------|--------| set
cpu-bind=MASK - n2cn0295, task 35 35 [325558]: mask 0x|--------|--------||--------|--------||---B----|--------||--------|--------||||--------|--------||--------|--------||--------|--------||--------|--------| set
cpu-bind=MASK - n2cn1146, task 931 35 [368320]: mask 0x|--------|--------||--------|--------||---B----|--------||--------|--------||||--------|--------||--------|--------||--------|--------||--------|--------| set
cpu-bind=MASK - n2cn0601, task 398 14 [6256]: mask 0x|--------|------B-||--------|--------||--------|--------||--------|--------||||--------|--------||--------|--------||--------|--------||--------|--------| set
cpu-bind=MASK - n2cn0425, task 289 33 [1621131]: mask 0x|--------|--------||--------|--------||-B------|--------||--------|--------||||--------|--------||--------|--------||--------|--------||--------|--------| set
cpu-bind=MASK - n2cn0993, task 786 18 [465279]: mask 0x|--------|--------||--B-----|--------||--------|--------||--------|--------||||--------|--------||--------|--------||--------|--------||--------|--------| set
cpu-bind=MASK - n2cn0895, task 542 30 [9215]: mask 0x|--------|--------||--------|------B-||--------|--------||--------|--------||||--------|--------||--------|--------||--------|--------||--------|--------| set
cpu-bind=MASK - n2cn0908, task 669 29 [318555]: mask 0x|--------|--------||--------|-----B--||--------|--------||--------|--------||||--------|--------||--------|--------||--------|--------||--------|--------| set
cpu-bind=MASK - n2cn1146, task 932 36 [368321]: mask 0x|--------|--------||--------|--------||----B---|--------||--------|--------||||--------|--------||--------|--------||--------|--------||--------|--------| set
cpu-bind=MASK - n2cn0295, task 36 36 [325559]: mask 0x|--------|--------||--------|--------||----B---|--------||--------|--------||||--------|--------||--------|--------||--------|--------||--------|--------| set
cpu-bind=MASK - n2cn0402, task 157 29 [1470736]: mask 0x|--------|--------||--------|-----B--||--------|--------||--------|--------||||--------|--------||--------|--------||--------|--------||--------|--------| set
cpu-bind=MASK - n2cn0895, task 543 31 [9216]: mask 0x|--------|--------||--------|-------B||--------|--------||--------|--------||||--------|--------||--------|--------||--------|--------||--------|--------| set
cpu-bind=MASK - n2cn0425, task 290 34 [1621132]: mask 0x|--------|--------||--------|--------||--B-----|--------||--------|--------||||--------|--------||--------|--------||--------|--------||--------|--------| set
cpu-bind=MASK - n2cn0601, task 399 15 [6257]: mask 0x|--------|-------B||--------|--------||--------|--------||--------|--------||||--------|--------||--------|--------||--------|--------||--------|--------| set
cpu-bind=MASK - n2cn0993, task 787 19 [465280]: mask 0x|--------|--------||---B----|--------||--------|--------||--------|--------||||--------|--------||--------|--------||--------|--------||--------|--------| set
cpu-bind=MASK - n2cn0908, task 670 30 [318556]: mask 0x|--------|--------||--------|------B-||--------|--------||--------|--------||||--------|--------||--------|--------||--------|--------||--------|--------| set
cpu-bind=MASK - n2cn1146, task 933 37 [368322]: mask 0x|--------|--------||--------|--------||-----B--|--------||--------|--------||||--------|--------||--------|--------||--------|--------||--------|--------| set
cpu-bind=MASK - n2cn0402, task 158 30 [1470737]: mask 0x|--------|--------||--------|------B-||--------|--------||--------|--------||||--------|--------||--------|--------||--------|--------||--------|--------| set
cpu-bind=MASK - n2cn0295, task 37 37 [325560]: mask 0x|--------|--------||--------|--------||-----B--|--------||--------|--------||||--------|--------||--------|--------||--------|--------||--------|--------| set
cpu-bind=MASK - n2cn0895, task 544 32 [9217]: mask 0x|--------|--------||--------|--------||B-------|--------||--------|--------||||--------|--------||--------|--------||--------|--------||--------|--------| set
cpu-bind=MASK - n2cn0601, task 400 16 [6258]: mask 0x|--------|--------||B-------|--------||--------|--------||--------|--------||||--------|--------||--------|--------||--------|--------||--------|--------| set
cpu-bind=MASK - n2cn0425, task 291 35 [1621133]: mask 0x|--------|--------||--------|--------||---B----|--------||--------|--------||||--------|--------||--------|--------||--------|--------||--------|--------| set
cpu-bind=MASK - n2cn0993, task 788 20 [465281]: mask 0x|--------|--------||----B---|--------||--------|--------||--------|--------||||--------|--------||--------|--------||--------|--------||--------|--------| set
cpu-bind=MASK - n2cn0908, task 671 31 [318557]: mask 0x|--------|--------||--------|-------B||--------|--------||--------|--------||||--------|--------||--------|--------||--------|--------||--------|--------| set
cpu-bind=MASK - n2cn1146, task 934 38 [368323]: mask 0x|--------|--------||--------|--------||------B-|--------||--------|--------||||--------|--------||--------|--------||--------|--------||--------|--------| set
cpu-bind=MASK - n2cn0295, task 38 38 [325561]: mask 0x|--------|--------||--------|--------||------B-|--------||--------|--------||||--------|--------||--------|--------||--------|--------||--------|--------| set
cpu-bind=MASK - n2cn0895, task 545 33 [9218]: mask 0x|--------|--------||--------|--------||-B------|--------||--------|--------||||--------|--------||--------|--------||--------|--------||--------|--------| set
cpu-bind=MASK - n2cn0402, task 159 31 [1470738]: mask 0x|--------|--------||--------|-------B||--------|--------||--------|--------||||--------|--------||--------|--------||--------|--------||--------|--------| set
cpu-bind=MASK - n2cn0601, task 401 17 [6259]: mask 0x|--------|--------||-B------|--------||--------|--------||--------|--------||||--------|--------||--------|--------||--------|--------||--------|--------| set
cpu-bind=MASK - n2cn0425, task 292 36 [1621134]: mask 0x|--------|--------||--------|--------||----B---|--------||--------|--------||||--------|--------||--------|--------||--------|--------||--------|--------| set
cpu-bind=MASK - n2cn0993, task 789 21 [465282]: mask 0x|--------|--------||-----B--|--------||--------|--------||--------|--------||||--------|--------||--------|--------||--------|--------||--------|--------| set
cpu-bind=MASK - n2cn1146, task 935 39 [368324]: mask 0x|--------|--------||--------|--------||-------B|--------||--------|--------||||--------|--------||--------|--------||--------|--------||--------|--------| set
cpu-bind=MASK - n2cn0908, task 672 32 [318558]: mask 0x|--------|--------||--------|--------||B-------|--------||--------|--------||||--------|--------||--------|--------||--------|--------||--------|--------| set
cpu-bind=MASK - n2cn0895, task 546 34 [9219]: mask 0x|--------|--------||--------|--------||--B-----|--------||--------|--------||||--------|--------||--------|--------||--------|--------||--------|--------| set
cpu-bind=MASK - n2cn0402, task 160 32 [1470739]: mask 0x|--------|--------||--------|--------||B-------|--------||--------|--------||||--------|--------||--------|--------||--------|--------||--------|--------| set
cpu-bind=MASK - n2cn0601, task 402 18 [6260]: mask 0x|--------|--------||--B-----|--------||--------|--------||--------|--------||||--------|--------||--------|--------||--------|--------||--------|--------| set
cpu-bind=MASK - n2cn0295, task 39 39 [325562]: mask 0x|--------|--------||--------|--------||-------B|--------||--------|--------||||--------|--------||--------|--------||--------|--------||--------|--------| set
cpu-bind=MASK - n2cn0425, task 293 37 [1621135]: mask 0x|--------|--------||--------|--------||-----B--|--------||--------|--------||||--------|--------||--------|--------||--------|--------||--------|--------| set
cpu-bind=MASK - n2cn0993, task 790 22 [465283]: mask 0x|--------|--------||------B-|--------||--------|--------||--------|--------||||--------|--------||--------|--------||--------|--------||--------|--------| set
cpu-bind=MASK - n2cn1146, task 936 40 [368325]: mask 0x|--------|--------||--------|--------||--------|B-------||--------|--------||||--------|--------||--------|--------||--------|--------||--------|--------| set
cpu-bind=MASK - n2cn0895, task 547 35 [9220]: mask 0x|--------|--------||--------|--------||---B----|--------||--------|--------||||--------|--------||--------|--------||--------|--------||--------|--------| set
cpu-bind=MASK - n2cn0908, task 673 33 [318559]: mask 0x|--------|--------||--------|--------||-B------|--------||--------|--------||||--------|--------||--------|--------||--------|--------||--------|--------| set
cpu-bind=MASK - n2cn0402, task 161 33 [1470740]: mask 0x|--------|--------||--------|--------||-B------|--------||--------|--------||||--------|--------||--------|--------||--------|--------||--------|--------| set
cpu-bind=MASK - n2cn0601, task 403 19 [6261]: mask 0x|--------|--------||---B----|--------||--------|--------||--------|--------||||--------|--------||--------|--------||--------|--------||--------|--------| set
cpu-bind=MASK - n2cn0295, task 40 40 [325563]: mask 0x|--------|--------||--------|--------||--------|B-------||--------|--------||||--------|--------||--------|--------||--------|--------||--------|--------| set
cpu-bind=MASK - n2cn0425, task 294 38 [1621136]: mask 0x|--------|--------||--------|--------||------B-|--------||--------|--------||||--------|--------||--------|--------||--------|--------||--------|--------| set
cpu-bind=MASK - n2cn1146, task 937 41 [368326]: mask 0x|--------|--------||--------|--------||--------|-B------||--------|--------||||--------|--------||--------|--------||--------|--------||--------|--------| set
cpu-bind=MASK - n2cn0895, task 548 36 [9221]: mask 0x|--------|--------||--------|--------||----B---|--------||--------|--------||||--------|--------||--------|--------||--------|--------||--------|--------| set
cpu-bind=MASK - n2cn0908, task 674 34 [318560]: mask 0x|--------|--------||--------|--------||--B-----|--------||--------|--------||||--------|--------||--------|--------||--------|--------||--------|--------| set
cpu-bind=MASK - n2cn0993, task 791 23 [465284]: mask 0x|--------|--------||-------B|--------||--------|--------||--------|--------||||--------|--------||--------|--------||--------|--------||--------|--------| set
cpu-bind=MASK - n2cn0601, task 404 20 [6262]: mask 0x|--------|--------||----B---|--------||--------|--------||--------|--------||||--------|--------||--------|--------||--------|--------||--------|--------| set
cpu-bind=MASK - n2cn0295, task 41 41 [325564]: mask 0x|--------|--------||--------|--------||--------|-B------||--------|--------||||--------|--------||--------|--------||--------|--------||--------|--------| set
cpu-bind=MASK - n2cn0425, task 295 39 [1621137]: mask 0x|--------|--------||--------|--------||-------B|--------||--------|--------||||--------|--------||--------|--------||--------|--------||--------|--------| set
cpu-bind=MASK - n2cn0402, task 162 34 [1470741]: mask 0x|--------|--------||--------|--------||--B-----|--------||--------|--------||||--------|--------||--------|--------||--------|--------||--------|--------| set
cpu-bind=MASK - n2cn0895, task 549 37 [9222]: mask 0x|--------|--------||--------|--------||-----B--|--------||--------|--------||||--------|--------||--------|--------||--------|--------||--------|--------| set
cpu-bind=MASK - n2cn1146, task 938 42 [368327]: mask 0x|--------|--------||--------|--------||--------|--B-----||--------|--------||||--------|--------||--------|--------||--------|--------||--------|--------| set
cpu-bind=MASK - n2cn0908, task 675 35 [318561]: mask 0x|--------|--------||--------|--------||---B----|--------||--------|--------||||--------|--------||--------|--------||--------|--------||--------|--------| set
cpu-bind=MASK - n2cn0993, task 792 24 [465285]: mask 0x|--------|--------||--------|B-------||--------|--------||--------|--------||||--------|--------||--------|--------||--------|--------||--------|--------| set
cpu-bind=MASK - n2cn0601, task 405 21 [6263]: mask 0x|--------|--------||-----B--|--------||--------|--------||--------|--------||||--------|--------||--------|--------||--------|--------||--------|--------| set
cpu-bind=MASK - n2cn0295, task 42 42 [325565]: mask 0x|--------|--------||--------|--------||--------|--B-----||--------|--------||||--------|--------||--------|--------||--------|--------||--------|--------| set
cpu-bind=MASK - n2cn0425, task 296 40 [1621138]: mask 0x|--------|--------||--------|--------||--------|B-------||--------|--------||||--------|--------||--------|--------||--------|--------||--------|--------| set
cpu-bind=MASK - n2cn0402, task 163 35 [1470742]: mask 0x|--------|--------||--------|--------||---B----|--------||--------|--------||||--------|--------||--------|--------||--------|--------||--------|--------| set
cpu-bind=MASK - n2cn0895, task 550 38 [9223]: mask 0x|--------|--------||--------|--------||------B-|--------||--------|--------||||--------|--------||--------|--------||--------|--------||--------|--------| set
cpu-bind=MASK - n2cn0908, task 676 36 [318562]: mask 0x|--------|--------||--------|--------||----B---|--------||--------|--------||||--------|--------||--------|--------||--------|--------||--------|--------| set
cpu-bind=MASK - n2cn1146, task 939 43 [368328]: mask 0x|--------|--------||--------|--------||--------|---B----||--------|--------||||--------|--------||--------|--------||--------|--------||--------|--------| set
cpu-bind=MASK - n2cn0601, task 406 22 [6264]: mask 0x|--------|--------||------B-|--------||--------|--------||--------|--------||||--------|--------||--------|--------||--------|--------||--------|--------| set
cpu-bind=MASK - n2cn0993, task 793 25 [465286]: mask 0x|--------|--------||--------|-B------||--------|--------||--------|--------||||--------|--------||--------|--------||--------|--------||--------|--------| set
cpu-bind=MASK - n2cn0295, task 43 43 [325566]: mask 0x|--------|--------||--------|--------||--------|---B----||--------|--------||||--------|--------||--------|--------||--------|--------||--------|--------| set
cpu-bind=MASK - n2cn0425, task 297 41 [1621139]: mask 0x|--------|--------||--------|--------||--------|-B------||--------|--------||||--------|--------||--------|--------||--------|--------||--------|--------| set
cpu-bind=MASK - n2cn0895, task 551 39 [9224]: mask 0x|--------|--------||--------|--------||-------B|--------||--------|--------||||--------|--------||--------|--------||--------|--------||--------|--------| set
cpu-bind=MASK - n2cn0402, task 164 36 [1470743]: mask 0x|--------|--------||--------|--------||----B---|--------||--------|--------||||--------|--------||--------|--------||--------|--------||--------|--------| set
cpu-bind=MASK - n2cn0908, task 677 37 [318563]: mask 0x|--------|--------||--------|--------||-----B--|--------||--------|--------||||--------|--------||--------|--------||--------|--------||--------|--------| set
cpu-bind=MASK - n2cn1146, task 940 44 [368329]: mask 0x|--------|--------||--------|--------||--------|----B---||--------|--------||||--------|--------||--------|--------||--------|--------||--------|--------| set
cpu-bind=MASK - n2cn0601, task 407 23 [6265]: mask 0x|--------|--------||-------B|--------||--------|--------||--------|--------||||--------|--------||--------|--------||--------|--------||--------|--------| set
cpu-bind=MASK - n2cn0993, task 794 26 [465287]: mask 0x|--------|--------||--------|--B-----||--------|--------||--------|--------||||--------|--------||--------|--------||--------|--------||--------|--------| set
cpu-bind=MASK - n2cn0895, task 552 40 [9225]: mask 0x|--------|--------||--------|--------||--------|B-------||--------|--------||||--------|--------||--------|--------||--------|--------||--------|--------| set
cpu-bind=MASK - n2cn0425, task 298 42 [1621140]: mask 0x|--------|--------||--------|--------||--------|--B-----||--------|--------||||--------|--------||--------|--------||--------|--------||--------|--------| set
cpu-bind=MASK - n2cn0295, task 44 44 [325567]: mask 0x|--------|--------||--------|--------||--------|----B---||--------|--------||||--------|--------||--------|--------||--------|--------||--------|--------| set
cpu-bind=MASK - n2cn0402, task 165 37 [1470744]: mask 0x|--------|--------||--------|--------||-----B--|--------||--------|--------||||--------|--------||--------|--------||--------|--------||--------|--------| set
cpu-bind=MASK - n2cn0908, task 678 38 [318564]: mask 0x|--------|--------||--------|--------||------B-|--------||--------|--------||||--------|--------||--------|--------||--------|--------||--------|--------| set
cpu-bind=MASK - n2cn1146, task 941 45 [368330]: mask 0x|--------|--------||--------|--------||--------|-----B--||--------|--------||||--------|--------||--------|--------||--------|--------||--------|--------| set
cpu-bind=MASK - n2cn0601, task 408 24 [6266]: mask 0x|--------|--------||--------|B-------||--------|--------||--------|--------||||--------|--------||--------|--------||--------|--------||--------|--------| set
cpu-bind=MASK - n2cn0895, task 553 41 [9226]: mask 0x|--------|--------||--------|--------||--------|-B------||--------|--------||||--------|--------||--------|--------||--------|--------||--------|--------| set
cpu-bind=MASK - n2cn0993, task 795 27 [465288]: mask 0x|--------|--------||--------|---B----||--------|--------||--------|--------||||--------|--------||--------|--------||--------|--------||--------|--------| set
cpu-bind=MASK - n2cn0295, task 45 45 [325568]: mask 0x|--------|--------||--------|--------||--------|-----B--||--------|--------||||--------|--------||--------|--------||--------|--------||--------|--------| set
cpu-bind=MASK - n2cn0402, task 166 38 [1470745]: mask 0x|--------|--------||--------|--------||------B-|--------||--------|--------||||--------|--------||--------|--------||--------|--------||--------|--------| set
cpu-bind=MASK - n2cn1146, task 942 46 [368331]: mask 0x|--------|--------||--------|--------||--------|------B-||--------|--------||||--------|--------||--------|--------||--------|--------||--------|--------| set
cpu-bind=MASK - n2cn0425, task 299 43 [1621141]: mask 0x|--------|--------||--------|--------||--------|---B----||--------|--------||||--------|--------||--------|--------||--------|--------||--------|--------| set
cpu-bind=MASK - n2cn0908, task 679 39 [318565]: mask 0x|--------|--------||--------|--------||-------B|--------||--------|--------||||--------|--------||--------|--------||--------|--------||--------|--------| set
cpu-bind=MASK - n2cn0895, task 554 42 [9227]: mask 0x|--------|--------||--------|--------||--------|--B-----||--------|--------||||--------|--------||--------|--------||--------|--------||--------|--------| set
cpu-bind=MASK - n2cn0601, task 409 25 [6267]: mask 0x|--------|--------||--------|-B------||--------|--------||--------|--------||||--------|--------||--------|--------||--------|--------||--------|--------| set
cpu-bind=MASK - n2cn0295, task 46 46 [325569]: mask 0x|--------|--------||--------|--------||--------|------B-||--------|--------||||--------|--------||--------|--------||--------|--------||--------|--------| set
cpu-bind=MASK - n2cn0993, task 796 28 [465289]: mask 0x|--------|--------||--------|----B---||--------|--------||--------|--------||||--------|--------||--------|--------||--------|--------||--------|--------| set
cpu-bind=MASK - n2cn0402, task 167 39 [1470746]: mask 0x|--------|--------||--------|--------||-------B|--------||--------|--------||||--------|--------||--------|--------||--------|--------||--------|--------| set
cpu-bind=MASK - n2cn0908, task 680 40 [318566]: mask 0x|--------|--------||--------|--------||--------|B-------||--------|--------||||--------|--------||--------|--------||--------|--------||--------|--------| set
cpu-bind=MASK - n2cn1146, task 943 47 [368332]: mask 0x|--------|--------||--------|--------||--------|-------B||--------|--------||||--------|--------||--------|--------||--------|--------||--------|--------| set
cpu-bind=MASK - n2cn0425, task 300 44 [1621142]: mask 0x|--------|--------||--------|--------||--------|----B---||--------|--------||||--------|--------||--------|--------||--------|--------||--------|--------| set
cpu-bind=MASK - n2cn0895, task 555 43 [9228]: mask 0x|--------|--------||--------|--------||--------|---B----||--------|--------||||--------|--------||--------|--------||--------|--------||--------|--------| set
cpu-bind=MASK - n2cn0601, task 410 26 [6268]: mask 0x|--------|--------||--------|--B-----||--------|--------||--------|--------||||--------|--------||--------|--------||--------|--------||--------|--------| set
cpu-bind=MASK - n2cn0295, task 47 47 [325570]: mask 0x|--------|--------||--------|--------||--------|-------B||--------|--------||||--------|--------||--------|--------||--------|--------||--------|--------| set
cpu-bind=MASK - n2cn0993, task 797 29 [465290]: mask 0x|--------|--------||--------|-----B--||--------|--------||--------|--------||||--------|--------||--------|--------||--------|--------||--------|--------| set
cpu-bind=MASK - n2cn0402, task 168 40 [1470747]: mask 0x|--------|--------||--------|--------||--------|B-------||--------|--------||||--------|--------||--------|--------||--------|--------||--------|--------| set
cpu-bind=MASK - n2cn1146, task 944 48 [368333]: mask 0x|--------|--------||--------|--------||--------|--------||B-------|--------||||--------|--------||--------|--------||--------|--------||--------|--------| set
cpu-bind=MASK - n2cn0895, task 556 44 [9229]: mask 0x|--------|--------||--------|--------||--------|----B---||--------|--------||||--------|--------||--------|--------||--------|--------||--------|--------| set
cpu-bind=MASK - n2cn0601, task 411 27 [6269]: mask 0x|--------|--------||--------|---B----||--------|--------||--------|--------||||--------|--------||--------|--------||--------|--------||--------|--------| set
cpu-bind=MASK - n2cn0425, task 301 45 [1621143]: mask 0x|--------|--------||--------|--------||--------|-----B--||--------|--------||||--------|--------||--------|--------||--------|--------||--------|--------| set
cpu-bind=MASK - n2cn0908, task 681 41 [318567]: mask 0x|--------|--------||--------|--------||--------|-B------||--------|--------||||--------|--------||--------|--------||--------|--------||--------|--------| set
cpu-bind=MASK - n2cn0295, task 48 48 [325571]: mask 0x|--------|--------||--------|--------||--------|--------||B-------|--------||||--------|--------||--------|--------||--------|--------||--------|--------| set
cpu-bind=MASK - n2cn0993, task 798 30 [465291]: mask 0x|--------|--------||--------|------B-||--------|--------||--------|--------||||--------|--------||--------|--------||--------|--------||--------|--------| set
cpu-bind=MASK - n2cn0402, task 169 41 [1470748]: mask 0x|--------|--------||--------|--------||--------|-B------||--------|--------||||--------|--------||--------|--------||--------|--------||--------|--------| set
cpu-bind=MASK - n2cn0895, task 557 45 [9230]: mask 0x|--------|--------||--------|--------||--------|-----B--||--------|--------||||--------|--------||--------|--------||--------|--------||--------|--------| set
cpu-bind=MASK - n2cn0601, task 412 28 [6270]: mask 0x|--------|--------||--------|----B---||--------|--------||--------|--------||||--------|--------||--------|--------||--------|--------||--------|--------| set
cpu-bind=MASK - n2cn1146, task 945 49 [368334]: mask 0x|--------|--------||--------|--------||--------|--------||-B------|--------||||--------|--------||--------|--------||--------|--------||--------|--------| set
cpu-bind=MASK - n2cn0908, task 682 42 [318568]: mask 0x|--------|--------||--------|--------||--------|--B-----||--------|--------||||--------|--------||--------|--------||--------|--------||--------|--------| set
cpu-bind=MASK - n2cn0425, task 302 46 [1621144]: mask 0x|--------|--------||--------|--------||--------|------B-||--------|--------||||--------|--------||--------|--------||--------|--------||--------|--------| set
cpu-bind=MASK - n2cn0295, task 49 49 [325572]: mask 0x|--------|--------||--------|--------||--------|--------||-B------|--------||||--------|--------||--------|--------||--------|--------||--------|--------| set
cpu-bind=MASK - n2cn0993, task 799 31 [465292]: mask 0x|--------|--------||--------|-------B||--------|--------||--------|--------||||--------|--------||--------|--------||--------|--------||--------|--------| set
cpu-bind=MASK - n2cn0402, task 170 42 [1470749]: mask 0x|--------|--------||--------|--------||--------|--B-----||--------|--------||||--------|--------||--------|--------||--------|--------||--------|--------| set
cpu-bind=MASK - n2cn0895, task 558 46 [9231]: mask 0x|--------|--------||--------|--------||--------|------B-||--------|--------||||--------|--------||--------|--------||--------|--------||--------|--------| set
cpu-bind=MASK - n2cn0601, task 413 29 [6271]: mask 0x|--------|--------||--------|-----B--||--------|--------||--------|--------||||--------|--------||--------|--------||--------|--------||--------|--------| set
cpu-bind=MASK - n2cn1146, task 946 50 [368335]: mask 0x|--------|--------||--------|--------||--------|--------||--B-----|--------||||--------|--------||--------|--------||--------|--------||--------|--------| set
cpu-bind=MASK - n2cn0908, task 683 43 [318569]: mask 0x|--------|--------||--------|--------||--------|---B----||--------|--------||||--------|--------||--------|--------||--------|--------||--------|--------| set
cpu-bind=MASK - n2cn0993, task 800 32 [465293]: mask 0x|--------|--------||--------|--------||B-------|--------||--------|--------||||--------|--------||--------|--------||--------|--------||--------|--------| set
cpu-bind=MASK - n2cn0295, task 50 50 [325573]: mask 0x|--------|--------||--------|--------||--------|--------||--B-----|--------||||--------|--------||--------|--------||--------|--------||--------|--------| set
cpu-bind=MASK - n2cn0425, task 303 47 [1621145]: mask 0x|--------|--------||--------|--------||--------|-------B||--------|--------||||--------|--------||--------|--------||--------|--------||--------|--------| set
cpu-bind=MASK - n2cn0402, task 171 43 [1470750]: mask 0x|--------|--------||--------|--------||--------|---B----||--------|--------||||--------|--------||--------|--------||--------|--------||--------|--------| set
cpu-bind=MASK - n2cn0895, task 559 47 [9232]: mask 0x|--------|--------||--------|--------||--------|-------B||--------|--------||||--------|--------||--------|--------||--------|--------||--------|--------| set
cpu-bind=MASK - n2cn0601, task 414 30 [6272]: mask 0x|--------|--------||--------|------B-||--------|--------||--------|--------||||--------|--------||--------|--------||--------|--------||--------|--------| set
cpu-bind=MASK - n2cn1146, task 947 51 [368336]: mask 0x|--------|--------||--------|--------||--------|--------||---B----|--------||||--------|--------||--------|--------||--------|--------||--------|--------| set
cpu-bind=MASK - n2cn0908, task 684 44 [318570]: mask 0x|--------|--------||--------|--------||--------|----B---||--------|--------||||--------|--------||--------|--------||--------|--------||--------|--------| set
cpu-bind=MASK - n2cn0295, task 51 51 [325574]: mask 0x|--------|--------||--------|--------||--------|--------||---B----|--------||||--------|--------||--------|--------||--------|--------||--------|--------| set
cpu-bind=MASK - n2cn0402, task 172 44 [1470751]: mask 0x|--------|--------||--------|--------||--------|----B---||--------|--------||||--------|--------||--------|--------||--------|--------||--------|--------| set
cpu-bind=MASK - n2cn0993, task 801 33 [465294]: mask 0x|--------|--------||--------|--------||-B------|--------||--------|--------||||--------|--------||--------|--------||--------|--------||--------|--------| set
cpu-bind=MASK - n2cn0425, task 304 48 [1621146]: mask 0x|--------|--------||--------|--------||--------|--------||B-------|--------||||--------|--------||--------|--------||--------|--------||--------|--------| set
cpu-bind=MASK - n2cn0895, task 560 48 [9233]: mask 0x|--------|--------||--------|--------||--------|--------||B-------|--------||||--------|--------||--------|--------||--------|--------||--------|--------| set
cpu-bind=MASK - n2cn0601, task 415 31 [6273]: mask 0x|--------|--------||--------|-------B||--------|--------||--------|--------||||--------|--------||--------|--------||--------|--------||--------|--------| set
cpu-bind=MASK - n2cn1146, task 948 52 [368337]: mask 0x|--------|--------||--------|--------||--------|--------||----B---|--------||||--------|--------||--------|--------||--------|--------||--------|--------| set
cpu-bind=MASK - n2cn0908, task 685 45 [318571]: mask 0x|--------|--------||--------|--------||--------|-----B--||--------|--------||||--------|--------||--------|--------||--------|--------||--------|--------| set
cpu-bind=MASK - n2cn0295, task 52 52 [325575]: mask 0x|--------|--------||--------|--------||--------|--------||----B---|--------||||--------|--------||--------|--------||--------|--------||--------|--------| set
cpu-bind=MASK - n2cn0402, task 173 45 [1470752]: mask 0x|--------|--------||--------|--------||--------|-----B--||--------|--------||||--------|--------||--------|--------||--------|--------||--------|--------| set
cpu-bind=MASK - n2cn0425, task 305 49 [1621147]: mask 0x|--------|--------||--------|--------||--------|--------||-B------|--------||||--------|--------||--------|--------||--------|--------||--------|--------| set
cpu-bind=MASK - n2cn0993, task 802 34 [465295]: mask 0x|--------|--------||--------|--------||--B-----|--------||--------|--------||||--------|--------||--------|--------||--------|--------||--------|--------| set
cpu-bind=MASK - n2cn0895, task 561 49 [9234]: mask 0x|--------|--------||--------|--------||--------|--------||-B------|--------||||--------|--------||--------|--------||--------|--------||--------|--------| set
cpu-bind=MASK - n2cn0601, task 416 32 [6274]: mask 0x|--------|--------||--------|--------||B-------|--------||--------|--------||||--------|--------||--------|--------||--------|--------||--------|--------| set
cpu-bind=MASK - n2cn1146, task 949 53 [368338]: mask 0x|--------|--------||--------|--------||--------|--------||-----B--|--------||||--------|--------||--------|--------||--------|--------||--------|--------| set
cpu-bind=MASK - n2cn0402, task 174 46 [1470753]: mask 0x|--------|--------||--------|--------||--------|------B-||--------|--------||||--------|--------||--------|--------||--------|--------||--------|--------| set
cpu-bind=MASK - n2cn0895, task 562 50 [9235]: mask 0x|--------|--------||--------|--------||--------|--------||--B-----|--------||||--------|--------||--------|--------||--------|--------||--------|--------| set
cpu-bind=MASK - n2cn0295, task 53 53 [325576]: mask 0x|--------|--------||--------|--------||--------|--------||-----B--|--------||||--------|--------||--------|--------||--------|--------||--------|--------| set
cpu-bind=MASK - n2cn0908, task 686 46 [318572]: mask 0x|--------|--------||--------|--------||--------|------B-||--------|--------||||--------|--------||--------|--------||--------|--------||--------|--------| set
cpu-bind=MASK - n2cn0425, task 306 50 [1621148]: mask 0x|--------|--------||--------|--------||--------|--------||--B-----|--------||||--------|--------||--------|--------||--------|--------||--------|--------| set
cpu-bind=MASK - n2cn0993, task 803 35 [465296]: mask 0x|--------|--------||--------|--------||---B----|--------||--------|--------||||--------|--------||--------|--------||--------|--------||--------|--------| set
cpu-bind=MASK - n2cn0601, task 417 33 [6275]: mask 0x|--------|--------||--------|--------||-B------|--------||--------|--------||||--------|--------||--------|--------||--------|--------||--------|--------| set
cpu-bind=MASK - n2cn1146, task 950 54 [368339]: mask 0x|--------|--------||--------|--------||--------|--------||------B-|--------||||--------|--------||--------|--------||--------|--------||--------|--------| set
cpu-bind=MASK - n2cn0402, task 175 47 [1470754]: mask 0x|--------|--------||--------|--------||--------|-------B||--------|--------||||--------|--------||--------|--------||--------|--------||--------|--------| set
cpu-bind=MASK - n2cn0895, task 563 51 [9236]: mask 0x|--------|--------||--------|--------||--------|--------||---B----|--------||||--------|--------||--------|--------||--------|--------||--------|--------| set
cpu-bind=MASK - n2cn0295, task 54 54 [325577]: mask 0x|--------|--------||--------|--------||--------|--------||------B-|--------||||--------|--------||--------|--------||--------|--------||--------|--------| set
cpu-bind=MASK - n2cn0601, task 418 34 [6276]: mask 0x|--------|--------||--------|--------||--B-----|--------||--------|--------||||--------|--------||--------|--------||--------|--------||--------|--------| set
cpu-bind=MASK - n2cn0908, task 687 47 [318573]: mask 0x|--------|--------||--------|--------||--------|-------B||--------|--------||||--------|--------||--------|--------||--------|--------||--------|--------| set
cpu-bind=MASK - n2cn0425, task 307 51 [1621149]: mask 0x|--------|--------||--------|--------||--------|--------||---B----|--------||||--------|--------||--------|--------||--------|--------||--------|--------| set
cpu-bind=MASK - n2cn0993, task 804 36 [465297]: mask 0x|--------|--------||--------|--------||----B---|--------||--------|--------||||--------|--------||--------|--------||--------|--------||--------|--------| set
cpu-bind=MASK - n2cn1146, task 951 55 [368340]: mask 0x|--------|--------||--------|--------||--------|--------||-------B|--------||||--------|--------||--------|--------||--------|--------||--------|--------| set
cpu-bind=MASK - n2cn0895, task 564 52 [9237]: mask 0x|--------|--------||--------|--------||--------|--------||----B---|--------||||--------|--------||--------|--------||--------|--------||--------|--------| set
cpu-bind=MASK - n2cn0601, task 419 35 [6277]: mask 0x|--------|--------||--------|--------||---B----|--------||--------|--------||||--------|--------||--------|--------||--------|--------||--------|--------| set
cpu-bind=MASK - n2cn0295, task 55 55 [325578]: mask 0x|--------|--------||--------|--------||--------|--------||-------B|--------||||--------|--------||--------|--------||--------|--------||--------|--------| set
cpu-bind=MASK - n2cn0993, task 805 37 [465298]: mask 0x|--------|--------||--------|--------||-----B--|--------||--------|--------||||--------|--------||--------|--------||--------|--------||--------|--------| set
cpu-bind=MASK - n2cn0425, task 308 52 [1621150]: mask 0x|--------|--------||--------|--------||--------|--------||----B---|--------||||--------|--------||--------|--------||--------|--------||--------|--------| set
cpu-bind=MASK - n2cn0908, task 688 48 [318574]: mask 0x|--------|--------||--------|--------||--------|--------||B-------|--------||||--------|--------||--------|--------||--------|--------||--------|--------| set
cpu-bind=MASK - n2cn1146, task 952 56 [368341]: mask 0x|--------|--------||--------|--------||--------|--------||--------|B-------||||--------|--------||--------|--------||--------|--------||--------|--------| set
cpu-bind=MASK - n2cn0895, task 565 53 [9238]: mask 0x|--------|--------||--------|--------||--------|--------||-----B--|--------||||--------|--------||--------|--------||--------|--------||--------|--------| set
cpu-bind=MASK - n2cn0601, task 420 36 [6278]: mask 0x|--------|--------||--------|--------||----B---|--------||--------|--------||||--------|--------||--------|--------||--------|--------||--------|--------| set
cpu-bind=MASK - n2cn0402, task 176 48 [1470755]: mask 0x|--------|--------||--------|--------||--------|--------||B-------|--------||||--------|--------||--------|--------||--------|--------||--------|--------| set
cpu-bind=MASK - n2cn0295, task 56 56 [325579]: mask 0x|--------|--------||--------|--------||--------|--------||--------|B-------||||--------|--------||--------|--------||--------|--------||--------|--------| set
cpu-bind=MASK - n2cn0908, task 689 49 [318575]: mask 0x|--------|--------||--------|--------||--------|--------||-B------|--------||||--------|--------||--------|--------||--------|--------||--------|--------| set
cpu-bind=MASK - n2cn0425, task 309 53 [1621151]: mask 0x|--------|--------||--------|--------||--------|--------||-----B--|--------||||--------|--------||--------|--------||--------|--------||--------|--------| set
cpu-bind=MASK - n2cn0993, task 806 38 [465299]: mask 0x|--------|--------||--------|--------||------B-|--------||--------|--------||||--------|--------||--------|--------||--------|--------||--------|--------| set
cpu-bind=MASK - n2cn1146, task 953 57 [368342]: mask 0x|--------|--------||--------|--------||--------|--------||--------|-B------||||--------|--------||--------|--------||--------|--------||--------|--------| set
cpu-bind=MASK - n2cn0601, task 421 37 [6279]: mask 0x|--------|--------||--------|--------||-----B--|--------||--------|--------||||--------|--------||--------|--------||--------|--------||--------|--------| set
cpu-bind=MASK - n2cn0402, task 177 49 [1470756]: mask 0x|--------|--------||--------|--------||--------|--------||-B------|--------||||--------|--------||--------|--------||--------|--------||--------|--------| set
cpu-bind=MASK - n2cn0295, task 57 57 [325580]: mask 0x|--------|--------||--------|--------||--------|--------||--------|-B------||||--------|--------||--------|--------||--------|--------||--------|--------| set
cpu-bind=MASK - n2cn0895, task 566 54 [9239]: mask 0x|--------|--------||--------|--------||--------|--------||------B-|--------||||--------|--------||--------|--------||--------|--------||--------|--------| set
cpu-bind=MASK - n2cn0908, task 690 50 [318576]: mask 0x|--------|--------||--------|--------||--------|--------||--B-----|--------||||--------|--------||--------|--------||--------|--------||--------|--------| set
cpu-bind=MASK - n2cn0993, task 807 39 [465300]: mask 0x|--------|--------||--------|--------||-------B|--------||--------|--------||||--------|--------||--------|--------||--------|--------||--------|--------| set
cpu-bind=MASK - n2cn1146, task 954 58 [368343]: mask 0x|--------|--------||--------|--------||--------|--------||--------|--B-----||||--------|--------||--------|--------||--------|--------||--------|--------| set
cpu-bind=MASK - n2cn0425, task 310 54 [1621152]: mask 0x|--------|--------||--------|--------||--------|--------||------B-|--------||||--------|--------||--------|--------||--------|--------||--------|--------| set
cpu-bind=MASK - n2cn0601, task 422 38 [6280]: mask 0x|--------|--------||--------|--------||------B-|--------||--------|--------||||--------|--------||--------|--------||--------|--------||--------|--------| set
cpu-bind=MASK - n2cn0895, task 567 55 [9240]: mask 0x|--------|--------||--------|--------||--------|--------||-------B|--------||||--------|--------||--------|--------||--------|--------||--------|--------| set
cpu-bind=MASK - n2cn0295, task 58 58 [325581]: mask 0x|--------|--------||--------|--------||--------|--------||--------|--B-----||||--------|--------||--------|--------||--------|--------||--------|--------| set
cpu-bind=MASK - n2cn0908, task 691 51 [318577]: mask 0x|--------|--------||--------|--------||--------|--------||---B----|--------||||--------|--------||--------|--------||--------|--------||--------|--------| set
cpu-bind=MASK - n2cn0993, task 808 40 [465301]: mask 0x|--------|--------||--------|--------||--------|B-------||--------|--------||||--------|--------||--------|--------||--------|--------||--------|--------| set
cpu-bind=MASK - n2cn1146, task 955 59 [368344]: mask 0x|--------|--------||--------|--------||--------|--------||--------|---B----||||--------|--------||--------|--------||--------|--------||--------|--------| set
cpu-bind=MASK - n2cn0601, task 423 39 [6281]: mask 0x|--------|--------||--------|--------||-------B|--------||--------|--------||||--------|--------||--------|--------||--------|--------||--------|--------| set
cpu-bind=MASK - n2cn0425, task 311 55 [1621153]: mask 0x|--------|--------||--------|--------||--------|--------||-------B|--------||||--------|--------||--------|--------||--------|--------||--------|--------| set
cpu-bind=MASK - n2cn0402, task 178 50 [1470757]: mask 0x|--------|--------||--------|--------||--------|--------||--B-----|--------||||--------|--------||--------|--------||--------|--------||--------|--------| set
cpu-bind=MASK - n2cn0895, task 568 56 [9241]: mask 0x|--------|--------||--------|--------||--------|--------||--------|B-------||||--------|--------||--------|--------||--------|--------||--------|--------| set
cpu-bind=MASK - n2cn0908, task 692 52 [318578]: mask 0x|--------|--------||--------|--------||--------|--------||----B---|--------||||--------|--------||--------|--------||--------|--------||--------|--------| set
cpu-bind=MASK - n2cn0295, task 59 59 [325582]: mask 0x|--------|--------||--------|--------||--------|--------||--------|---B----||||--------|--------||--------|--------||--------|--------||--------|--------| set
cpu-bind=MASK - n2cn1146, task 956 60 [368345]: mask 0x|--------|--------||--------|--------||--------|--------||--------|----B---||||--------|--------||--------|--------||--------|--------||--------|--------| set
cpu-bind=MASK - n2cn0993, task 809 41 [465302]: mask 0x|--------|--------||--------|--------||--------|-B------||--------|--------||||--------|--------||--------|--------||--------|--------||--------|--------| set
cpu-bind=MASK - n2cn0601, task 424 40 [6282]: mask 0x|--------|--------||--------|--------||--------|B-------||--------|--------||||--------|--------||--------|--------||--------|--------||--------|--------| set
cpu-bind=MASK - n2cn0425, task 312 56 [1621154]: mask 0x|--------|--------||--------|--------||--------|--------||--------|B-------||||--------|--------||--------|--------||--------|--------||--------|--------| set
cpu-bind=MASK - n2cn0895, task 569 57 [9242]: mask 0x|--------|--------||--------|--------||--------|--------||--------|-B------||||--------|--------||--------|--------||--------|--------||--------|--------| set
cpu-bind=MASK - n2cn0402, task 179 51 [1470758]: mask 0x|--------|--------||--------|--------||--------|--------||---B----|--------||||--------|--------||--------|--------||--------|--------||--------|--------| set
cpu-bind=MASK - n2cn0908, task 693 53 [318579]: mask 0x|--------|--------||--------|--------||--------|--------||-----B--|--------||||--------|--------||--------|--------||--------|--------||--------|--------| set
cpu-bind=MASK - n2cn1146, task 957 61 [368346]: mask 0x|--------|--------||--------|--------||--------|--------||--------|-----B--||||--------|--------||--------|--------||--------|--------||--------|--------| set
cpu-bind=MASK - n2cn0601, task 425 41 [6283]: mask 0x|--------|--------||--------|--------||--------|-B------||--------|--------||||--------|--------||--------|--------||--------|--------||--------|--------| set
cpu-bind=MASK - n2cn0993, task 810 42 [465303]: mask 0x|--------|--------||--------|--------||--------|--B-----||--------|--------||||--------|--------||--------|--------||--------|--------||--------|--------| set
cpu-bind=MASK - n2cn0295, task 60 60 [325583]: mask 0x|--------|--------||--------|--------||--------|--------||--------|----B---||||--------|--------||--------|--------||--------|--------||--------|--------| set
cpu-bind=MASK - n2cn0895, task 570 58 [9243]: mask 0x|--------|--------||--------|--------||--------|--------||--------|--B-----||||--------|--------||--------|--------||--------|--------||--------|--------| set
cpu-bind=MASK - n2cn0425, task 313 57 [1621155]: mask 0x|--------|--------||--------|--------||--------|--------||--------|-B------||||--------|--------||--------|--------||--------|--------||--------|--------| set
cpu-bind=MASK - n2cn0402, task 180 52 [1470759]: mask 0x|--------|--------||--------|--------||--------|--------||----B---|--------||||--------|--------||--------|--------||--------|--------||--------|--------| set
cpu-bind=MASK - n2cn0908, task 694 54 [318580]: mask 0x|--------|--------||--------|--------||--------|--------||------B-|--------||||--------|--------||--------|--------||--------|--------||--------|--------| set
cpu-bind=MASK - n2cn0601, task 426 42 [6284]: mask 0x|--------|--------||--------|--------||--------|--B-----||--------|--------||||--------|--------||--------|--------||--------|--------||--------|--------| set
cpu-bind=MASK - n2cn1146, task 958 62 [368347]: mask 0x|--------|--------||--------|--------||--------|--------||--------|------B-||||--------|--------||--------|--------||--------|--------||--------|--------| set
cpu-bind=MASK - n2cn0993, task 811 43 [465304]: mask 0x|--------|--------||--------|--------||--------|---B----||--------|--------||||--------|--------||--------|--------||--------|--------||--------|--------| set
cpu-bind=MASK - n2cn0895, task 571 59 [9244]: mask 0x|--------|--------||--------|--------||--------|--------||--------|---B----||||--------|--------||--------|--------||--------|--------||--------|--------| set
cpu-bind=MASK - n2cn0295, task 61 61 [325584]: mask 0x|--------|--------||--------|--------||--------|--------||--------|-----B--||||--------|--------||--------|--------||--------|--------||--------|--------| set
cpu-bind=MASK - n2cn0425, task 314 58 [1621156]: mask 0x|--------|--------||--------|--------||--------|--------||--------|--B-----||||--------|--------||--------|--------||--------|--------||--------|--------| set
cpu-bind=MASK - n2cn0402, task 181 53 [1470760]: mask 0x|--------|--------||--------|--------||--------|--------||-----B--|--------||||--------|--------||--------|--------||--------|--------||--------|--------| set
cpu-bind=MASK - n2cn0601, task 427 43 [6285]: mask 0x|--------|--------||--------|--------||--------|---B----||--------|--------||||--------|--------||--------|--------||--------|--------||--------|--------| set
cpu-bind=MASK - n2cn1146, task 959 63 [368348]: mask 0x|--------|--------||--------|--------||--------|--------||--------|-------B||||--------|--------||--------|--------||--------|--------||--------|--------| set
cpu-bind=MASK - n2cn0993, task 812 44 [465305]: mask 0x|--------|--------||--------|--------||--------|----B---||--------|--------||||--------|--------||--------|--------||--------|--------||--------|--------| set
cpu-bind=MASK - n2cn0895, task 572 60 [9245]: mask 0x|--------|--------||--------|--------||--------|--------||--------|----B---||||--------|--------||--------|--------||--------|--------||--------|--------| set
cpu-bind=MASK - n2cn0295, task 62 62 [325585]: mask 0x|--------|--------||--------|--------||--------|--------||--------|------B-||||--------|--------||--------|--------||--------|--------||--------|--------| set
cpu-bind=MASK - n2cn0908, task 695 55 [318581]: mask 0x|--------|--------||--------|--------||--------|--------||-------B|--------||||--------|--------||--------|--------||--------|--------||--------|--------| set
cpu-bind=MASK - n2cn0425, task 315 59 [1621157]: mask 0x|--------|--------||--------|--------||--------|--------||--------|---B----||||--------|--------||--------|--------||--------|--------||--------|--------| set
cpu-bind=MASK - n2cn0601, task 428 44 [6286]: mask 0x|--------|--------||--------|--------||--------|----B---||--------|--------||||--------|--------||--------|--------||--------|--------||--------|--------| set
cpu-bind=MASK - n2cn1146, task 960 64 [368349]: mask 0x|--------|--------||--------|--------||--------|--------||--------|--------||||B-------|--------||--------|--------||--------|--------||--------|--------| set
cpu-bind=MASK - n2cn0895, task 573 61 [9246]: mask 0x|--------|--------||--------|--------||--------|--------||--------|-----B--||||--------|--------||--------|--------||--------|--------||--------|--------| set
cpu-bind=MASK - n2cn0402, task 182 54 [1470761]: mask 0x|--------|--------||--------|--------||--------|--------||------B-|--------||||--------|--------||--------|--------||--------|--------||--------|--------| set
cpu-bind=MASK - n2cn0993, task 813 45 [465306]: mask 0x|--------|--------||--------|--------||--------|-----B--||--------|--------||||--------|--------||--------|--------||--------|--------||--------|--------| set
cpu-bind=MASK - n2cn0295, task 63 63 [325586]: mask 0x|--------|--------||--------|--------||--------|--------||--------|-------B||||--------|--------||--------|--------||--------|--------||--------|--------| set
cpu-bind=MASK - n2cn0908, task 696 56 [318582]: mask 0x|--------|--------||--------|--------||--------|--------||--------|B-------||||--------|--------||--------|--------||--------|--------||--------|--------| set
cpu-bind=MASK - n2cn0425, task 316 60 [1621158]: mask 0x|--------|--------||--------|--------||--------|--------||--------|----B---||||--------|--------||--------|--------||--------|--------||--------|--------| set
cpu-bind=MASK - n2cn0601, task 429 45 [6287]: mask 0x|--------|--------||--------|--------||--------|-----B--||--------|--------||||--------|--------||--------|--------||--------|--------||--------|--------| set
cpu-bind=MASK - n2cn0895, task 574 62 [9247]: mask 0x|--------|--------||--------|--------||--------|--------||--------|------B-||||--------|--------||--------|--------||--------|--------||--------|--------| set
cpu-bind=MASK - n2cn1146, task 961 65 [368350]: mask 0x|--------|--------||--------|--------||--------|--------||--------|--------||||-B------|--------||--------|--------||--------|--------||--------|--------| set
cpu-bind=MASK - n2cn0993, task 814 46 [465307]: mask 0x|--------|--------||--------|--------||--------|------B-||--------|--------||||--------|--------||--------|--------||--------|--------||--------|--------| set
cpu-bind=MASK - n2cn0295, task 64 64 [325587]: mask 0x|--------|--------||--------|--------||--------|--------||--------|--------||||B-------|--------||--------|--------||--------|--------||--------|--------| set
cpu-bind=MASK - n2cn0908, task 697 57 [318583]: mask 0x|--------|--------||--------|--------||--------|--------||--------|-B------||||--------|--------||--------|--------||--------|--------||--------|--------| set
cpu-bind=MASK - n2cn0402, task 183 55 [1470762]: mask 0x|--------|--------||--------|--------||--------|--------||-------B|--------||||--------|--------||--------|--------||--------|--------||--------|--------| set
cpu-bind=MASK - n2cn0425, task 317 61 [1621159]: mask 0x|--------|--------||--------|--------||--------|--------||--------|-----B--||||--------|--------||--------|--------||--------|--------||--------|--------| set
cpu-bind=MASK - n2cn0601, task 430 46 [6288]: mask 0x|--------|--------||--------|--------||--------|------B-||--------|--------||||--------|--------||--------|--------||--------|--------||--------|--------| set
cpu-bind=MASK - n2cn1146, task 962 66 [368351]: mask 0x|--------|--------||--------|--------||--------|--------||--------|--------||||--B-----|--------||--------|--------||--------|--------||--------|--------| set
cpu-bind=MASK - n2cn0895, task 575 63 [9248]: mask 0x|--------|--------||--------|--------||--------|--------||--------|-------B||||--------|--------||--------|--------||--------|--------||--------|--------| set
cpu-bind=MASK - n2cn0908, task 698 58 [318584]: mask 0x|--------|--------||--------|--------||--------|--------||--------|--B-----||||--------|--------||--------|--------||--------|--------||--------|--------| set
cpu-bind=MASK - n2cn0993, task 815 47 [465308]: mask 0x|--------|--------||--------|--------||--------|-------B||--------|--------||||--------|--------||--------|--------||--------|--------||--------|--------| set
cpu-bind=MASK - n2cn0425, task 318 62 [1621160]: mask 0x|--------|--------||--------|--------||--------|--------||--------|------B-||||--------|--------||--------|--------||--------|--------||--------|--------| set
cpu-bind=MASK - n2cn0402, task 184 56 [1470763]: mask 0x|--------|--------||--------|--------||--------|--------||--------|B-------||||--------|--------||--------|--------||--------|--------||--------|--------| set
cpu-bind=MASK - n2cn0601, task 431 47 [6289]: mask 0x|--------|--------||--------|--------||--------|-------B||--------|--------||||--------|--------||--------|--------||--------|--------||--------|--------| set
cpu-bind=MASK - n2cn0295, task 65 65 [325588]: mask 0x|--------|--------||--------|--------||--------|--------||--------|--------||||-B------|--------||--------|--------||--------|--------||--------|--------| set
cpu-bind=MASK - n2cn1146, task 963 67 [368352]: mask 0x|--------|--------||--------|--------||--------|--------||--------|--------||||---B----|--------||--------|--------||--------|--------||--------|--------| set
cpu-bind=MASK - n2cn0895, task 576 64 [9249]: mask 0x|--------|--------||--------|--------||--------|--------||--------|--------||||B-------|--------||--------|--------||--------|--------||--------|--------| set
cpu-bind=MASK - n2cn0908, task 699 59 [318585]: mask 0x|--------|--------||--------|--------||--------|--------||--------|---B----||||--------|--------||--------|--------||--------|--------||--------|--------| set
cpu-bind=MASK - n2cn0993, task 816 48 [465309]: mask 0x|--------|--------||--------|--------||--------|--------||B-------|--------||||--------|--------||--------|--------||--------|--------||--------|--------| set
cpu-bind=MASK - n2cn0601, task 432 48 [6290]: mask 0x|--------|--------||--------|--------||--------|--------||B-------|--------||||--------|--------||--------|--------||--------|--------||--------|--------| set
cpu-bind=MASK - n2cn0402, task 185 57 [1470764]: mask 0x|--------|--------||--------|--------||--------|--------||--------|-B------||||--------|--------||--------|--------||--------|--------||--------|--------| set
cpu-bind=MASK - n2cn0425, task 319 63 [1621161]: mask 0x|--------|--------||--------|--------||--------|--------||--------|-------B||||--------|--------||--------|--------||--------|--------||--------|--------| set
cpu-bind=MASK - n2cn0295, task 66 66 [325589]: mask 0x|--------|--------||--------|--------||--------|--------||--------|--------||||--B-----|--------||--------|--------||--------|--------||--------|--------| set
cpu-bind=MASK - n2cn1146, task 964 68 [368353]: mask 0x|--------|--------||--------|--------||--------|--------||--------|--------||||----B---|--------||--------|--------||--------|--------||--------|--------| set
cpu-bind=MASK - n2cn0895, task 577 65 [9250]: mask 0x|--------|--------||--------|--------||--------|--------||--------|--------||||-B------|--------||--------|--------||--------|--------||--------|--------| set
cpu-bind=MASK - n2cn0993, task 817 49 [465310]: mask 0x|--------|--------||--------|--------||--------|--------||-B------|--------||||--------|--------||--------|--------||--------|--------||--------|--------| set
cpu-bind=MASK - n2cn0601, task 433 49 [6291]: mask 0x|--------|--------||--------|--------||--------|--------||-B------|--------||||--------|--------||--------|--------||--------|--------||--------|--------| set
cpu-bind=MASK - n2cn0908, task 700 60 [318586]: mask 0x|--------|--------||--------|--------||--------|--------||--------|----B---||||--------|--------||--------|--------||--------|--------||--------|--------| set
cpu-bind=MASK - n2cn0425, task 320 64 [1621162]: mask 0x|--------|--------||--------|--------||--------|--------||--------|--------||||B-------|--------||--------|--------||--------|--------||--------|--------| set
cpu-bind=MASK - n2cn0402, task 186 58 [1470765]: mask 0x|--------|--------||--------|--------||--------|--------||--------|--B-----||||--------|--------||--------|--------||--------|--------||--------|--------| set
cpu-bind=MASK - n2cn0295, task 67 67 [325590]: mask 0x|--------|--------||--------|--------||--------|--------||--------|--------||||---B----|--------||--------|--------||--------|--------||--------|--------| set
cpu-bind=MASK - n2cn1146, task 965 69 [368354]: mask 0x|--------|--------||--------|--------||--------|--------||--------|--------||||-----B--|--------||--------|--------||--------|--------||--------|--------| set
cpu-bind=MASK - n2cn0895, task 578 66 [9251]: mask 0x|--------|--------||--------|--------||--------|--------||--------|--------||||--B-----|--------||--------|--------||--------|--------||--------|--------| set
cpu-bind=MASK - n2cn0601, task 434 50 [6292]: mask 0x|--------|--------||--------|--------||--------|--------||--B-----|--------||||--------|--------||--------|--------||--------|--------||--------|--------| set
cpu-bind=MASK - n2cn0993, task 818 50 [465311]: mask 0x|--------|--------||--------|--------||--------|--------||--B-----|--------||||--------|--------||--------|--------||--------|--------||--------|--------| set
cpu-bind=MASK - n2cn0908, task 701 61 [318587]: mask 0x|--------|--------||--------|--------||--------|--------||--------|-----B--||||--------|--------||--------|--------||--------|--------||--------|--------| set
cpu-bind=MASK - n2cn0402, task 187 59 [1470766]: mask 0x|--------|--------||--------|--------||--------|--------||--------|---B----||||--------|--------||--------|--------||--------|--------||--------|--------| set
cpu-bind=MASK - n2cn0425, task 321 65 [1621163]: mask 0x|--------|--------||--------|--------||--------|--------||--------|--------||||-B------|--------||--------|--------||--------|--------||--------|--------| set
cpu-bind=MASK - n2cn1146, task 966 70 [368355]: mask 0x|--------|--------||--------|--------||--------|--------||--------|--------||||------B-|--------||--------|--------||--------|--------||--------|--------| set
cpu-bind=MASK - n2cn0295, task 68 68 [325591]: mask 0x|--------|--------||--------|--------||--------|--------||--------|--------||||----B---|--------||--------|--------||--------|--------||--------|--------| set
cpu-bind=MASK - n2cn0895, task 579 67 [9252]: mask 0x|--------|--------||--------|--------||--------|--------||--------|--------||||---B----|--------||--------|--------||--------|--------||--------|--------| set
cpu-bind=MASK - n2cn0601, task 435 51 [6293]: mask 0x|--------|--------||--------|--------||--------|--------||---B----|--------||||--------|--------||--------|--------||--------|--------||--------|--------| set
cpu-bind=MASK - n2cn0993, task 819 51 [465312]: mask 0x|--------|--------||--------|--------||--------|--------||---B----|--------||||--------|--------||--------|--------||--------|--------||--------|--------| set
cpu-bind=MASK - n2cn0908, task 702 62 [318588]: mask 0x|--------|--------||--------|--------||--------|--------||--------|------B-||||--------|--------||--------|--------||--------|--------||--------|--------| set
cpu-bind=MASK - n2cn0425, task 322 66 [1621164]: mask 0x|--------|--------||--------|--------||--------|--------||--------|--------||||--B-----|--------||--------|--------||--------|--------||--------|--------| set
cpu-bind=MASK - n2cn0402, task 188 60 [1470767]: mask 0x|--------|--------||--------|--------||--------|--------||--------|----B---||||--------|--------||--------|--------||--------|--------||--------|--------| set
cpu-bind=MASK - n2cn0895, task 580 68 [9253]: mask 0x|--------|--------||--------|--------||--------|--------||--------|--------||||----B---|--------||--------|--------||--------|--------||--------|--------| set
cpu-bind=MASK - n2cn1146, task 967 71 [368356]: mask 0x|--------|--------||--------|--------||--------|--------||--------|--------||||-------B|--------||--------|--------||--------|--------||--------|--------| set
cpu-bind=MASK - n2cn0295, task 69 69 [325592]: mask 0x|--------|--------||--------|--------||--------|--------||--------|--------||||-----B--|--------||--------|--------||--------|--------||--------|--------| set
cpu-bind=MASK - n2cn0601, task 436 52 [6294]: mask 0x|--------|--------||--------|--------||--------|--------||----B---|--------||||--------|--------||--------|--------||--------|--------||--------|--------| set
cpu-bind=MASK - n2cn0993, task 820 52 [465313]: mask 0x|--------|--------||--------|--------||--------|--------||----B---|--------||||--------|--------||--------|--------||--------|--------||--------|--------| set
cpu-bind=MASK - n2cn0908, task 703 63 [318589]: mask 0x|--------|--------||--------|--------||--------|--------||--------|-------B||||--------|--------||--------|--------||--------|--------||--------|--------| set
cpu-bind=MASK - n2cn0402, task 189 61 [1470768]: mask 0x|--------|--------||--------|--------||--------|--------||--------|-----B--||||--------|--------||--------|--------||--------|--------||--------|--------| set
cpu-bind=MASK - n2cn0425, task 323 67 [1621165]: mask 0x|--------|--------||--------|--------||--------|--------||--------|--------||||---B----|--------||--------|--------||--------|--------||--------|--------| set
cpu-bind=MASK - n2cn0895, task 581 69 [9254]: mask 0x|--------|--------||--------|--------||--------|--------||--------|--------||||-----B--|--------||--------|--------||--------|--------||--------|--------| set
cpu-bind=MASK - n2cn1146, task 968 72 [368357]: mask 0x|--------|--------||--------|--------||--------|--------||--------|--------||||--------|B-------||--------|--------||--------|--------||--------|--------| set
cpu-bind=MASK - n2cn0295, task 70 70 [325593]: mask 0x|--------|--------||--------|--------||--------|--------||--------|--------||||------B-|--------||--------|--------||--------|--------||--------|--------| set
cpu-bind=MASK - n2cn0601, task 437 53 [6295]: mask 0x|--------|--------||--------|--------||--------|--------||-----B--|--------||||--------|--------||--------|--------||--------|--------||--------|--------| set
cpu-bind=MASK - n2cn0908, task 704 64 [318590]: mask 0x|--------|--------||--------|--------||--------|--------||--------|--------||||B-------|--------||--------|--------||--------|--------||--------|--------| set
cpu-bind=MASK - n2cn0993, task 821 53 [465314]: mask 0x|--------|--------||--------|--------||--------|--------||-----B--|--------||||--------|--------||--------|--------||--------|--------||--------|--------| set
cpu-bind=MASK - n2cn0895, task 582 70 [9255]: mask 0x|--------|--------||--------|--------||--------|--------||--------|--------||||------B-|--------||--------|--------||--------|--------||--------|--------| set
cpu-bind=MASK - n2cn0425, task 324 68 [1621166]: mask 0x|--------|--------||--------|--------||--------|--------||--------|--------||||----B---|--------||--------|--------||--------|--------||--------|--------| set
cpu-bind=MASK - n2cn1146, task 969 73 [368358]: mask 0x|--------|--------||--------|--------||--------|--------||--------|--------||||--------|-B------||--------|--------||--------|--------||--------|--------| set
cpu-bind=MASK - n2cn0402, task 190 62 [1470769]: mask 0x|--------|--------||--------|--------||--------|--------||--------|------B-||||--------|--------||--------|--------||--------|--------||--------|--------| set
cpu-bind=MASK - n2cn0295, task 71 71 [325594]: mask 0x|--------|--------||--------|--------||--------|--------||--------|--------||||-------B|--------||--------|--------||--------|--------||--------|--------| set
cpu-bind=MASK - n2cn0601, task 438 54 [6296]: mask 0x|--------|--------||--------|--------||--------|--------||------B-|--------||||--------|--------||--------|--------||--------|--------||--------|--------| set
cpu-bind=MASK - n2cn0993, task 822 54 [465315]: mask 0x|--------|--------||--------|--------||--------|--------||------B-|--------||||--------|--------||--------|--------||--------|--------||--------|--------| set
cpu-bind=MASK - n2cn0908, task 705 65 [318591]: mask 0x|--------|--------||--------|--------||--------|--------||--------|--------||||-B------|--------||--------|--------||--------|--------||--------|--------| set
cpu-bind=MASK - n2cn0895, task 583 71 [9256]: mask 0x|--------|--------||--------|--------||--------|--------||--------|--------||||-------B|--------||--------|--------||--------|--------||--------|--------| set
cpu-bind=MASK - n2cn0425, task 325 69 [1621167]: mask 0x|--------|--------||--------|--------||--------|--------||--------|--------||||-----B--|--------||--------|--------||--------|--------||--------|--------| set
cpu-bind=MASK - n2cn1146, task 970 74 [368359]: mask 0x|--------|--------||--------|--------||--------|--------||--------|--------||||--------|--B-----||--------|--------||--------|--------||--------|--------| set
cpu-bind=MASK - n2cn0402, task 191 63 [1470770]: mask 0x|--------|--------||--------|--------||--------|--------||--------|-------B||||--------|--------||--------|--------||--------|--------||--------|--------| set
cpu-bind=MASK - n2cn0295, task 72 72 [325595]: mask 0x|--------|--------||--------|--------||--------|--------||--------|--------||||--------|B-------||--------|--------||--------|--------||--------|--------| set
cpu-bind=MASK - n2cn0601, task 439 55 [6297]: mask 0x|--------|--------||--------|--------||--------|--------||-------B|--------||||--------|--------||--------|--------||--------|--------||--------|--------| set
cpu-bind=MASK - n2cn0895, task 584 72 [9257]: mask 0x|--------|--------||--------|--------||--------|--------||--------|--------||||--------|B-------||--------|--------||--------|--------||--------|--------| set
cpu-bind=MASK - n2cn1146, task 971 75 [368360]: mask 0x|--------|--------||--------|--------||--------|--------||--------|--------||||--------|---B----||--------|--------||--------|--------||--------|--------| set
cpu-bind=MASK - n2cn0908, task 706 66 [318592]: mask 0x|--------|--------||--------|--------||--------|--------||--------|--------||||--B-----|--------||--------|--------||--------|--------||--------|--------| set
cpu-bind=MASK - n2cn0425, task 326 70 [1621168]: mask 0x|--------|--------||--------|--------||--------|--------||--------|--------||||------B-|--------||--------|--------||--------|--------||--------|--------| set
cpu-bind=MASK - n2cn0993, task 823 55 [465316]: mask 0x|--------|--------||--------|--------||--------|--------||-------B|--------||||--------|--------||--------|--------||--------|--------||--------|--------| set
cpu-bind=MASK - n2cn0402, task 192 64 [1470771]: mask 0x|--------|--------||--------|--------||--------|--------||--------|--------||||B-------|--------||--------|--------||--------|--------||--------|--------| set
cpu-bind=MASK - n2cn0295, task 73 73 [325596]: mask 0x|--------|--------||--------|--------||--------|--------||--------|--------||||--------|-B------||--------|--------||--------|--------||--------|--------| set
cpu-bind=MASK - n2cn0601, task 440 56 [6298]: mask 0x|--------|--------||--------|--------||--------|--------||--------|B-------||||--------|--------||--------|--------||--------|--------||--------|--------| set
cpu-bind=MASK - n2cn1146, task 972 76 [368361]: mask 0x|--------|--------||--------|--------||--------|--------||--------|--------||||--------|----B---||--------|--------||--------|--------||--------|--------| set
cpu-bind=MASK - n2cn0895, task 585 73 [9258]: mask 0x|--------|--------||--------|--------||--------|--------||--------|--------||||--------|-B------||--------|--------||--------|--------||--------|--------| set
cpu-bind=MASK - n2cn0908, task 707 67 [318593]: mask 0x|--------|--------||--------|--------||--------|--------||--------|--------||||---B----|--------||--------|--------||--------|--------||--------|--------| set
cpu-bind=MASK - n2cn0425, task 327 71 [1621169]: mask 0x|--------|--------||--------|--------||--------|--------||--------|--------||||-------B|--------||--------|--------||--------|--------||--------|--------| set
cpu-bind=MASK - n2cn0295, task 74 74 [325597]: mask 0x|--------|--------||--------|--------||--------|--------||--------|--------||||--------|--B-----||--------|--------||--------|--------||--------|--------| set
cpu-bind=MASK - n2cn0402, task 193 65 [1470772]: mask 0x|--------|--------||--------|--------||--------|--------||--------|--------||||-B------|--------||--------|--------||--------|--------||--------|--------| set
cpu-bind=MASK - n2cn0993, task 824 56 [465317]: mask 0x|--------|--------||--------|--------||--------|--------||--------|B-------||||--------|--------||--------|--------||--------|--------||--------|--------| set
cpu-bind=MASK - n2cn0601, task 441 57 [6299]: mask 0x|--------|--------||--------|--------||--------|--------||--------|-B------||||--------|--------||--------|--------||--------|--------||--------|--------| set
cpu-bind=MASK - n2cn1146, task 973 77 [368362]: mask 0x|--------|--------||--------|--------||--------|--------||--------|--------||||--------|-----B--||--------|--------||--------|--------||--------|--------| set
cpu-bind=MASK - n2cn0908, task 708 68 [318594]: mask 0x|--------|--------||--------|--------||--------|--------||--------|--------||||----B---|--------||--------|--------||--------|--------||--------|--------| set
cpu-bind=MASK - n2cn0425, task 328 72 [1621170]: mask 0x|--------|--------||--------|--------||--------|--------||--------|--------||||--------|B-------||--------|--------||--------|--------||--------|--------| set
cpu-bind=MASK - n2cn0895, task 586 74 [9259]: mask 0x|--------|--------||--------|--------||--------|--------||--------|--------||||--------|--B-----||--------|--------||--------|--------||--------|--------| set
cpu-bind=MASK - n2cn0295, task 75 75 [325598]: mask 0x|--------|--------||--------|--------||--------|--------||--------|--------||||--------|---B----||--------|--------||--------|--------||--------|--------| set
cpu-bind=MASK - n2cn0993, task 825 57 [465318]: mask 0x|--------|--------||--------|--------||--------|--------||--------|-B------||||--------|--------||--------|--------||--------|--------||--------|--------| set
cpu-bind=MASK - n2cn0402, task 194 66 [1470773]: mask 0x|--------|--------||--------|--------||--------|--------||--------|--------||||--B-----|--------||--------|--------||--------|--------||--------|--------| set
cpu-bind=MASK - n2cn0601, task 442 58 [6300]: mask 0x|--------|--------||--------|--------||--------|--------||--------|--B-----||||--------|--------||--------|--------||--------|--------||--------|--------| set
cpu-bind=MASK - n2cn1146, task 974 78 [368363]: mask 0x|--------|--------||--------|--------||--------|--------||--------|--------||||--------|------B-||--------|--------||--------|--------||--------|--------| set
cpu-bind=MASK - n2cn0908, task 709 69 [318595]: mask 0x|--------|--------||--------|--------||--------|--------||--------|--------||||-----B--|--------||--------|--------||--------|--------||--------|--------| set
cpu-bind=MASK - n2cn0425, task 329 73 [1621171]: mask 0x|--------|--------||--------|--------||--------|--------||--------|--------||||--------|-B------||--------|--------||--------|--------||--------|--------| set
cpu-bind=MASK - n2cn0895, task 587 75 [9260]: mask 0x|--------|--------||--------|--------||--------|--------||--------|--------||||--------|---B----||--------|--------||--------|--------||--------|--------| set
cpu-bind=MASK - n2cn0993, task 826 58 [465319]: mask 0x|--------|--------||--------|--------||--------|--------||--------|--B-----||||--------|--------||--------|--------||--------|--------||--------|--------| set
cpu-bind=MASK - n2cn0295, task 76 76 [325599]: mask 0x|--------|--------||--------|--------||--------|--------||--------|--------||||--------|----B---||--------|--------||--------|--------||--------|--------| set
cpu-bind=MASK - n2cn0601, task 443 59 [6301]: mask 0x|--------|--------||--------|--------||--------|--------||--------|---B----||||--------|--------||--------|--------||--------|--------||--------|--------| set
cpu-bind=MASK - n2cn0402, task 195 67 [1470774]: mask 0x|--------|--------||--------|--------||--------|--------||--------|--------||||---B----|--------||--------|--------||--------|--------||--------|--------| set
cpu-bind=MASK - n2cn1146, task 975 79 [368364]: mask 0x|--------|--------||--------|--------||--------|--------||--------|--------||||--------|-------B||--------|--------||--------|--------||--------|--------| set
cpu-bind=MASK - n2cn0908, task 710 70 [318596]: mask 0x|--------|--------||--------|--------||--------|--------||--------|--------||||------B-|--------||--------|--------||--------|--------||--------|--------| set
cpu-bind=MASK - n2cn0425, task 330 74 [1621172]: mask 0x|--------|--------||--------|--------||--------|--------||--------|--------||||--------|--B-----||--------|--------||--------|--------||--------|--------| set
cpu-bind=MASK - n2cn0295, task 77 77 [325600]: mask 0x|--------|--------||--------|--------||--------|--------||--------|--------||||--------|-----B--||--------|--------||--------|--------||--------|--------| set
cpu-bind=MASK - n2cn0993, task 827 59 [465320]: mask 0x|--------|--------||--------|--------||--------|--------||--------|---B----||||--------|--------||--------|--------||--------|--------||--------|--------| set
cpu-bind=MASK - n2cn0895, task 588 76 [9261]: mask 0x|--------|--------||--------|--------||--------|--------||--------|--------||||--------|----B---||--------|--------||--------|--------||--------|--------| set
cpu-bind=MASK - n2cn0402, task 196 68 [1470775]: mask 0x|--------|--------||--------|--------||--------|--------||--------|--------||||----B---|--------||--------|--------||--------|--------||--------|--------| set
cpu-bind=MASK - n2cn1146, task 976 80 [368365]: mask 0x|--------|--------||--------|--------||--------|--------||--------|--------||||--------|--------||B-------|--------||--------|--------||--------|--------| set
cpu-bind=MASK - n2cn0601, task 444 60 [6302]: mask 0x|--------|--------||--------|--------||--------|--------||--------|----B---||||--------|--------||--------|--------||--------|--------||--------|--------| set
cpu-bind=MASK - n2cn0425, task 331 75 [1621173]: mask 0x|--------|--------||--------|--------||--------|--------||--------|--------||||--------|---B----||--------|--------||--------|--------||--------|--------| set
cpu-bind=MASK - n2cn0908, task 711 71 [318597]: mask 0x|--------|--------||--------|--------||--------|--------||--------|--------||||-------B|--------||--------|--------||--------|--------||--------|--------| set
cpu-bind=MASK - n2cn0993, task 828 60 [465321]: mask 0x|--------|--------||--------|--------||--------|--------||--------|----B---||||--------|--------||--------|--------||--------|--------||--------|--------| set
cpu-bind=MASK - n2cn0895, task 589 77 [9262]: mask 0x|--------|--------||--------|--------||--------|--------||--------|--------||||--------|-----B--||--------|--------||--------|--------||--------|--------| set
cpu-bind=MASK - n2cn0295, task 78 78 [325601]: mask 0x|--------|--------||--------|--------||--------|--------||--------|--------||||--------|------B-||--------|--------||--------|--------||--------|--------| set
cpu-bind=MASK - n2cn0601, task 445 61 [6303]: mask 0x|--------|--------||--------|--------||--------|--------||--------|-----B--||||--------|--------||--------|--------||--------|--------||--------|--------| set
cpu-bind=MASK - n2cn0402, task 197 69 [1470776]: mask 0x|--------|--------||--------|--------||--------|--------||--------|--------||||-----B--|--------||--------|--------||--------|--------||--------|--------| set
cpu-bind=MASK - n2cn1146, task 977 81 [368366]: mask 0x|--------|--------||--------|--------||--------|--------||--------|--------||||--------|--------||-B------|--------||--------|--------||--------|--------| set
cpu-bind=MASK - n2cn0908, task 712 72 [318598]: mask 0x|--------|--------||--------|--------||--------|--------||--------|--------||||--------|B-------||--------|--------||--------|--------||--------|--------| set
cpu-bind=MASK - n2cn0425, task 332 76 [1621174]: mask 0x|--------|--------||--------|--------||--------|--------||--------|--------||||--------|----B---||--------|--------||--------|--------||--------|--------| set
cpu-bind=MASK - n2cn0993, task 829 61 [465322]: mask 0x|--------|--------||--------|--------||--------|--------||--------|-----B--||||--------|--------||--------|--------||--------|--------||--------|--------| set
cpu-bind=MASK - n2cn0895, task 590 78 [9263]: mask 0x|--------|--------||--------|--------||--------|--------||--------|--------||||--------|------B-||--------|--------||--------|--------||--------|--------| set
cpu-bind=MASK - n2cn0295, task 79 79 [325602]: mask 0x|--------|--------||--------|--------||--------|--------||--------|--------||||--------|-------B||--------|--------||--------|--------||--------|--------| set
cpu-bind=MASK - n2cn0601, task 446 62 [6304]: mask 0x|--------|--------||--------|--------||--------|--------||--------|------B-||||--------|--------||--------|--------||--------|--------||--------|--------| set
cpu-bind=MASK - n2cn0402, task 198 70 [1470777]: mask 0x|--------|--------||--------|--------||--------|--------||--------|--------||||------B-|--------||--------|--------||--------|--------||--------|--------| set
cpu-bind=MASK - n2cn0908, task 713 73 [318599]: mask 0x|--------|--------||--------|--------||--------|--------||--------|--------||||--------|-B------||--------|--------||--------|--------||--------|--------| set
cpu-bind=MASK - n2cn0425, task 333 77 [1621175]: mask 0x|--------|--------||--------|--------||--------|--------||--------|--------||||--------|-----B--||--------|--------||--------|--------||--------|--------| set
cpu-bind=MASK - n2cn0993, task 830 62 [465323]: mask 0x|--------|--------||--------|--------||--------|--------||--------|------B-||||--------|--------||--------|--------||--------|--------||--------|--------| set
cpu-bind=MASK - n2cn0895, task 591 79 [9264]: mask 0x|--------|--------||--------|--------||--------|--------||--------|--------||||--------|-------B||--------|--------||--------|--------||--------|--------| set
cpu-bind=MASK - n2cn0295, task 80 80 [325603]: mask 0x|--------|--------||--------|--------||--------|--------||--------|--------||||--------|--------||B-------|--------||--------|--------||--------|--------| set
cpu-bind=MASK - n2cn0601, task 447 63 [6305]: mask 0x|--------|--------||--------|--------||--------|--------||--------|-------B||||--------|--------||--------|--------||--------|--------||--------|--------| set
cpu-bind=MASK - n2cn1146, task 978 82 [368367]: mask 0x|--------|--------||--------|--------||--------|--------||--------|--------||||--------|--------||--B-----|--------||--------|--------||--------|--------| set
cpu-bind=MASK - n2cn0402, task 199 71 [1470778]: mask 0x|--------|--------||--------|--------||--------|--------||--------|--------||||-------B|--------||--------|--------||--------|--------||--------|--------| set
cpu-bind=MASK - n2cn0908, task 714 74 [318600]: mask 0x|--------|--------||--------|--------||--------|--------||--------|--------||||--------|--B-----||--------|--------||--------|--------||--------|--------| set
cpu-bind=MASK - n2cn0425, task 334 78 [1621176]: mask 0x|--------|--------||--------|--------||--------|--------||--------|--------||||--------|------B-||--------|--------||--------|--------||--------|--------| set
cpu-bind=MASK - n2cn0993, task 831 63 [465324]: mask 0x|--------|--------||--------|--------||--------|--------||--------|-------B||||--------|--------||--------|--------||--------|--------||--------|--------| set
cpu-bind=MASK - n2cn0895, task 592 80 [9265]: mask 0x|--------|--------||--------|--------||--------|--------||--------|--------||||--------|--------||B-------|--------||--------|--------||--------|--------| set
cpu-bind=MASK - n2cn0295, task 81 81 [325604]: mask 0x|--------|--------||--------|--------||--------|--------||--------|--------||||--------|--------||-B------|--------||--------|--------||--------|--------| set
cpu-bind=MASK - n2cn0601, task 448 64 [6306]: mask 0x|--------|--------||--------|--------||--------|--------||--------|--------||||B-------|--------||--------|--------||--------|--------||--------|--------| set
cpu-bind=MASK - n2cn1146, task 979 83 [368368]: mask 0x|--------|--------||--------|--------||--------|--------||--------|--------||||--------|--------||---B----|--------||--------|--------||--------|--------| set
cpu-bind=MASK - n2cn0402, task 200 72 [1470779]: mask 0x|--------|--------||--------|--------||--------|--------||--------|--------||||--------|B-------||--------|--------||--------|--------||--------|--------| set
cpu-bind=MASK - n2cn0908, task 715 75 [318601]: mask 0x|--------|--------||--------|--------||--------|--------||--------|--------||||--------|---B----||--------|--------||--------|--------||--------|--------| set
cpu-bind=MASK - n2cn0425, task 335 79 [1621177]: mask 0x|--------|--------||--------|--------||--------|--------||--------|--------||||--------|-------B||--------|--------||--------|--------||--------|--------| set
cpu-bind=MASK - n2cn0993, task 832 64 [465325]: mask 0x|--------|--------||--------|--------||--------|--------||--------|--------||||B-------|--------||--------|--------||--------|--------||--------|--------| set
cpu-bind=MASK - n2cn0895, task 593 81 [9266]: mask 0x|--------|--------||--------|--------||--------|--------||--------|--------||||--------|--------||-B------|--------||--------|--------||--------|--------| set
cpu-bind=MASK - n2cn0295, task 82 82 [325605]: mask 0x|--------|--------||--------|--------||--------|--------||--------|--------||||--------|--------||--B-----|--------||--------|--------||--------|--------| set
cpu-bind=MASK - n2cn0601, task 449 65 [6307]: mask 0x|--------|--------||--------|--------||--------|--------||--------|--------||||-B------|--------||--------|--------||--------|--------||--------|--------| set
cpu-bind=MASK - n2cn1146, task 980 84 [368369]: mask 0x|--------|--------||--------|--------||--------|--------||--------|--------||||--------|--------||----B---|--------||--------|--------||--------|--------| set
cpu-bind=MASK - n2cn0402, task 201 73 [1470780]: mask 0x|--------|--------||--------|--------||--------|--------||--------|--------||||--------|-B------||--------|--------||--------|--------||--------|--------| set
cpu-bind=MASK - n2cn0993, task 833 65 [465326]: mask 0x|--------|--------||--------|--------||--------|--------||--------|--------||||-B------|--------||--------|--------||--------|--------||--------|--------| set
cpu-bind=MASK - n2cn0295, task 83 83 [325606]: mask 0x|--------|--------||--------|--------||--------|--------||--------|--------||||--------|--------||---B----|--------||--------|--------||--------|--------| set
cpu-bind=MASK - n2cn0601, task 450 66 [6308]: mask 0x|--------|--------||--------|--------||--------|--------||--------|--------||||--B-----|--------||--------|--------||--------|--------||--------|--------| set
cpu-bind=MASK - n2cn0895, task 594 82 [9267]: mask 0x|--------|--------||--------|--------||--------|--------||--------|--------||||--------|--------||--B-----|--------||--------|--------||--------|--------| set
cpu-bind=MASK - n2cn0908, task 716 76 [318602]: mask 0x|--------|--------||--------|--------||--------|--------||--------|--------||||--------|----B---||--------|--------||--------|--------||--------|--------| set
cpu-bind=MASK - n2cn0425, task 336 80 [1621178]: mask 0x|--------|--------||--------|--------||--------|--------||--------|--------||||--------|--------||B-------|--------||--------|--------||--------|--------| set
cpu-bind=MASK - n2cn1146, task 981 85 [368370]: mask 0x|--------|--------||--------|--------||--------|--------||--------|--------||||--------|--------||-----B--|--------||--------|--------||--------|--------| set
cpu-bind=MASK - n2cn0402, task 202 74 [1470781]: mask 0x|--------|--------||--------|--------||--------|--------||--------|--------||||--------|--B-----||--------|--------||--------|--------||--------|--------| set
cpu-bind=MASK - n2cn0295, task 84 84 [325607]: mask 0x|--------|--------||--------|--------||--------|--------||--------|--------||||--------|--------||----B---|--------||--------|--------||--------|--------| set
cpu-bind=MASK - n2cn0601, task 451 67 [6309]: mask 0x|--------|--------||--------|--------||--------|--------||--------|--------||||---B----|--------||--------|--------||--------|--------||--------|--------| set
cpu-bind=MASK - n2cn0908, task 717 77 [318603]: mask 0x|--------|--------||--------|--------||--------|--------||--------|--------||||--------|-----B--||--------|--------||--------|--------||--------|--------| set
cpu-bind=MASK - n2cn0895, task 595 83 [9268]: mask 0x|--------|--------||--------|--------||--------|--------||--------|--------||||--------|--------||---B----|--------||--------|--------||--------|--------| set
cpu-bind=MASK - n2cn0993, task 834 66 [465327]: mask 0x|--------|--------||--------|--------||--------|--------||--------|--------||||--B-----|--------||--------|--------||--------|--------||--------|--------| set
cpu-bind=MASK - n2cn0425, task 337 81 [1621179]: mask 0x|--------|--------||--------|--------||--------|--------||--------|--------||||--------|--------||-B------|--------||--------|--------||--------|--------| set
cpu-bind=MASK - n2cn1146, task 982 86 [368371]: mask 0x|--------|--------||--------|--------||--------|--------||--------|--------||||--------|--------||------B-|--------||--------|--------||--------|--------| set
cpu-bind=MASK - n2cn0601, task 452 68 [6310]: mask 0x|--------|--------||--------|--------||--------|--------||--------|--------||||----B---|--------||--------|--------||--------|--------||--------|--------| set
cpu-bind=MASK - n2cn0295, task 85 85 [325608]: mask 0x|--------|--------||--------|--------||--------|--------||--------|--------||||--------|--------||-----B--|--------||--------|--------||--------|--------| set
cpu-bind=MASK - n2cn0402, task 203 75 [1470782]: mask 0x|--------|--------||--------|--------||--------|--------||--------|--------||||--------|---B----||--------|--------||--------|--------||--------|--------| set
cpu-bind=MASK - n2cn0908, task 718 78 [318604]: mask 0x|--------|--------||--------|--------||--------|--------||--------|--------||||--------|------B-||--------|--------||--------|--------||--------|--------| set
cpu-bind=MASK - n2cn0895, task 596 84 [9269]: mask 0x|--------|--------||--------|--------||--------|--------||--------|--------||||--------|--------||----B---|--------||--------|--------||--------|--------| set
cpu-bind=MASK - n2cn0993, task 835 67 [465328]: mask 0x|--------|--------||--------|--------||--------|--------||--------|--------||||---B----|--------||--------|--------||--------|--------||--------|--------| set
cpu-bind=MASK - n2cn0425, task 338 82 [1621180]: mask 0x|--------|--------||--------|--------||--------|--------||--------|--------||||--------|--------||--B-----|--------||--------|--------||--------|--------| set
cpu-bind=MASK - n2cn1146, task 983 87 [368372]: mask 0x|--------|--------||--------|--------||--------|--------||--------|--------||||--------|--------||-------B|--------||--------|--------||--------|--------| set
cpu-bind=MASK - n2cn0601, task 453 69 [6311]: mask 0x|--------|--------||--------|--------||--------|--------||--------|--------||||-----B--|--------||--------|--------||--------|--------||--------|--------| set
cpu-bind=MASK - n2cn0295, task 86 86 [325609]: mask 0x|--------|--------||--------|--------||--------|--------||--------|--------||||--------|--------||------B-|--------||--------|--------||--------|--------| set
cpu-bind=MASK - n2cn0908, task 719 79 [318605]: mask 0x|--------|--------||--------|--------||--------|--------||--------|--------||||--------|-------B||--------|--------||--------|--------||--------|--------| set
cpu-bind=MASK - n2cn0402, task 204 76 [1470783]: mask 0x|--------|--------||--------|--------||--------|--------||--------|--------||||--------|----B---||--------|--------||--------|--------||--------|--------| set
cpu-bind=MASK - n2cn0993, task 836 68 [465329]: mask 0x|--------|--------||--------|--------||--------|--------||--------|--------||||----B---|--------||--------|--------||--------|--------||--------|--------| set
cpu-bind=MASK - n2cn0895, task 597 85 [9270]: mask 0x|--------|--------||--------|--------||--------|--------||--------|--------||||--------|--------||-----B--|--------||--------|--------||--------|--------| set
cpu-bind=MASK - n2cn0425, task 339 83 [1621181]: mask 0x|--------|--------||--------|--------||--------|--------||--------|--------||||--------|--------||---B----|--------||--------|--------||--------|--------| set
cpu-bind=MASK - n2cn0601, task 454 70 [6312]: mask 0x|--------|--------||--------|--------||--------|--------||--------|--------||||------B-|--------||--------|--------||--------|--------||--------|--------| set
cpu-bind=MASK - n2cn0295, task 87 87 [325610]: mask 0x|--------|--------||--------|--------||--------|--------||--------|--------||||--------|--------||-------B|--------||--------|--------||--------|--------| set
cpu-bind=MASK - n2cn0402, task 205 77 [1470784]: mask 0x|--------|--------||--------|--------||--------|--------||--------|--------||||--------|-----B--||--------|--------||--------|--------||--------|--------| set
cpu-bind=MASK - n2cn0993, task 837 69 [465330]: mask 0x|--------|--------||--------|--------||--------|--------||--------|--------||||-----B--|--------||--------|--------||--------|--------||--------|--------| set
cpu-bind=MASK - n2cn0895, task 598 86 [9271]: mask 0x|--------|--------||--------|--------||--------|--------||--------|--------||||--------|--------||------B-|--------||--------|--------||--------|--------| set
cpu-bind=MASK - n2cn0908, task 720 80 [318606]: mask 0x|--------|--------||--------|--------||--------|--------||--------|--------||||--------|--------||B-------|--------||--------|--------||--------|--------| set
cpu-bind=MASK - n2cn1146, task 984 88 [368373]: mask 0x|--------|--------||--------|--------||--------|--------||--------|--------||||--------|--------||--------|B-------||--------|--------||--------|--------| set
cpu-bind=MASK - n2cn0425, task 340 84 [1621182]: mask 0x|--------|--------||--------|--------||--------|--------||--------|--------||||--------|--------||----B---|--------||--------|--------||--------|--------| set
cpu-bind=MASK - n2cn0601, task 455 71 [6313]: mask 0x|--------|--------||--------|--------||--------|--------||--------|--------||||-------B|--------||--------|--------||--------|--------||--------|--------| set
cpu-bind=MASK - n2cn0295, task 88 88 [325611]: mask 0x|--------|--------||--------|--------||--------|--------||--------|--------||||--------|--------||--------|B-------||--------|--------||--------|--------| set
cpu-bind=MASK - n2cn0402, task 206 78 [1470785]: mask 0x|--------|--------||--------|--------||--------|--------||--------|--------||||--------|------B-||--------|--------||--------|--------||--------|--------| set
cpu-bind=MASK - n2cn0908, task 721 81 [318607]: mask 0x|--------|--------||--------|--------||--------|--------||--------|--------||||--------|--------||-B------|--------||--------|--------||--------|--------| set
cpu-bind=MASK - n2cn0895, task 599 87 [9272]: mask 0x|--------|--------||--------|--------||--------|--------||--------|--------||||--------|--------||-------B|--------||--------|--------||--------|--------| set
cpu-bind=MASK - n2cn0993, task 838 70 [465331]: mask 0x|--------|--------||--------|--------||--------|--------||--------|--------||||------B-|--------||--------|--------||--------|--------||--------|--------| set
cpu-bind=MASK - n2cn0425, task 341 85 [1621183]: mask 0x|--------|--------||--------|--------||--------|--------||--------|--------||||--------|--------||-----B--|--------||--------|--------||--------|--------| set
cpu-bind=MASK - n2cn1146, task 985 89 [368374]: mask 0x|--------|--------||--------|--------||--------|--------||--------|--------||||--------|--------||--------|-B------||--------|--------||--------|--------| set
cpu-bind=MASK - n2cn0601, task 456 72 [6314]: mask 0x|--------|--------||--------|--------||--------|--------||--------|--------||||--------|B-------||--------|--------||--------|--------||--------|--------| set
cpu-bind=MASK - n2cn0295, task 89 89 [325612]: mask 0x|--------|--------||--------|--------||--------|--------||--------|--------||||--------|--------||--------|-B------||--------|--------||--------|--------| set
cpu-bind=MASK - n2cn0402, task 207 79 [1470786]: mask 0x|--------|--------||--------|--------||--------|--------||--------|--------||||--------|-------B||--------|--------||--------|--------||--------|--------| set
cpu-bind=MASK - n2cn0908, task 722 82 [318608]: mask 0x|--------|--------||--------|--------||--------|--------||--------|--------||||--------|--------||--B-----|--------||--------|--------||--------|--------| set
cpu-bind=MASK - n2cn0993, task 839 71 [465332]: mask 0x|--------|--------||--------|--------||--------|--------||--------|--------||||-------B|--------||--------|--------||--------|--------||--------|--------| set
cpu-bind=MASK - n2cn0895, task 600 88 [9273]: mask 0x|--------|--------||--------|--------||--------|--------||--------|--------||||--------|--------||--------|B-------||--------|--------||--------|--------| set
cpu-bind=MASK - n2cn0425, task 342 86 [1621184]: mask 0x|--------|--------||--------|--------||--------|--------||--------|--------||||--------|--------||------B-|--------||--------|--------||--------|--------| set
cpu-bind=MASK - n2cn1146, task 986 90 [368375]: mask 0x|--------|--------||--------|--------||--------|--------||--------|--------||||--------|--------||--------|--B-----||--------|--------||--------|--------| set
cpu-bind=MASK - n2cn0295, task 90 90 [325613]: mask 0x|--------|--------||--------|--------||--------|--------||--------|--------||||--------|--------||--------|--B-----||--------|--------||--------|--------| set
cpu-bind=MASK - n2cn0402, task 208 80 [1470787]: mask 0x|--------|--------||--------|--------||--------|--------||--------|--------||||--------|--------||B-------|--------||--------|--------||--------|--------| set
cpu-bind=MASK - n2cn0601, task 457 73 [6315]: mask 0x|--------|--------||--------|--------||--------|--------||--------|--------||||--------|-B------||--------|--------||--------|--------||--------|--------| set
cpu-bind=MASK - n2cn0908, task 723 83 [318609]: mask 0x|--------|--------||--------|--------||--------|--------||--------|--------||||--------|--------||---B----|--------||--------|--------||--------|--------| set
cpu-bind=MASK - n2cn0993, task 840 72 [465333]: mask 0x|--------|--------||--------|--------||--------|--------||--------|--------||||--------|B-------||--------|--------||--------|--------||--------|--------| set
cpu-bind=MASK - n2cn0895, task 601 89 [9274]: mask 0x|--------|--------||--------|--------||--------|--------||--------|--------||||--------|--------||--------|-B------||--------|--------||--------|--------| set
cpu-bind=MASK - n2cn1146, task 987 91 [368376]: mask 0x|--------|--------||--------|--------||--------|--------||--------|--------||||--------|--------||--------|---B----||--------|--------||--------|--------| set
cpu-bind=MASK - n2cn0425, task 343 87 [1621185]: mask 0x|--------|--------||--------|--------||--------|--------||--------|--------||||--------|--------||-------B|--------||--------|--------||--------|--------| set
cpu-bind=MASK - n2cn0295, task 91 91 [325614]: mask 0x|--------|--------||--------|--------||--------|--------||--------|--------||||--------|--------||--------|---B----||--------|--------||--------|--------| set
cpu-bind=MASK - n2cn0601, task 458 74 [6316]: mask 0x|--------|--------||--------|--------||--------|--------||--------|--------||||--------|--B-----||--------|--------||--------|--------||--------|--------| set
cpu-bind=MASK - n2cn0402, task 209 81 [1470788]: mask 0x|--------|--------||--------|--------||--------|--------||--------|--------||||--------|--------||-B------|--------||--------|--------||--------|--------| set
cpu-bind=MASK - n2cn0993, task 841 73 [465334]: mask 0x|--------|--------||--------|--------||--------|--------||--------|--------||||--------|-B------||--------|--------||--------|--------||--------|--------| set
cpu-bind=MASK - n2cn0908, task 724 84 [318610]: mask 0x|--------|--------||--------|--------||--------|--------||--------|--------||||--------|--------||----B---|--------||--------|--------||--------|--------| set
cpu-bind=MASK - n2cn0895, task 602 90 [9275]: mask 0x|--------|--------||--------|--------||--------|--------||--------|--------||||--------|--------||--------|--B-----||--------|--------||--------|--------| set
cpu-bind=MASK - n2cn1146, task 988 92 [368377]: mask 0x|--------|--------||--------|--------||--------|--------||--------|--------||||--------|--------||--------|----B---||--------|--------||--------|--------| set
cpu-bind=MASK - n2cn0295, task 92 92 [325615]: mask 0x|--------|--------||--------|--------||--------|--------||--------|--------||||--------|--------||--------|----B---||--------|--------||--------|--------| set
cpu-bind=MASK - n2cn0425, task 344 88 [1621186]: mask 0x|--------|--------||--------|--------||--------|--------||--------|--------||||--------|--------||--------|B-------||--------|--------||--------|--------| set
cpu-bind=MASK - n2cn0601, task 459 75 [6317]: mask 0x|--------|--------||--------|--------||--------|--------||--------|--------||||--------|---B----||--------|--------||--------|--------||--------|--------| set
cpu-bind=MASK - n2cn0402, task 210 82 [1470789]: mask 0x|--------|--------||--------|--------||--------|--------||--------|--------||||--------|--------||--B-----|--------||--------|--------||--------|--------| set
cpu-bind=MASK - n2cn0993, task 842 74 [465335]: mask 0x|--------|--------||--------|--------||--------|--------||--------|--------||||--------|--B-----||--------|--------||--------|--------||--------|--------| set
cpu-bind=MASK - n2cn0908, task 725 85 [318611]: mask 0x|--------|--------||--------|--------||--------|--------||--------|--------||||--------|--------||-----B--|--------||--------|--------||--------|--------| set
cpu-bind=MASK - n2cn0895, task 603 91 [9276]: mask 0x|--------|--------||--------|--------||--------|--------||--------|--------||||--------|--------||--------|---B----||--------|--------||--------|--------| set
cpu-bind=MASK - n2cn1146, task 989 93 [368378]: mask 0x|--------|--------||--------|--------||--------|--------||--------|--------||||--------|--------||--------|-----B--||--------|--------||--------|--------| set
cpu-bind=MASK - n2cn0425, task 345 89 [1621187]: mask 0x|--------|--------||--------|--------||--------|--------||--------|--------||||--------|--------||--------|-B------||--------|--------||--------|--------| set
cpu-bind=MASK - n2cn0601, task 460 76 [6318]: mask 0x|--------|--------||--------|--------||--------|--------||--------|--------||||--------|----B---||--------|--------||--------|--------||--------|--------| set
cpu-bind=MASK - n2cn0295, task 93 93 [325616]: mask 0x|--------|--------||--------|--------||--------|--------||--------|--------||||--------|--------||--------|-----B--||--------|--------||--------|--------| set
cpu-bind=MASK - n2cn0402, task 211 83 [1470790]: mask 0x|--------|--------||--------|--------||--------|--------||--------|--------||||--------|--------||---B----|--------||--------|--------||--------|--------| set
cpu-bind=MASK - n2cn0908, task 726 86 [318612]: mask 0x|--------|--------||--------|--------||--------|--------||--------|--------||||--------|--------||------B-|--------||--------|--------||--------|--------| set
cpu-bind=MASK - n2cn0993, task 843 75 [465336]: mask 0x|--------|--------||--------|--------||--------|--------||--------|--------||||--------|---B----||--------|--------||--------|--------||--------|--------| set
cpu-bind=MASK - n2cn0895, task 604 92 [9277]: mask 0x|--------|--------||--------|--------||--------|--------||--------|--------||||--------|--------||--------|----B---||--------|--------||--------|--------| set
cpu-bind=MASK - n2cn1146, task 990 94 [368379]: mask 0x|--------|--------||--------|--------||--------|--------||--------|--------||||--------|--------||--------|------B-||--------|--------||--------|--------| set
cpu-bind=MASK - n2cn0601, task 461 77 [6319]: mask 0x|--------|--------||--------|--------||--------|--------||--------|--------||||--------|-----B--||--------|--------||--------|--------||--------|--------| set
cpu-bind=MASK - n2cn0425, task 346 90 [1621188]: mask 0x|--------|--------||--------|--------||--------|--------||--------|--------||||--------|--------||--------|--B-----||--------|--------||--------|--------| set
cpu-bind=MASK - n2cn0295, task 94 94 [325617]: mask 0x|--------|--------||--------|--------||--------|--------||--------|--------||||--------|--------||--------|------B-||--------|--------||--------|--------| set
cpu-bind=MASK - n2cn0402, task 212 84 [1470791]: mask 0x|--------|--------||--------|--------||--------|--------||--------|--------||||--------|--------||----B---|--------||--------|--------||--------|--------| set
cpu-bind=MASK - n2cn0993, task 844 76 [465337]: mask 0x|--------|--------||--------|--------||--------|--------||--------|--------||||--------|----B---||--------|--------||--------|--------||--------|--------| set
cpu-bind=MASK - n2cn0908, task 727 87 [318613]: mask 0x|--------|--------||--------|--------||--------|--------||--------|--------||||--------|--------||-------B|--------||--------|--------||--------|--------| set
cpu-bind=MASK - n2cn1146, task 991 95 [368380]: mask 0x|--------|--------||--------|--------||--------|--------||--------|--------||||--------|--------||--------|-------B||--------|--------||--------|--------| set
cpu-bind=MASK - n2cn0895, task 605 93 [9278]: mask 0x|--------|--------||--------|--------||--------|--------||--------|--------||||--------|--------||--------|-----B--||--------|--------||--------|--------| set
cpu-bind=MASK - n2cn0601, task 462 78 [6320]: mask 0x|--------|--------||--------|--------||--------|--------||--------|--------||||--------|------B-||--------|--------||--------|--------||--------|--------| set
cpu-bind=MASK - n2cn0425, task 347 91 [1621189]: mask 0x|--------|--------||--------|--------||--------|--------||--------|--------||||--------|--------||--------|---B----||--------|--------||--------|--------| set
cpu-bind=MASK - n2cn0402, task 213 85 [1470792]: mask 0x|--------|--------||--------|--------||--------|--------||--------|--------||||--------|--------||-----B--|--------||--------|--------||--------|--------| set
cpu-bind=MASK - n2cn0295, task 95 95 [325618]: mask 0x|--------|--------||--------|--------||--------|--------||--------|--------||||--------|--------||--------|-------B||--------|--------||--------|--------| set
cpu-bind=MASK - n2cn0993, task 845 77 [465338]: mask 0x|--------|--------||--------|--------||--------|--------||--------|--------||||--------|-----B--||--------|--------||--------|--------||--------|--------| set
cpu-bind=MASK - n2cn0908, task 728 88 [318614]: mask 0x|--------|--------||--------|--------||--------|--------||--------|--------||||--------|--------||--------|B-------||--------|--------||--------|--------| set
cpu-bind=MASK - n2cn1146, task 992 96 [368381]: mask 0x|--------|--------||--------|--------||--------|--------||--------|--------||||--------|--------||--------|--------||B-------|--------||--------|--------| set
cpu-bind=MASK - n2cn0895, task 606 94 [9279]: mask 0x|--------|--------||--------|--------||--------|--------||--------|--------||||--------|--------||--------|------B-||--------|--------||--------|--------| set
cpu-bind=MASK - n2cn0601, task 463 79 [6321]: mask 0x|--------|--------||--------|--------||--------|--------||--------|--------||||--------|-------B||--------|--------||--------|--------||--------|--------| set
cpu-bind=MASK - n2cn0425, task 348 92 [1621190]: mask 0x|--------|--------||--------|--------||--------|--------||--------|--------||||--------|--------||--------|----B---||--------|--------||--------|--------| set
cpu-bind=MASK - n2cn0402, task 214 86 [1470793]: mask 0x|--------|--------||--------|--------||--------|--------||--------|--------||||--------|--------||------B-|--------||--------|--------||--------|--------| set
cpu-bind=MASK - n2cn0295, task 96 96 [325619]: mask 0x|--------|--------||--------|--------||--------|--------||--------|--------||||--------|--------||--------|--------||B-------|--------||--------|--------| set
cpu-bind=MASK - n2cn0993, task 846 78 [465339]: mask 0x|--------|--------||--------|--------||--------|--------||--------|--------||||--------|------B-||--------|--------||--------|--------||--------|--------| set
cpu-bind=MASK - n2cn1146, task 993 97 [368382]: mask 0x|--------|--------||--------|--------||--------|--------||--------|--------||||--------|--------||--------|--------||-B------|--------||--------|--------| set
cpu-bind=MASK - n2cn0908, task 729 89 [318615]: mask 0x|--------|--------||--------|--------||--------|--------||--------|--------||||--------|--------||--------|-B------||--------|--------||--------|--------| set
cpu-bind=MASK - n2cn0895, task 607 95 [9280]: mask 0x|--------|--------||--------|--------||--------|--------||--------|--------||||--------|--------||--------|-------B||--------|--------||--------|--------| set
cpu-bind=MASK - n2cn0601, task 464 80 [6322]: mask 0x|--------|--------||--------|--------||--------|--------||--------|--------||||--------|--------||B-------|--------||--------|--------||--------|--------| set
cpu-bind=MASK - n2cn0425, task 349 93 [1621191]: mask 0x|--------|--------||--------|--------||--------|--------||--------|--------||||--------|--------||--------|-----B--||--------|--------||--------|--------| set
cpu-bind=MASK - n2cn0993, task 847 79 [465340]: mask 0x|--------|--------||--------|--------||--------|--------||--------|--------||||--------|-------B||--------|--------||--------|--------||--------|--------| set
cpu-bind=MASK - n2cn0402, task 215 87 [1470794]: mask 0x|--------|--------||--------|--------||--------|--------||--------|--------||||--------|--------||-------B|--------||--------|--------||--------|--------| set
cpu-bind=MASK - n2cn0295, task 97 97 [325620]: mask 0x|--------|--------||--------|--------||--------|--------||--------|--------||||--------|--------||--------|--------||-B------|--------||--------|--------| set
cpu-bind=MASK - n2cn1146, task 994 98 [368383]: mask 0x|--------|--------||--------|--------||--------|--------||--------|--------||||--------|--------||--------|--------||--B-----|--------||--------|--------| set
cpu-bind=MASK - n2cn0908, task 730 90 [318616]: mask 0x|--------|--------||--------|--------||--------|--------||--------|--------||||--------|--------||--------|--B-----||--------|--------||--------|--------| set
cpu-bind=MASK - n2cn0895, task 608 96 [9281]: mask 0x|--------|--------||--------|--------||--------|--------||--------|--------||||--------|--------||--------|--------||B-------|--------||--------|--------| set
cpu-bind=MASK - n2cn0601, task 465 81 [6323]: mask 0x|--------|--------||--------|--------||--------|--------||--------|--------||||--------|--------||-B------|--------||--------|--------||--------|--------| set
cpu-bind=MASK - n2cn0425, task 350 94 [1621192]: mask 0x|--------|--------||--------|--------||--------|--------||--------|--------||||--------|--------||--------|------B-||--------|--------||--------|--------| set
cpu-bind=MASK - n2cn0402, task 216 88 [1470795]: mask 0x|--------|--------||--------|--------||--------|--------||--------|--------||||--------|--------||--------|B-------||--------|--------||--------|--------| set
cpu-bind=MASK - n2cn0993, task 848 80 [465341]: mask 0x|--------|--------||--------|--------||--------|--------||--------|--------||||--------|--------||B-------|--------||--------|--------||--------|--------| set
cpu-bind=MASK - n2cn0295, task 98 98 [325621]: mask 0x|--------|--------||--------|--------||--------|--------||--------|--------||||--------|--------||--------|--------||--B-----|--------||--------|--------| set
cpu-bind=MASK - n2cn1146, task 995 99 [368384]: mask 0x|--------|--------||--------|--------||--------|--------||--------|--------||||--------|--------||--------|--------||---B----|--------||--------|--------| set
cpu-bind=MASK - n2cn0601, task 466 82 [6324]: mask 0x|--------|--------||--------|--------||--------|--------||--------|--------||||--------|--------||--B-----|--------||--------|--------||--------|--------| set
cpu-bind=MASK - n2cn0908, task 731 91 [318617]: mask 0x|--------|--------||--------|--------||--------|--------||--------|--------||||--------|--------||--------|---B----||--------|--------||--------|--------| set
cpu-bind=MASK - n2cn0895, task 609 97 [9282]: mask 0x|--------|--------||--------|--------||--------|--------||--------|--------||||--------|--------||--------|--------||-B------|--------||--------|--------| set
cpu-bind=MASK - n2cn0425, task 351 95 [1621193]: mask 0x|--------|--------||--------|--------||--------|--------||--------|--------||||--------|--------||--------|-------B||--------|--------||--------|--------| set
cpu-bind=MASK - n2cn0402, task 217 89 [1470796]: mask 0x|--------|--------||--------|--------||--------|--------||--------|--------||||--------|--------||--------|-B------||--------|--------||--------|--------| set
cpu-bind=MASK - n2cn1146, task 996 100 [368385]: mask 0x|--------|--------||--------|--------||--------|--------||--------|--------||||--------|--------||--------|--------||----B---|--------||--------|--------| set
cpu-bind=MASK - n2cn0993, task 849 81 [465342]: mask 0x|--------|--------||--------|--------||--------|--------||--------|--------||||--------|--------||-B------|--------||--------|--------||--------|--------| set
cpu-bind=MASK - n2cn0295, task 99 99 [325622]: mask 0x|--------|--------||--------|--------||--------|--------||--------|--------||||--------|--------||--------|--------||---B----|--------||--------|--------| set
cpu-bind=MASK - n2cn0601, task 467 83 [6325]: mask 0x|--------|--------||--------|--------||--------|--------||--------|--------||||--------|--------||---B----|--------||--------|--------||--------|--------| set
cpu-bind=MASK - n2cn0895, task 610 98 [9283]: mask 0x|--------|--------||--------|--------||--------|--------||--------|--------||||--------|--------||--------|--------||--B-----|--------||--------|--------| set
cpu-bind=MASK - n2cn0908, task 732 92 [318618]: mask 0x|--------|--------||--------|--------||--------|--------||--------|--------||||--------|--------||--------|----B---||--------|--------||--------|--------| set
cpu-bind=MASK - n2cn0425, task 352 96 [1621194]: mask 0x|--------|--------||--------|--------||--------|--------||--------|--------||||--------|--------||--------|--------||B-------|--------||--------|--------| set
cpu-bind=MASK - n2cn0402, task 218 90 [1470797]: mask 0x|--------|--------||--------|--------||--------|--------||--------|--------||||--------|--------||--------|--B-----||--------|--------||--------|--------| set
cpu-bind=MASK - n2cn0993, task 850 82 [465343]: mask 0x|--------|--------||--------|--------||--------|--------||--------|--------||||--------|--------||--B-----|--------||--------|--------||--------|--------| set
cpu-bind=MASK - n2cn1146, task 997 101 [368386]: mask 0x|--------|--------||--------|--------||--------|--------||--------|--------||||--------|--------||--------|--------||-----B--|--------||--------|--------| set
cpu-bind=MASK - n2cn0295, task 100 100 [325623]: mask 0x|--------|--------||--------|--------||--------|--------||--------|--------||||--------|--------||--------|--------||----B---|--------||--------|--------| set
cpu-bind=MASK - n2cn0601, task 468 84 [6326]: mask 0x|--------|--------||--------|--------||--------|--------||--------|--------||||--------|--------||----B---|--------||--------|--------||--------|--------| set
cpu-bind=MASK - n2cn0895, task 611 99 [9284]: mask 0x|--------|--------||--------|--------||--------|--------||--------|--------||||--------|--------||--------|--------||---B----|--------||--------|--------| set
cpu-bind=MASK - n2cn0425, task 353 97 [1621195]: mask 0x|--------|--------||--------|--------||--------|--------||--------|--------||||--------|--------||--------|--------||-B------|--------||--------|--------| set
cpu-bind=MASK - n2cn1146, task 998 102 [368387]: mask 0x|--------|--------||--------|--------||--------|--------||--------|--------||||--------|--------||--------|--------||------B-|--------||--------|--------| set
cpu-bind=MASK - n2cn0295, task 101 101 [325624]: mask 0x|--------|--------||--------|--------||--------|--------||--------|--------||||--------|--------||--------|--------||-----B--|--------||--------|--------| set
cpu-bind=MASK - n2cn0908, task 733 93 [318619]: mask 0x|--------|--------||--------|--------||--------|--------||--------|--------||||--------|--------||--------|-----B--||--------|--------||--------|--------| set
cpu-bind=MASK - n2cn0402, task 219 91 [1470798]: mask 0x|--------|--------||--------|--------||--------|--------||--------|--------||||--------|--------||--------|---B----||--------|--------||--------|--------| set
cpu-bind=MASK - n2cn0993, task 851 83 [465344]: mask 0x|--------|--------||--------|--------||--------|--------||--------|--------||||--------|--------||---B----|--------||--------|--------||--------|--------| set
cpu-bind=MASK - n2cn0601, task 469 85 [6327]: mask 0x|--------|--------||--------|--------||--------|--------||--------|--------||||--------|--------||-----B--|--------||--------|--------||--------|--------| set
cpu-bind=MASK - n2cn0895, task 612 100 [9285]: mask 0x|--------|--------||--------|--------||--------|--------||--------|--------||||--------|--------||--------|--------||----B---|--------||--------|--------| set
cpu-bind=MASK - n2cn0425, task 354 98 [1621196]: mask 0x|--------|--------||--------|--------||--------|--------||--------|--------||||--------|--------||--------|--------||--B-----|--------||--------|--------| set
cpu-bind=MASK - n2cn1146, task 999 103 [368388]: mask 0x|--------|--------||--------|--------||--------|--------||--------|--------||||--------|--------||--------|--------||-------B|--------||--------|--------| set
cpu-bind=MASK - n2cn0295, task 102 102 [325625]: mask 0x|--------|--------||--------|--------||--------|--------||--------|--------||||--------|--------||--------|--------||------B-|--------||--------|--------| set
cpu-bind=MASK - n2cn0993, task 852 84 [465345]: mask 0x|--------|--------||--------|--------||--------|--------||--------|--------||||--------|--------||----B---|--------||--------|--------||--------|--------| set
cpu-bind=MASK - n2cn0402, task 220 92 [1470799]: mask 0x|--------|--------||--------|--------||--------|--------||--------|--------||||--------|--------||--------|----B---||--------|--------||--------|--------| set
cpu-bind=MASK - n2cn0908, task 734 94 [318620]: mask 0x|--------|--------||--------|--------||--------|--------||--------|--------||||--------|--------||--------|------B-||--------|--------||--------|--------| set
cpu-bind=MASK - n2cn0601, task 470 86 [6328]: mask 0x|--------|--------||--------|--------||--------|--------||--------|--------||||--------|--------||------B-|--------||--------|--------||--------|--------| set
cpu-bind=MASK - n2cn0895, task 613 101 [9286]: mask 0x|--------|--------||--------|--------||--------|--------||--------|--------||||--------|--------||--------|--------||-----B--|--------||--------|--------| set
cpu-bind=MASK - n2cn0425, task 355 99 [1621197]: mask 0x|--------|--------||--------|--------||--------|--------||--------|--------||||--------|--------||--------|--------||---B----|--------||--------|--------| set
cpu-bind=MASK - n2cn1146, task 1000 104 [368389]: mask 0x|--------|--------||--------|--------||--------|--------||--------|--------||||--------|--------||--------|--------||--------|B-------||--------|--------| set
cpu-bind=MASK - n2cn0993, task 853 85 [465346]: mask 0x|--------|--------||--------|--------||--------|--------||--------|--------||||--------|--------||-----B--|--------||--------|--------||--------|--------| set
cpu-bind=MASK - n2cn0295, task 103 103 [325626]: mask 0x|--------|--------||--------|--------||--------|--------||--------|--------||||--------|--------||--------|--------||-------B|--------||--------|--------| set
cpu-bind=MASK - n2cn0402, task 221 93 [1470800]: mask 0x|--------|--------||--------|--------||--------|--------||--------|--------||||--------|--------||--------|-----B--||--------|--------||--------|--------| set
cpu-bind=MASK - n2cn0601, task 471 87 [6329]: mask 0x|--------|--------||--------|--------||--------|--------||--------|--------||||--------|--------||-------B|--------||--------|--------||--------|--------| set
cpu-bind=MASK - n2cn0908, task 735 95 [318621]: mask 0x|--------|--------||--------|--------||--------|--------||--------|--------||||--------|--------||--------|-------B||--------|--------||--------|--------| set
cpu-bind=MASK - n2cn0425, task 356 100 [1621198]: mask 0x|--------|--------||--------|--------||--------|--------||--------|--------||||--------|--------||--------|--------||----B---|--------||--------|--------| set
cpu-bind=MASK - n2cn1146, task 1001 105 [368390]: mask 0x|--------|--------||--------|--------||--------|--------||--------|--------||||--------|--------||--------|--------||--------|-B------||--------|--------| set
cpu-bind=MASK - n2cn0895, task 614 102 [9287]: mask 0x|--------|--------||--------|--------||--------|--------||--------|--------||||--------|--------||--------|--------||------B-|--------||--------|--------| set
cpu-bind=MASK - n2cn0993, task 854 86 [465347]: mask 0x|--------|--------||--------|--------||--------|--------||--------|--------||||--------|--------||------B-|--------||--------|--------||--------|--------| set
cpu-bind=MASK - n2cn0295, task 104 104 [325627]: mask 0x|--------|--------||--------|--------||--------|--------||--------|--------||||--------|--------||--------|--------||--------|B-------||--------|--------| set
cpu-bind=MASK - n2cn0402, task 222 94 [1470801]: mask 0x|--------|--------||--------|--------||--------|--------||--------|--------||||--------|--------||--------|------B-||--------|--------||--------|--------| set
cpu-bind=MASK - n2cn0601, task 472 88 [6330]: mask 0x|--------|--------||--------|--------||--------|--------||--------|--------||||--------|--------||--------|B-------||--------|--------||--------|--------| set
cpu-bind=MASK - n2cn0908, task 736 96 [318622]: mask 0x|--------|--------||--------|--------||--------|--------||--------|--------||||--------|--------||--------|--------||B-------|--------||--------|--------| set
cpu-bind=MASK - n2cn1146, task 1002 106 [368391]: mask 0x|--------|--------||--------|--------||--------|--------||--------|--------||||--------|--------||--------|--------||--------|--B-----||--------|--------| set
cpu-bind=MASK - n2cn0895, task 615 103 [9288]: mask 0x|--------|--------||--------|--------||--------|--------||--------|--------||||--------|--------||--------|--------||-------B|--------||--------|--------| set
cpu-bind=MASK - n2cn0425, task 357 101 [1621199]: mask 0x|--------|--------||--------|--------||--------|--------||--------|--------||||--------|--------||--------|--------||-----B--|--------||--------|--------| set
cpu-bind=MASK - n2cn0993, task 855 87 [465348]: mask 0x|--------|--------||--------|--------||--------|--------||--------|--------||||--------|--------||-------B|--------||--------|--------||--------|--------| set
cpu-bind=MASK - n2cn0295, task 105 105 [325628]: mask 0x|--------|--------||--------|--------||--------|--------||--------|--------||||--------|--------||--------|--------||--------|-B------||--------|--------| set
cpu-bind=MASK - n2cn0601, task 473 89 [6331]: mask 0x|--------|--------||--------|--------||--------|--------||--------|--------||||--------|--------||--------|-B------||--------|--------||--------|--------| set
cpu-bind=MASK - n2cn0908, task 737 97 [318623]: mask 0x|--------|--------||--------|--------||--------|--------||--------|--------||||--------|--------||--------|--------||-B------|--------||--------|--------| set
cpu-bind=MASK - n2cn1146, task 1003 107 [368392]: mask 0x|--------|--------||--------|--------||--------|--------||--------|--------||||--------|--------||--------|--------||--------|---B----||--------|--------| set
cpu-bind=MASK - n2cn0402, task 223 95 [1470802]: mask 0x|--------|--------||--------|--------||--------|--------||--------|--------||||--------|--------||--------|-------B||--------|--------||--------|--------| set
cpu-bind=MASK - n2cn0895, task 616 104 [9289]: mask 0x|--------|--------||--------|--------||--------|--------||--------|--------||||--------|--------||--------|--------||--------|B-------||--------|--------| set
cpu-bind=MASK - n2cn0425, task 358 102 [1621200]: mask 0x|--------|--------||--------|--------||--------|--------||--------|--------||||--------|--------||--------|--------||------B-|--------||--------|--------| set
cpu-bind=MASK - n2cn0993, task 856 88 [465349]: mask 0x|--------|--------||--------|--------||--------|--------||--------|--------||||--------|--------||--------|B-------||--------|--------||--------|--------| set
cpu-bind=MASK - n2cn0601, task 474 90 [6332]: mask 0x|--------|--------||--------|--------||--------|--------||--------|--------||||--------|--------||--------|--B-----||--------|--------||--------|--------| set
cpu-bind=MASK - n2cn0295, task 106 106 [325629]: mask 0x|--------|--------||--------|--------||--------|--------||--------|--------||||--------|--------||--------|--------||--------|--B-----||--------|--------| set
cpu-bind=MASK - n2cn1146, task 1004 108 [368393]: mask 0x|--------|--------||--------|--------||--------|--------||--------|--------||||--------|--------||--------|--------||--------|----B---||--------|--------| set
cpu-bind=MASK - n2cn0908, task 738 98 [318624]: mask 0x|--------|--------||--------|--------||--------|--------||--------|--------||||--------|--------||--------|--------||--B-----|--------||--------|--------| set
cpu-bind=MASK - n2cn0402, task 224 96 [1470803]: mask 0x|--------|--------||--------|--------||--------|--------||--------|--------||||--------|--------||--------|--------||B-------|--------||--------|--------| set
cpu-bind=MASK - n2cn0895, task 617 105 [9290]: mask 0x|--------|--------||--------|--------||--------|--------||--------|--------||||--------|--------||--------|--------||--------|-B------||--------|--------| set
cpu-bind=MASK - n2cn0425, task 359 103 [1621201]: mask 0x|--------|--------||--------|--------||--------|--------||--------|--------||||--------|--------||--------|--------||-------B|--------||--------|--------| set
cpu-bind=MASK - n2cn0993, task 857 89 [465350]: mask 0x|--------|--------||--------|--------||--------|--------||--------|--------||||--------|--------||--------|-B------||--------|--------||--------|--------| set
cpu-bind=MASK - n2cn0601, task 475 91 [6333]: mask 0x|--------|--------||--------|--------||--------|--------||--------|--------||||--------|--------||--------|---B----||--------|--------||--------|--------| set
cpu-bind=MASK - n2cn1146, task 1005 109 [368394]: mask 0x|--------|--------||--------|--------||--------|--------||--------|--------||||--------|--------||--------|--------||--------|-----B--||--------|--------| set
cpu-bind=MASK - n2cn0895, task 618 106 [9291]: mask 0x|--------|--------||--------|--------||--------|--------||--------|--------||||--------|--------||--------|--------||--------|--B-----||--------|--------| set
cpu-bind=MASK - n2cn0908, task 739 99 [318625]: mask 0x|--------|--------||--------|--------||--------|--------||--------|--------||||--------|--------||--------|--------||---B----|--------||--------|--------| set
cpu-bind=MASK - n2cn0402, task 225 97 [1470804]: mask 0x|--------|--------||--------|--------||--------|--------||--------|--------||||--------|--------||--------|--------||-B------|--------||--------|--------| set
cpu-bind=MASK - n2cn0425, task 360 104 [1621202]: mask 0x|--------|--------||--------|--------||--------|--------||--------|--------||||--------|--------||--------|--------||--------|B-------||--------|--------| set
cpu-bind=MASK - n2cn0993, task 858 90 [465351]: mask 0x|--------|--------||--------|--------||--------|--------||--------|--------||||--------|--------||--------|--B-----||--------|--------||--------|--------| set
cpu-bind=MASK - n2cn0295, task 107 107 [325630]: mask 0x|--------|--------||--------|--------||--------|--------||--------|--------||||--------|--------||--------|--------||--------|---B----||--------|--------| set
cpu-bind=MASK - n2cn0601, task 476 92 [6334]: mask 0x|--------|--------||--------|--------||--------|--------||--------|--------||||--------|--------||--------|----B---||--------|--------||--------|--------| set
cpu-bind=MASK - n2cn1146, task 1006 110 [368395]: mask 0x|--------|--------||--------|--------||--------|--------||--------|--------||||--------|--------||--------|--------||--------|------B-||--------|--------| set
cpu-bind=MASK - n2cn0895, task 619 107 [9292]: mask 0x|--------|--------||--------|--------||--------|--------||--------|--------||||--------|--------||--------|--------||--------|---B----||--------|--------| set
cpu-bind=MASK - n2cn0425, task 361 105 [1621203]: mask 0x|--------|--------||--------|--------||--------|--------||--------|--------||||--------|--------||--------|--------||--------|-B------||--------|--------| set
cpu-bind=MASK - n2cn0908, task 740 100 [318626]: mask 0x|--------|--------||--------|--------||--------|--------||--------|--------||||--------|--------||--------|--------||----B---|--------||--------|--------| set
cpu-bind=MASK - n2cn0993, task 859 91 [465352]: mask 0x|--------|--------||--------|--------||--------|--------||--------|--------||||--------|--------||--------|---B----||--------|--------||--------|--------| set
cpu-bind=MASK - n2cn0601, task 477 93 [6335]: mask 0x|--------|--------||--------|--------||--------|--------||--------|--------||||--------|--------||--------|-----B--||--------|--------||--------|--------| set
cpu-bind=MASK - n2cn0402, task 226 98 [1470805]: mask 0x|--------|--------||--------|--------||--------|--------||--------|--------||||--------|--------||--------|--------||--B-----|--------||--------|--------| set
cpu-bind=MASK - n2cn0295, task 108 108 [325631]: mask 0x|--------|--------||--------|--------||--------|--------||--------|--------||||--------|--------||--------|--------||--------|----B---||--------|--------| set
cpu-bind=MASK - n2cn1146, task 1007 111 [368396]: mask 0x|--------|--------||--------|--------||--------|--------||--------|--------||||--------|--------||--------|--------||--------|-------B||--------|--------| set
cpu-bind=MASK - n2cn0425, task 362 106 [1621204]: mask 0x|--------|--------||--------|--------||--------|--------||--------|--------||||--------|--------||--------|--------||--------|--B-----||--------|--------| set
cpu-bind=MASK - n2cn0993, task 860 92 [465353]: mask 0x|--------|--------||--------|--------||--------|--------||--------|--------||||--------|--------||--------|----B---||--------|--------||--------|--------| set
cpu-bind=MASK - n2cn0601, task 478 94 [6336]: mask 0x|--------|--------||--------|--------||--------|--------||--------|--------||||--------|--------||--------|------B-||--------|--------||--------|--------| set
cpu-bind=MASK - n2cn0908, task 741 101 [318627]: mask 0x|--------|--------||--------|--------||--------|--------||--------|--------||||--------|--------||--------|--------||-----B--|--------||--------|--------| set
cpu-bind=MASK - n2cn0402, task 227 99 [1470806]: mask 0x|--------|--------||--------|--------||--------|--------||--------|--------||||--------|--------||--------|--------||---B----|--------||--------|--------| set
cpu-bind=MASK - n2cn0295, task 109 109 [325632]: mask 0x|--------|--------||--------|--------||--------|--------||--------|--------||||--------|--------||--------|--------||--------|-----B--||--------|--------| set
cpu-bind=MASK - n2cn1146, task 1008 112 [368397]: mask 0x|--------|--------||--------|--------||--------|--------||--------|--------||||--------|--------||--------|--------||--------|--------||B-------|--------| set
cpu-bind=MASK - n2cn0993, task 861 93 [465354]: mask 0x|--------|--------||--------|--------||--------|--------||--------|--------||||--------|--------||--------|-----B--||--------|--------||--------|--------| set
cpu-bind=MASK - n2cn0601, task 479 95 [6337]: mask 0x|--------|--------||--------|--------||--------|--------||--------|--------||||--------|--------||--------|-------B||--------|--------||--------|--------| set
cpu-bind=MASK - n2cn0425, task 363 107 [1621205]: mask 0x|--------|--------||--------|--------||--------|--------||--------|--------||||--------|--------||--------|--------||--------|---B----||--------|--------| set
cpu-bind=MASK - n2cn0908, task 742 102 [318628]: mask 0x|--------|--------||--------|--------||--------|--------||--------|--------||||--------|--------||--------|--------||------B-|--------||--------|--------| set
cpu-bind=MASK - n2cn0402, task 228 100 [1470807]: mask 0x|--------|--------||--------|--------||--------|--------||--------|--------||||--------|--------||--------|--------||----B---|--------||--------|--------| set
cpu-bind=MASK - n2cn0295, task 110 110 [325633]: mask 0x|--------|--------||--------|--------||--------|--------||--------|--------||||--------|--------||--------|--------||--------|------B-||--------|--------| set
cpu-bind=MASK - n2cn1146, task 1009 113 [368398]: mask 0x|--------|--------||--------|--------||--------|--------||--------|--------||||--------|--------||--------|--------||--------|--------||-B------|--------| set
cpu-bind=MASK - n2cn0601, task 480 96 [6338]: mask 0x|--------|--------||--------|--------||--------|--------||--------|--------||||--------|--------||--------|--------||B-------|--------||--------|--------| set
cpu-bind=MASK - n2cn0993, task 862 94 [465355]: mask 0x|--------|--------||--------|--------||--------|--------||--------|--------||||--------|--------||--------|------B-||--------|--------||--------|--------| set
cpu-bind=MASK - n2cn0895, task 620 108 [9293]: mask 0x|--------|--------||--------|--------||--------|--------||--------|--------||||--------|--------||--------|--------||--------|----B---||--------|--------| set
cpu-bind=MASK - n2cn0425, task 364 108 [1621206]: mask 0x|--------|--------||--------|--------||--------|--------||--------|--------||||--------|--------||--------|--------||--------|----B---||--------|--------| set
cpu-bind=MASK - n2cn0402, task 229 101 [1470808]: mask 0x|--------|--------||--------|--------||--------|--------||--------|--------||||--------|--------||--------|--------||-----B--|--------||--------|--------| set
cpu-bind=MASK - n2cn0908, task 743 103 [318629]: mask 0x|--------|--------||--------|--------||--------|--------||--------|--------||||--------|--------||--------|--------||-------B|--------||--------|--------| set
cpu-bind=MASK - n2cn0295, task 111 111 [325634]: mask 0x|--------|--------||--------|--------||--------|--------||--------|--------||||--------|--------||--------|--------||--------|-------B||--------|--------| set
cpu-bind=MASK - n2cn0601, task 481 97 [6339]: mask 0x|--------|--------||--------|--------||--------|--------||--------|--------||||--------|--------||--------|--------||-B------|--------||--------|--------| set
cpu-bind=MASK - n2cn0993, task 863 95 [465356]: mask 0x|--------|--------||--------|--------||--------|--------||--------|--------||||--------|--------||--------|-------B||--------|--------||--------|--------| set
cpu-bind=MASK - n2cn0895, task 621 109 [9294]: mask 0x|--------|--------||--------|--------||--------|--------||--------|--------||||--------|--------||--------|--------||--------|-----B--||--------|--------| set
cpu-bind=MASK - n2cn1146, task 1010 114 [368399]: mask 0x|--------|--------||--------|--------||--------|--------||--------|--------||||--------|--------||--------|--------||--------|--------||--B-----|--------| set
cpu-bind=MASK - n2cn0402, task 230 102 [1470809]: mask 0x|--------|--------||--------|--------||--------|--------||--------|--------||||--------|--------||--------|--------||------B-|--------||--------|--------| set
cpu-bind=MASK - n2cn0908, task 744 104 [318630]: mask 0x|--------|--------||--------|--------||--------|--------||--------|--------||||--------|--------||--------|--------||--------|B-------||--------|--------| set
cpu-bind=MASK - n2cn0295, task 112 112 [325635]: mask 0x|--------|--------||--------|--------||--------|--------||--------|--------||||--------|--------||--------|--------||--------|--------||B-------|--------| set
cpu-bind=MASK - n2cn0425, task 365 109 [1621207]: mask 0x|--------|--------||--------|--------||--------|--------||--------|--------||||--------|--------||--------|--------||--------|-----B--||--------|--------| set
cpu-bind=MASK - n2cn0601, task 482 98 [6340]: mask 0x|--------|--------||--------|--------||--------|--------||--------|--------||||--------|--------||--------|--------||--B-----|--------||--------|--------| set
cpu-bind=MASK - n2cn0993, task 864 96 [465357]: mask 0x|--------|--------||--------|--------||--------|--------||--------|--------||||--------|--------||--------|--------||B-------|--------||--------|--------| set
cpu-bind=MASK - n2cn1146, task 1011 115 [368400]: mask 0x|--------|--------||--------|--------||--------|--------||--------|--------||||--------|--------||--------|--------||--------|--------||---B----|--------| set
cpu-bind=MASK - n2cn0895, task 622 110 [9295]: mask 0x|--------|--------||--------|--------||--------|--------||--------|--------||||--------|--------||--------|--------||--------|------B-||--------|--------| set
cpu-bind=MASK - n2cn0402, task 231 103 [1470810]: mask 0x|--------|--------||--------|--------||--------|--------||--------|--------||||--------|--------||--------|--------||-------B|--------||--------|--------| set
cpu-bind=MASK - n2cn0908, task 745 105 [318631]: mask 0x|--------|--------||--------|--------||--------|--------||--------|--------||||--------|--------||--------|--------||--------|-B------||--------|--------| set
cpu-bind=MASK - n2cn0295, task 113 113 [325636]: mask 0x|--------|--------||--------|--------||--------|--------||--------|--------||||--------|--------||--------|--------||--------|--------||-B------|--------| set
cpu-bind=MASK - n2cn0425, task 366 110 [1621208]: mask 0x|--------|--------||--------|--------||--------|--------||--------|--------||||--------|--------||--------|--------||--------|------B-||--------|--------| set
cpu-bind=MASK - n2cn0601, task 483 99 [6341]: mask 0x|--------|--------||--------|--------||--------|--------||--------|--------||||--------|--------||--------|--------||---B----|--------||--------|--------| set
cpu-bind=MASK - n2cn0993, task 865 97 [465358]: mask 0x|--------|--------||--------|--------||--------|--------||--------|--------||||--------|--------||--------|--------||-B------|--------||--------|--------| set
cpu-bind=MASK - n2cn1146, task 1012 116 [368401]: mask 0x|--------|--------||--------|--------||--------|--------||--------|--------||||--------|--------||--------|--------||--------|--------||----B---|--------| set
cpu-bind=MASK - n2cn0895, task 623 111 [9296]: mask 0x|--------|--------||--------|--------||--------|--------||--------|--------||||--------|--------||--------|--------||--------|-------B||--------|--------| set
cpu-bind=MASK - n2cn0402, task 232 104 [1470811]: mask 0x|--------|--------||--------|--------||--------|--------||--------|--------||||--------|--------||--------|--------||--------|B-------||--------|--------| set
cpu-bind=MASK - n2cn0295, task 114 114 [325637]: mask 0x|--------|--------||--------|--------||--------|--------||--------|--------||||--------|--------||--------|--------||--------|--------||--B-----|--------| set
cpu-bind=MASK - n2cn0601, task 484 100 [6342]: mask 0x|--------|--------||--------|--------||--------|--------||--------|--------||||--------|--------||--------|--------||----B---|--------||--------|--------| set
cpu-bind=MASK - n2cn0425, task 367 111 [1621209]: mask 0x|--------|--------||--------|--------||--------|--------||--------|--------||||--------|--------||--------|--------||--------|-------B||--------|--------| set
cpu-bind=MASK - n2cn0908, task 746 106 [318632]: mask 0x|--------|--------||--------|--------||--------|--------||--------|--------||||--------|--------||--------|--------||--------|--B-----||--------|--------| set
cpu-bind=MASK - n2cn1146, task 1013 117 [368402]: mask 0x|--------|--------||--------|--------||--------|--------||--------|--------||||--------|--------||--------|--------||--------|--------||-----B--|--------| set
cpu-bind=MASK - n2cn0895, task 624 112 [9297]: mask 0x|--------|--------||--------|--------||--------|--------||--------|--------||||--------|--------||--------|--------||--------|--------||B-------|--------| set
cpu-bind=MASK - n2cn0993, task 866 98 [465359]: mask 0x|--------|--------||--------|--------||--------|--------||--------|--------||||--------|--------||--------|--------||--B-----|--------||--------|--------| set
cpu-bind=MASK - n2cn0601, task 485 101 [6343]: mask 0x|--------|--------||--------|--------||--------|--------||--------|--------||||--------|--------||--------|--------||-----B--|--------||--------|--------| set
cpu-bind=MASK - n2cn0402, task 233 105 [1470812]: mask 0x|--------|--------||--------|--------||--------|--------||--------|--------||||--------|--------||--------|--------||--------|-B------||--------|--------| set
cpu-bind=MASK - n2cn0295, task 115 115 [325638]: mask 0x|--------|--------||--------|--------||--------|--------||--------|--------||||--------|--------||--------|--------||--------|--------||---B----|--------| set
cpu-bind=MASK - n2cn0908, task 747 107 [318633]: mask 0x|--------|--------||--------|--------||--------|--------||--------|--------||||--------|--------||--------|--------||--------|---B----||--------|--------| set
cpu-bind=MASK - n2cn0425, task 368 112 [1621210]: mask 0x|--------|--------||--------|--------||--------|--------||--------|--------||||--------|--------||--------|--------||--------|--------||B-------|--------| set
cpu-bind=MASK - n2cn1146, task 1014 118 [368403]: mask 0x|--------|--------||--------|--------||--------|--------||--------|--------||||--------|--------||--------|--------||--------|--------||------B-|--------| set
cpu-bind=MASK - n2cn0895, task 625 113 [9298]: mask 0x|--------|--------||--------|--------||--------|--------||--------|--------||||--------|--------||--------|--------||--------|--------||-B------|--------| set
cpu-bind=MASK - n2cn0993, task 867 99 [465360]: mask 0x|--------|--------||--------|--------||--------|--------||--------|--------||||--------|--------||--------|--------||---B----|--------||--------|--------| set
cpu-bind=MASK - n2cn0402, task 234 106 [1470813]: mask 0x|--------|--------||--------|--------||--------|--------||--------|--------||||--------|--------||--------|--------||--------|--B-----||--------|--------| set
cpu-bind=MASK - n2cn0601, task 486 102 [6344]: mask 0x|--------|--------||--------|--------||--------|--------||--------|--------||||--------|--------||--------|--------||------B-|--------||--------|--------| set
cpu-bind=MASK - n2cn0908, task 748 108 [318634]: mask 0x|--------|--------||--------|--------||--------|--------||--------|--------||||--------|--------||--------|--------||--------|----B---||--------|--------| set
cpu-bind=MASK - n2cn0425, task 369 113 [1621211]: mask 0x|--------|--------||--------|--------||--------|--------||--------|--------||||--------|--------||--------|--------||--------|--------||-B------|--------| set
cpu-bind=MASK - n2cn0295, task 116 116 [325639]: mask 0x|--------|--------||--------|--------||--------|--------||--------|--------||||--------|--------||--------|--------||--------|--------||----B---|--------| set
cpu-bind=MASK - n2cn1146, task 1015 119 [368404]: mask 0x|--------|--------||--------|--------||--------|--------||--------|--------||||--------|--------||--------|--------||--------|--------||-------B|--------| set
cpu-bind=MASK - n2cn0895, task 626 114 [9299]: mask 0x|--------|--------||--------|--------||--------|--------||--------|--------||||--------|--------||--------|--------||--------|--------||--B-----|--------| set
cpu-bind=MASK - n2cn0993, task 868 100 [465361]: mask 0x|--------|--------||--------|--------||--------|--------||--------|--------||||--------|--------||--------|--------||----B---|--------||--------|--------| set
cpu-bind=MASK - n2cn0601, task 487 103 [6345]: mask 0x|--------|--------||--------|--------||--------|--------||--------|--------||||--------|--------||--------|--------||-------B|--------||--------|--------| set
cpu-bind=MASK - n2cn0402, task 235 107 [1470814]: mask 0x|--------|--------||--------|--------||--------|--------||--------|--------||||--------|--------||--------|--------||--------|---B----||--------|--------| set
cpu-bind=MASK - n2cn0295, task 117 117 [325640]: mask 0x|--------|--------||--------|--------||--------|--------||--------|--------||||--------|--------||--------|--------||--------|--------||-----B--|--------| set
cpu-bind=MASK - n2cn0425, task 370 114 [1621212]: mask 0x|--------|--------||--------|--------||--------|--------||--------|--------||||--------|--------||--------|--------||--------|--------||--B-----|--------| set
cpu-bind=MASK - n2cn1146, task 1016 120 [368405]: mask 0x|--------|--------||--------|--------||--------|--------||--------|--------||||--------|--------||--------|--------||--------|--------||--------|B-------| set
cpu-bind=MASK - n2cn0908, task 749 109 [318635]: mask 0x|--------|--------||--------|--------||--------|--------||--------|--------||||--------|--------||--------|--------||--------|-----B--||--------|--------| set
cpu-bind=MASK - n2cn0895, task 627 115 [9300]: mask 0x|--------|--------||--------|--------||--------|--------||--------|--------||||--------|--------||--------|--------||--------|--------||---B----|--------| set
cpu-bind=MASK - n2cn0601, task 488 104 [6346]: mask 0x|--------|--------||--------|--------||--------|--------||--------|--------||||--------|--------||--------|--------||--------|B-------||--------|--------| set
cpu-bind=MASK - n2cn0993, task 869 101 [465362]: mask 0x|--------|--------||--------|--------||--------|--------||--------|--------||||--------|--------||--------|--------||-----B--|--------||--------|--------| set
cpu-bind=MASK - n2cn0402, task 236 108 [1470815]: mask 0x|--------|--------||--------|--------||--------|--------||--------|--------||||--------|--------||--------|--------||--------|----B---||--------|--------| set
cpu-bind=MASK - n2cn0425, task 371 115 [1621213]: mask 0x|--------|--------||--------|--------||--------|--------||--------|--------||||--------|--------||--------|--------||--------|--------||---B----|--------| set
cpu-bind=MASK - n2cn0295, task 118 118 [325641]: mask 0x|--------|--------||--------|--------||--------|--------||--------|--------||||--------|--------||--------|--------||--------|--------||------B-|--------| set
cpu-bind=MASK - n2cn1146, task 1017 121 [368406]: mask 0x|--------|--------||--------|--------||--------|--------||--------|--------||||--------|--------||--------|--------||--------|--------||--------|-B------| set
cpu-bind=MASK - n2cn0895, task 628 116 [9301]: mask 0x|--------|--------||--------|--------||--------|--------||--------|--------||||--------|--------||--------|--------||--------|--------||----B---|--------| set
cpu-bind=MASK - n2cn0908, task 750 110 [318636]: mask 0x|--------|--------||--------|--------||--------|--------||--------|--------||||--------|--------||--------|--------||--------|------B-||--------|--------| set
cpu-bind=MASK - n2cn0601, task 489 105 [6347]: mask 0x|--------|--------||--------|--------||--------|--------||--------|--------||||--------|--------||--------|--------||--------|-B------||--------|--------| set
cpu-bind=MASK - n2cn0993, task 870 102 [465363]: mask 0x|--------|--------||--------|--------||--------|--------||--------|--------||||--------|--------||--------|--------||------B-|--------||--------|--------| set
cpu-bind=MASK - n2cn0425, task 372 116 [1621214]: mask 0x|--------|--------||--------|--------||--------|--------||--------|--------||||--------|--------||--------|--------||--------|--------||----B---|--------| set
cpu-bind=MASK - n2cn0402, task 237 109 [1470816]: mask 0x|--------|--------||--------|--------||--------|--------||--------|--------||||--------|--------||--------|--------||--------|-----B--||--------|--------| set
cpu-bind=MASK - n2cn0295, task 119 119 [325642]: mask 0x|--------|--------||--------|--------||--------|--------||--------|--------||||--------|--------||--------|--------||--------|--------||-------B|--------| set
cpu-bind=MASK - n2cn0601, task 490 106 [6348]: mask 0x|--------|--------||--------|--------||--------|--------||--------|--------||||--------|--------||--------|--------||--------|--B-----||--------|--------| set
cpu-bind=MASK - n2cn0908, task 751 111 [318637]: mask 0x|--------|--------||--------|--------||--------|--------||--------|--------||||--------|--------||--------|--------||--------|-------B||--------|--------| set
cpu-bind=MASK - n2cn0895, task 629 117 [9302]: mask 0x|--------|--------||--------|--------||--------|--------||--------|--------||||--------|--------||--------|--------||--------|--------||-----B--|--------| set
cpu-bind=MASK - n2cn1146, task 1018 122 [368407]: mask 0x|--------|--------||--------|--------||--------|--------||--------|--------||||--------|--------||--------|--------||--------|--------||--------|--B-----| set
cpu-bind=MASK - n2cn0993, task 871 103 [465364]: mask 0x|--------|--------||--------|--------||--------|--------||--------|--------||||--------|--------||--------|--------||-------B|--------||--------|--------| set
cpu-bind=MASK - n2cn0425, task 373 117 [1621215]: mask 0x|--------|--------||--------|--------||--------|--------||--------|--------||||--------|--------||--------|--------||--------|--------||-----B--|--------| set
cpu-bind=MASK - n2cn0295, task 120 120 [325643]: mask 0x|--------|--------||--------|--------||--------|--------||--------|--------||||--------|--------||--------|--------||--------|--------||--------|B-------| set
cpu-bind=MASK - n2cn0402, task 238 110 [1470817]: mask 0x|--------|--------||--------|--------||--------|--------||--------|--------||||--------|--------||--------|--------||--------|------B-||--------|--------| set
cpu-bind=MASK - n2cn0601, task 491 107 [6349]: mask 0x|--------|--------||--------|--------||--------|--------||--------|--------||||--------|--------||--------|--------||--------|---B----||--------|--------| set
cpu-bind=MASK - n2cn0895, task 630 118 [9303]: mask 0x|--------|--------||--------|--------||--------|--------||--------|--------||||--------|--------||--------|--------||--------|--------||------B-|--------| set
cpu-bind=MASK - n2cn0908, task 752 112 [318638]: mask 0x|--------|--------||--------|--------||--------|--------||--------|--------||||--------|--------||--------|--------||--------|--------||B-------|--------| set
cpu-bind=MASK - n2cn1146, task 1019 123 [368408]: mask 0x|--------|--------||--------|--------||--------|--------||--------|--------||||--------|--------||--------|--------||--------|--------||--------|---B----| set
cpu-bind=MASK - n2cn0993, task 872 104 [465365]: mask 0x|--------|--------||--------|--------||--------|--------||--------|--------||||--------|--------||--------|--------||--------|B-------||--------|--------| set
cpu-bind=MASK - n2cn0425, task 374 118 [1621216]: mask 0x|--------|--------||--------|--------||--------|--------||--------|--------||||--------|--------||--------|--------||--------|--------||------B-|--------| set
cpu-bind=MASK - n2cn0402, task 239 111 [1470818]: mask 0x|--------|--------||--------|--------||--------|--------||--------|--------||||--------|--------||--------|--------||--------|-------B||--------|--------| set
cpu-bind=MASK - n2cn0295, task 121 121 [325644]: mask 0x|--------|--------||--------|--------||--------|--------||--------|--------||||--------|--------||--------|--------||--------|--------||--------|-B------| set
cpu-bind=MASK - n2cn0895, task 631 119 [9304]: mask 0x|--------|--------||--------|--------||--------|--------||--------|--------||||--------|--------||--------|--------||--------|--------||-------B|--------| set
cpu-bind=MASK - n2cn1146, task 1020 124 [368409]: mask 0x|--------|--------||--------|--------||--------|--------||--------|--------||||--------|--------||--------|--------||--------|--------||--------|----B---| set
cpu-bind=MASK - n2cn0908, task 753 113 [318639]: mask 0x|--------|--------||--------|--------||--------|--------||--------|--------||||--------|--------||--------|--------||--------|--------||-B------|--------| set
cpu-bind=MASK - n2cn0993, task 873 105 [465366]: mask 0x|--------|--------||--------|--------||--------|--------||--------|--------||||--------|--------||--------|--------||--------|-B------||--------|--------| set
cpu-bind=MASK - n2cn0425, task 375 119 [1621217]: mask 0x|--------|--------||--------|--------||--------|--------||--------|--------||||--------|--------||--------|--------||--------|--------||-------B|--------| set
cpu-bind=MASK - n2cn0295, task 122 122 [325645]: mask 0x|--------|--------||--------|--------||--------|--------||--------|--------||||--------|--------||--------|--------||--------|--------||--------|--B-----| set
cpu-bind=MASK - n2cn0895, task 632 120 [9305]: mask 0x|--------|--------||--------|--------||--------|--------||--------|--------||||--------|--------||--------|--------||--------|--------||--------|B-------| set
cpu-bind=MASK - n2cn0402, task 240 112 [1470819]: mask 0x|--------|--------||--------|--------||--------|--------||--------|--------||||--------|--------||--------|--------||--------|--------||B-------|--------| set
cpu-bind=MASK - n2cn1146, task 1021 125 [368410]: mask 0x|--------|--------||--------|--------||--------|--------||--------|--------||||--------|--------||--------|--------||--------|--------||--------|-----B--| set
cpu-bind=MASK - n2cn0908, task 754 114 [318640]: mask 0x|--------|--------||--------|--------||--------|--------||--------|--------||||--------|--------||--------|--------||--------|--------||--B-----|--------| set
cpu-bind=MASK - n2cn0425, task 376 120 [1621218]: mask 0x|--------|--------||--------|--------||--------|--------||--------|--------||||--------|--------||--------|--------||--------|--------||--------|B-------| set
cpu-bind=MASK - n2cn0993, task 874 106 [465367]: mask 0x|--------|--------||--------|--------||--------|--------||--------|--------||||--------|--------||--------|--------||--------|--B-----||--------|--------| set
cpu-bind=MASK - n2cn0295, task 123 123 [325646]: mask 0x|--------|--------||--------|--------||--------|--------||--------|--------||||--------|--------||--------|--------||--------|--------||--------|---B----| set
cpu-bind=MASK - n2cn0601, task 492 108 [6350]: mask 0x|--------|--------||--------|--------||--------|--------||--------|--------||||--------|--------||--------|--------||--------|----B---||--------|--------| set
cpu-bind=MASK - n2cn0895, task 633 121 [9306]: mask 0x|--------|--------||--------|--------||--------|--------||--------|--------||||--------|--------||--------|--------||--------|--------||--------|-B------| set
cpu-bind=MASK - n2cn1146, task 1022 126 [368411]: mask 0x|--------|--------||--------|--------||--------|--------||--------|--------||||--------|--------||--------|--------||--------|--------||--------|------B-| set
cpu-bind=MASK - n2cn0402, task 241 113 [1470820]: mask 0x|--------|--------||--------|--------||--------|--------||--------|--------||||--------|--------||--------|--------||--------|--------||-B------|--------| set
cpu-bind=MASK - n2cn0908, task 755 115 [318641]: mask 0x|--------|--------||--------|--------||--------|--------||--------|--------||||--------|--------||--------|--------||--------|--------||---B----|--------| set
cpu-bind=MASK - n2cn0425, task 377 121 [1621219]: mask 0x|--------|--------||--------|--------||--------|--------||--------|--------||||--------|--------||--------|--------||--------|--------||--------|-B------| set
cpu-bind=MASK - n2cn0993, task 875 107 [465368]: mask 0x|--------|--------||--------|--------||--------|--------||--------|--------||||--------|--------||--------|--------||--------|---B----||--------|--------| set
cpu-bind=MASK - n2cn0601, task 493 109 [6351]: mask 0x|--------|--------||--------|--------||--------|--------||--------|--------||||--------|--------||--------|--------||--------|-----B--||--------|--------| set
cpu-bind=MASK - n2cn0295, task 124 124 [325647]: mask 0x|--------|--------||--------|--------||--------|--------||--------|--------||||--------|--------||--------|--------||--------|--------||--------|----B---| set
cpu-bind=MASK - n2cn0895, task 634 122 [9307]: mask 0x|--------|--------||--------|--------||--------|--------||--------|--------||||--------|--------||--------|--------||--------|--------||--------|--B-----| set
cpu-bind=MASK - n2cn0908, task 756 116 [318642]: mask 0x|--------|--------||--------|--------||--------|--------||--------|--------||||--------|--------||--------|--------||--------|--------||----B---|--------| set
cpu-bind=MASK - n2cn0425, task 378 122 [1621220]: mask 0x|--------|--------||--------|--------||--------|--------||--------|--------||||--------|--------||--------|--------||--------|--------||--------|--B-----| set
cpu-bind=MASK - n2cn0402, task 242 114 [1470821]: mask 0x|--------|--------||--------|--------||--------|--------||--------|--------||||--------|--------||--------|--------||--------|--------||--B-----|--------| set
cpu-bind=MASK - n2cn0993, task 876 108 [465369]: mask 0x|--------|--------||--------|--------||--------|--------||--------|--------||||--------|--------||--------|--------||--------|----B---||--------|--------| set
cpu-bind=MASK - n2cn0601, task 494 110 [6352]: mask 0x|--------|--------||--------|--------||--------|--------||--------|--------||||--------|--------||--------|--------||--------|------B-||--------|--------| set
cpu-bind=MASK - n2cn0895, task 635 123 [9308]: mask 0x|--------|--------||--------|--------||--------|--------||--------|--------||||--------|--------||--------|--------||--------|--------||--------|---B----| set
cpu-bind=MASK - n2cn0295, task 125 125 [325648]: mask 0x|--------|--------||--------|--------||--------|--------||--------|--------||||--------|--------||--------|--------||--------|--------||--------|-----B--| set
cpu-bind=MASK - n2cn0908, task 757 117 [318643]: mask 0x|--------|--------||--------|--------||--------|--------||--------|--------||||--------|--------||--------|--------||--------|--------||-----B--|--------| set
cpu-bind=MASK - n2cn0402, task 243 115 [1470822]: mask 0x|--------|--------||--------|--------||--------|--------||--------|--------||||--------|--------||--------|--------||--------|--------||---B----|--------| set
cpu-bind=MASK - n2cn0601, task 495 111 [6353]: mask 0x|--------|--------||--------|--------||--------|--------||--------|--------||||--------|--------||--------|--------||--------|-------B||--------|--------| set
cpu-bind=MASK - n2cn0295, task 126 126 [325649]: mask 0x|--------|--------||--------|--------||--------|--------||--------|--------||||--------|--------||--------|--------||--------|--------||--------|------B-| set
cpu-bind=MASK - n2cn0993, task 877 109 [465370]: mask 0x|--------|--------||--------|--------||--------|--------||--------|--------||||--------|--------||--------|--------||--------|-----B--||--------|--------| set
cpu-bind=MASK - n2cn0895, task 636 124 [9309]: mask 0x|--------|--------||--------|--------||--------|--------||--------|--------||||--------|--------||--------|--------||--------|--------||--------|----B---| set
cpu-bind=MASK - n2cn0425, task 379 123 [1621221]: mask 0x|--------|--------||--------|--------||--------|--------||--------|--------||||--------|--------||--------|--------||--------|--------||--------|---B----| set
cpu-bind=MASK - n2cn0908, task 758 118 [318644]: mask 0x|--------|--------||--------|--------||--------|--------||--------|--------||||--------|--------||--------|--------||--------|--------||------B-|--------| set
cpu-bind=MASK - n2cn0601, task 496 112 [6354]: mask 0x|--------|--------||--------|--------||--------|--------||--------|--------||||--------|--------||--------|--------||--------|--------||B-------|--------| set
cpu-bind=MASK - n2cn0402, task 244 116 [1470823]: mask 0x|--------|--------||--------|--------||--------|--------||--------|--------||||--------|--------||--------|--------||--------|--------||----B---|--------| set
cpu-bind=MASK - n2cn0895, task 637 125 [9310]: mask 0x|--------|--------||--------|--------||--------|--------||--------|--------||||--------|--------||--------|--------||--------|--------||--------|-----B--| set
cpu-bind=MASK - n2cn0425, task 380 124 [1621222]: mask 0x|--------|--------||--------|--------||--------|--------||--------|--------||||--------|--------||--------|--------||--------|--------||--------|----B---| set
cpu-bind=MASK - n2cn0993, task 878 110 [465371]: mask 0x|--------|--------||--------|--------||--------|--------||--------|--------||||--------|--------||--------|--------||--------|------B-||--------|--------| set
cpu-bind=MASK - n2cn0908, task 759 119 [318645]: mask 0x|--------|--------||--------|--------||--------|--------||--------|--------||||--------|--------||--------|--------||--------|--------||-------B|--------| set
cpu-bind=MASK - n2cn0601, task 497 113 [6355]: mask 0x|--------|--------||--------|--------||--------|--------||--------|--------||||--------|--------||--------|--------||--------|--------||-B------|--------| set
cpu-bind=MASK - n2cn0402, task 245 117 [1470824]: mask 0x|--------|--------||--------|--------||--------|--------||--------|--------||||--------|--------||--------|--------||--------|--------||-----B--|--------| set
cpu-bind=MASK - n2cn0895, task 638 126 [9311]: mask 0x|--------|--------||--------|--------||--------|--------||--------|--------||||--------|--------||--------|--------||--------|--------||--------|------B-| set
cpu-bind=MASK - n2cn0993, task 879 111 [465372]: mask 0x|--------|--------||--------|--------||--------|--------||--------|--------||||--------|--------||--------|--------||--------|-------B||--------|--------| set
cpu-bind=MASK - n2cn0425, task 381 125 [1621223]: mask 0x|--------|--------||--------|--------||--------|--------||--------|--------||||--------|--------||--------|--------||--------|--------||--------|-----B--| set
cpu-bind=MASK - n2cn0601, task 498 114 [6356]: mask 0x|--------|--------||--------|--------||--------|--------||--------|--------||||--------|--------||--------|--------||--------|--------||--B-----|--------| set
cpu-bind=MASK - n2cn0402, task 246 118 [1470825]: mask 0x|--------|--------||--------|--------||--------|--------||--------|--------||||--------|--------||--------|--------||--------|--------||------B-|--------| set
cpu-bind=MASK - n2cn0908, task 760 120 [318646]: mask 0x|--------|--------||--------|--------||--------|--------||--------|--------||||--------|--------||--------|--------||--------|--------||--------|B-------| set
cpu-bind=MASK - n2cn0993, task 880 112 [465373]: mask 0x|--------|--------||--------|--------||--------|--------||--------|--------||||--------|--------||--------|--------||--------|--------||B-------|--------| set
cpu-bind=MASK - n2cn0425, task 382 126 [1621224]: mask 0x|--------|--------||--------|--------||--------|--------||--------|--------||||--------|--------||--------|--------||--------|--------||--------|------B-| set
cpu-bind=MASK - n2cn0601, task 499 115 [6357]: mask 0x|--------|--------||--------|--------||--------|--------||--------|--------||||--------|--------||--------|--------||--------|--------||---B----|--------| set
cpu-bind=MASK - n2cn0908, task 761 121 [318647]: mask 0x|--------|--------||--------|--------||--------|--------||--------|--------||||--------|--------||--------|--------||--------|--------||--------|-B------| set
cpu-bind=MASK - n2cn0402, task 247 119 [1470826]: mask 0x|--------|--------||--------|--------||--------|--------||--------|--------||||--------|--------||--------|--------||--------|--------||-------B|--------| set
cpu-bind=MASK - n2cn0993, task 881 113 [465374]: mask 0x|--------|--------||--------|--------||--------|--------||--------|--------||||--------|--------||--------|--------||--------|--------||-B------|--------| set
cpu-bind=MASK - n2cn0601, task 500 116 [6358]: mask 0x|--------|--------||--------|--------||--------|--------||--------|--------||||--------|--------||--------|--------||--------|--------||----B---|--------| set
cpu-bind=MASK - n2cn0908, task 762 122 [318648]: mask 0x|--------|--------||--------|--------||--------|--------||--------|--------||||--------|--------||--------|--------||--------|--------||--------|--B-----| set
cpu-bind=MASK - n2cn0402, task 248 120 [1470827]: mask 0x|--------|--------||--------|--------||--------|--------||--------|--------||||--------|--------||--------|--------||--------|--------||--------|B-------| set
cpu-bind=MASK - n2cn0993, task 882 114 [465375]: mask 0x|--------|--------||--------|--------||--------|--------||--------|--------||||--------|--------||--------|--------||--------|--------||--B-----|--------| set
cpu-bind=MASK - n2cn0601, task 501 117 [6359]: mask 0x|--------|--------||--------|--------||--------|--------||--------|--------||||--------|--------||--------|--------||--------|--------||-----B--|--------| set
cpu-bind=MASK - n2cn0908, task 763 123 [318649]: mask 0x|--------|--------||--------|--------||--------|--------||--------|--------||||--------|--------||--------|--------||--------|--------||--------|---B----| set
cpu-bind=MASK - n2cn0402, task 249 121 [1470828]: mask 0x|--------|--------||--------|--------||--------|--------||--------|--------||||--------|--------||--------|--------||--------|--------||--------|-B------| set
cpu-bind=MASK - n2cn0993, task 883 115 [465376]: mask 0x|--------|--------||--------|--------||--------|--------||--------|--------||||--------|--------||--------|--------||--------|--------||---B----|--------| set
cpu-bind=MASK - n2cn0601, task 502 118 [6360]: mask 0x|--------|--------||--------|--------||--------|--------||--------|--------||||--------|--------||--------|--------||--------|--------||------B-|--------| set
cpu-bind=MASK - n2cn0908, task 764 124 [318650]: mask 0x|--------|--------||--------|--------||--------|--------||--------|--------||||--------|--------||--------|--------||--------|--------||--------|----B---| set
cpu-bind=MASK - n2cn0402, task 250 122 [1470829]: mask 0x|--------|--------||--------|--------||--------|--------||--------|--------||||--------|--------||--------|--------||--------|--------||--------|--B-----| set
cpu-bind=MASK - n2cn0993, task 884 116 [465377]: mask 0x|--------|--------||--------|--------||--------|--------||--------|--------||||--------|--------||--------|--------||--------|--------||----B---|--------| set
cpu-bind=MASK - n2cn0601, task 503 119 [6361]: mask 0x|--------|--------||--------|--------||--------|--------||--------|--------||||--------|--------||--------|--------||--------|--------||-------B|--------| set
cpu-bind=MASK - n2cn0908, task 765 125 [318651]: mask 0x|--------|--------||--------|--------||--------|--------||--------|--------||||--------|--------||--------|--------||--------|--------||--------|-----B--| set
cpu-bind=MASK - n2cn0402, task 251 123 [1470830]: mask 0x|--------|--------||--------|--------||--------|--------||--------|--------||||--------|--------||--------|--------||--------|--------||--------|---B----| set
cpu-bind=MASK - n2cn0993, task 885 117 [465378]: mask 0x|--------|--------||--------|--------||--------|--------||--------|--------||||--------|--------||--------|--------||--------|--------||-----B--|--------| set
cpu-bind=MASK - n2cn0601, task 504 120 [6362]: mask 0x|--------|--------||--------|--------||--------|--------||--------|--------||||--------|--------||--------|--------||--------|--------||--------|B-------| set
cpu-bind=MASK - n2cn0908, task 766 126 [318652]: mask 0x|--------|--------||--------|--------||--------|--------||--------|--------||||--------|--------||--------|--------||--------|--------||--------|------B-| set
cpu-bind=MASK - n2cn0402, task 252 124 [1470831]: mask 0x|--------|--------||--------|--------||--------|--------||--------|--------||||--------|--------||--------|--------||--------|--------||--------|----B---| set
cpu-bind=MASK - n2cn0993, task 886 118 [465379]: mask 0x|--------|--------||--------|--------||--------|--------||--------|--------||||--------|--------||--------|--------||--------|--------||------B-|--------| set
cpu-bind=MASK - n2cn0601, task 505 121 [6363]: mask 0x|--------|--------||--------|--------||--------|--------||--------|--------||||--------|--------||--------|--------||--------|--------||--------|-B------| set
cpu-bind=MASK - n2cn0402, task 253 125 [1470832]: mask 0x|--------|--------||--------|--------||--------|--------||--------|--------||||--------|--------||--------|--------||--------|--------||--------|-----B--| set
cpu-bind=MASK - n2cn0993, task 887 119 [465380]: mask 0x|--------|--------||--------|--------||--------|--------||--------|--------||||--------|--------||--------|--------||--------|--------||-------B|--------| set
cpu-bind=MASK - n2cn0601, task 506 122 [6364]: mask 0x|--------|--------||--------|--------||--------|--------||--------|--------||||--------|--------||--------|--------||--------|--------||--------|--B-----| set
cpu-bind=MASK - n2cn0402, task 254 126 [1470833]: mask 0x|--------|--------||--------|--------||--------|--------||--------|--------||||--------|--------||--------|--------||--------|--------||--------|------B-| set
cpu-bind=MASK - n2cn0601, task 507 123 [6365]: mask 0x|--------|--------||--------|--------||--------|--------||--------|--------||||--------|--------||--------|--------||--------|--------||--------|---B----| set
cpu-bind=MASK - n2cn0993, task 888 120 [465381]: mask 0x|--------|--------||--------|--------||--------|--------||--------|--------||||--------|--------||--------|--------||--------|--------||--------|B-------| set
cpu-bind=MASK - n2cn0601, task 508 124 [6366]: mask 0x|--------|--------||--------|--------||--------|--------||--------|--------||||--------|--------||--------|--------||--------|--------||--------|----B---| set
cpu-bind=MASK - n2cn0993, task 889 121 [465382]: mask 0x|--------|--------||--------|--------||--------|--------||--------|--------||||--------|--------||--------|--------||--------|--------||--------|-B------| set
cpu-bind=MASK - n2cn0601, task 509 125 [6367]: mask 0x|--------|--------||--------|--------||--------|--------||--------|--------||||--------|--------||--------|--------||--------|--------||--------|-----B--| set
cpu-bind=MASK - n2cn0993, task 890 122 [465383]: mask 0x|--------|--------||--------|--------||--------|--------||--------|--------||||--------|--------||--------|--------||--------|--------||--------|--B-----| set
cpu-bind=MASK - n2cn0601, task 510 126 [6368]: mask 0x|--------|--------||--------|--------||--------|--------||--------|--------||||--------|--------||--------|--------||--------|--------||--------|------B-| set
cpu-bind=MASK - n2cn0993, task 891 123 [465384]: mask 0x|--------|--------||--------|--------||--------|--------||--------|--------||||--------|--------||--------|--------||--------|--------||--------|---B----| set
cpu-bind=MASK - n2cn0993, task 892 124 [465385]: mask 0x|--------|--------||--------|--------||--------|--------||--------|--------||||--------|--------||--------|--------||--------|--------||--------|----B---| set
cpu-bind=MASK - n2cn0993, task 893 125 [465386]: mask 0x|--------|--------||--------|--------||--------|--------||--------|--------||||--------|--------||--------|--------||--------|--------||--------|-----B--| set
cpu-bind=MASK - n2cn0993, task 894 126 [465387]: mask 0x|--------|--------||--------|--------||--------|--------||--------|--------||||--------|--------||--------|--------||--------|--------||--------|------B-| set
cpu-bind=MASK - n2cn1146, task 1023 127 [368412]: mask 0x|--------|--------||--------|--------||--------|--------||--------|--------||||--------|--------||--------|--------||--------|--------||--------|-------B| set
cpu-bind=MASK - n2cn0295, task 127 127 [325650]: mask 0x|--------|--------||--------|--------||--------|--------||--------|--------||||--------|--------||--------|--------||--------|--------||--------|-------B| set
cpu-bind=MASK - n2cn0895, task 639 127 [9312]: mask 0x|--------|--------||--------|--------||--------|--------||--------|--------||||--------|--------||--------|--------||--------|--------||--------|-------B| set
cpu-bind=MASK - n2cn0425, task 383 127 [1621225]: mask 0x|--------|--------||--------|--------||--------|--------||--------|--------||||--------|--------||--------|--------||--------|--------||--------|-------B| set
cpu-bind=MASK - n2cn0402, task 255 127 [1470834]: mask 0x|--------|--------||--------|--------||--------|--------||--------|--------||||--------|--------||--------|--------||--------|--------||--------|-------B| set
cpu-bind=MASK - n2cn0908, task 767 127 [318653]: mask 0x|--------|--------||--------|--------||--------|--------||--------|--------||||--------|--------||--------|--------||--------|--------||--------|-------B| set
cpu-bind=MASK - n2cn0601, task 511 127 [6369]: mask 0x|--------|--------||--------|--------||--------|--------||--------|--------||||--------|--------||--------|--------||--------|--------||--------|-------B| set
cpu-bind=MASK - n2cn0993, task 895 127 [465388]: mask 0x|--------|--------||--------|--------||--------|--------||--------|--------||||--------|--------||--------|--------||--------|--------||--------|-------B| set
Creating ParaFaFT...
Creating ParaFaFT...
Creating ParaFaFT...
Creating ParaFaFT...
Creating ParaFaFT...
Creating ParaFaFT...
Creating ParaFaFT...
Creating ParaFaFT...
Creating ParaFaFT...
Creating ParaFaFT...
Creating ParaFaFT...
Creating ParaFaFT...
Creating ParaFaFT...
Creating ParaFaFT...
Creating ParaFaFT...
Creating ParaFaFT...
Creating ParaFaFT...
Creating ParaFaFT...
Creating ParaFaFT...
Creating ParaFaFT...
Creating ParaFaFT...
Creating ParaFaFT...
Creating ParaFaFT...
Creating ParaFaFT...
Creating ParaFaFT...
Creating ParaFaFT...
Creating ParaFaFT...
Creating ParaFaFT...
Creating ParaFaFT...
Creating ParaFaFT...
Creating ParaFaFT...
Creating ParaFaFT...
Creating ParaFaFT...
Creating ParaFaFT...
Creating ParaFaFT...
Creating ParaFaFT...
Creating ParaFaFT...
Creating ParaFaFT...
Creating ParaFaFT...
Creating ParaFaFT...
Creating ParaFaFT...
Creating ParaFaFT...
Creating ParaFaFT...
Creating ParaFaFT...
Creating ParaFaFT...
Creating ParaFaFT...
Creating ParaFaFT...
Creating ParaFaFT...
Creating ParaFaFT...
Creating ParaFaFT...
Creating ParaFaFT...
Creating ParaFaFT...
Creating ParaFaFT...
Creating ParaFaFT...
Creating ParaFaFT...
Creating ParaFaFT...
Creating ParaFaFT...
Creating ParaFaFT...
Creating ParaFaFT...
Creating ParaFaFT...
Creating ParaFaFT...
Creating ParaFaFT...
Creating ParaFaFT...
Creating ParaFaFT...
Creating ParaFaFT...
Creating ParaFaFT...
Creating ParaFaFT...
Creating ParaFaFT...
Creating ParaFaFT...
Creating ParaFaFT...
Creating ParaFaFT...
Creating ParaFaFT...
Creating ParaFaFT...
Creating ParaFaFT...
Creating ParaFaFT...
Creating ParaFaFT...
Creating ParaFaFT...
Creating ParaFaFT...
Creating ParaFaFT...
Creating ParaFaFT...
Creating ParaFaFT...
Creating ParaFaFT...
Creating ParaFaFT...
Creating ParaFaFT...
Creating ParaFaFT...
Creating ParaFaFT...
Creating ParaFaFT...
Creating ParaFaFT...
Creating ParaFaFT...
Creating ParaFaFT...
Creating ParaFaFT...
Creating ParaFaFT...
Creating ParaFaFT...
Creating ParaFaFT...
Creating ParaFaFT...
Creating ParaFaFT...
Creating ParaFaFT...
Creating ParaFaFT...
Creating ParaFaFT...
Creating ParaFaFT...
Creating ParaFaFT...
Creating ParaFaFT...
Creating ParaFaFT...
Creating ParaFaFT...
Creating ParaFaFT...
Creating ParaFaFT...
Creating ParaFaFT...
Creating ParaFaFT...
Creating ParaFaFT...
Creating ParaFaFT...
Creating ParaFaFT...
Creating ParaFaFT...
Creating ParaFaFT...
Creating ParaFaFT...
Creating ParaFaFT...
Creating ParaFaFT...
Creating ParaFaFT...
Creating ParaFaFT...
Creating ParaFaFT...
Creating ParaFaFT...
Creating ParaFaFT...
Creating ParaFaFT...
Creating ParaFaFT...
Creating ParaFaFT...
Creating ParaFaFT...
Creating ParaFaFT...
Creating ParaFaFT...
Creating ParaFaFT...
Creating ParaFaFT...
Creating ParaFaFT...
Creating ParaFaFT...
Creating ParaFaFT...
Creating ParaFaFT...
Creating ParaFaFT...
Creating ParaFaFT...
Creating ParaFaFT...
Creating ParaFaFT...
Creating ParaFaFT...
Creating ParaFaFT...
Creating ParaFaFT...
Creating ParaFaFT...
Creating ParaFaFT...
Creating ParaFaFT...
Creating ParaFaFT...
Creating ParaFaFT...
Creating ParaFaFT...
Creating ParaFaFT...
Creating ParaFaFT...
Creating ParaFaFT...
Creating ParaFaFT...
Creating ParaFaFT...
Creating ParaFaFT...
Creating ParaFaFT...
Creating ParaFaFT...
Creating ParaFaFT...
Creating ParaFaFT...
Creating ParaFaFT...
Creating ParaFaFT...
Creating ParaFaFT...
Creating ParaFaFT...
Creating ParaFaFT...
Creating ParaFaFT...
Creating ParaFaFT...
Creating ParaFaFT...
Creating ParaFaFT...
Creating ParaFaFT...
Creating ParaFaFT...
Creating ParaFaFT...
Creating ParaFaFT...
Creating ParaFaFT...
Creating ParaFaFT...
Creating ParaFaFT...
Creating ParaFaFT...
Creating ParaFaFT...
Creating ParaFaFT...
Creating ParaFaFT...
Creating ParaFaFT...
Creating ParaFaFT...
Creating ParaFaFT...
Creating ParaFaFT...
Creating ParaFaFT...
Creating ParaFaFT...
Creating ParaFaFT...
Creating ParaFaFT...
Creating ParaFaFT...
Creating ParaFaFT...
Creating ParaFaFT...
Creating ParaFaFT...
Creating ParaFaFT...
Creating ParaFaFT...
Creating ParaFaFT...
Creating ParaFaFT...
Creating ParaFaFT...
Creating ParaFaFT...
Creating ParaFaFT...
Creating ParaFaFT...
Creating ParaFaFT...
Creating ParaFaFT...
Creating ParaFaFT...
Creating ParaFaFT...
Creating ParaFaFT...
Creating ParaFaFT...
Creating ParaFaFT...
Creating ParaFaFT...
Creating ParaFaFT...
Creating ParaFaFT...
Creating ParaFaFT...
Creating ParaFaFT...
Creating ParaFaFT...
Creating ParaFaFT...
Creating ParaFaFT...
Creating ParaFaFT...
Creating ParaFaFT...
Creating ParaFaFT...
Creating ParaFaFT...
Creating ParaFaFT...
Creating ParaFaFT...
Creating ParaFaFT...
Creating ParaFaFT...
Creating ParaFaFT...
Creating ParaFaFT...
Creating ParaFaFT...
Creating ParaFaFT...
Creating ParaFaFT...
Creating ParaFaFT...
Creating ParaFaFT...
Creating ParaFaFT...
Creating ParaFaFT...
Creating ParaFaFT...
Creating ParaFaFT...
Creating ParaFaFT...
Creating ParaFaFT...
Creating ParaFaFT...
Creating ParaFaFT...
Creating ParaFaFT...
Creating ParaFaFT...
Creating ParaFaFT...
Creating ParaFaFT...
Creating ParaFaFT...
Creating ParaFaFT...
Creating ParaFaFT...
Creating ParaFaFT...
Creating ParaFaFT...
Creating ParaFaFT...
Creating ParaFaFT...
Creating ParaFaFT...
Creating ParaFaFT...
Creating ParaFaFT...
Creating ParaFaFT...
Creating ParaFaFT...
Creating ParaFaFT...
Creating ParaFaFT...
Creating ParaFaFT...
Creating ParaFaFT...
Creating ParaFaFT...
Creating ParaFaFT...
Creating ParaFaFT...
Creating ParaFaFT...
Creating ParaFaFT...
Creating ParaFaFT...
Creating ParaFaFT...
Creating ParaFaFT...
Creating ParaFaFT...
Creating ParaFaFT...
Creating ParaFaFT...
Creating ParaFaFT...
Creating ParaFaFT...
Creating ParaFaFT...
Creating ParaFaFT...
Creating ParaFaFT...
Creating ParaFaFT...
Creating ParaFaFT...
Creating ParaFaFT...
Creating ParaFaFT...
Creating ParaFaFT...
Creating ParaFaFT...
Creating ParaFaFT...
Creating ParaFaFT...
Creating ParaFaFT...
Creating ParaFaFT...
Creating ParaFaFT...
Creating ParaFaFT...
Creating ParaFaFT...
Creating ParaFaFT...
Creating ParaFaFT...
Creating ParaFaFT...
Creating ParaFaFT...
Creating ParaFaFT...
Creating ParaFaFT...
Creating ParaFaFT...
Creating ParaFaFT...
Creating ParaFaFT...
Creating ParaFaFT...
Creating ParaFaFT...
Creating ParaFaFT...
Creating ParaFaFT...
Creating ParaFaFT...
Creating ParaFaFT...
Creating ParaFaFT...
Creating ParaFaFT...
Creating ParaFaFT...
Creating ParaFaFT...
Creating ParaFaFT...
Creating ParaFaFT...
Creating ParaFaFT...
Creating ParaFaFT...
Creating ParaFaFT...
Creating ParaFaFT...
Creating ParaFaFT...
Creating ParaFaFT...
Creating ParaFaFT...
Creating ParaFaFT...
Creating ParaFaFT...
Creating ParaFaFT...
Creating ParaFaFT...
Creating ParaFaFT...
Creating ParaFaFT...
Creating ParaFaFT...
Creating ParaFaFT...
Creating ParaFaFT...
Creating ParaFaFT...
Creating ParaFaFT...
Creating ParaFaFT...
Creating ParaFaFT...
Creating ParaFaFT...

==========================================
Benchmark: ParaFaFT R2C 3D, N=2048, MPI procs=1024, FFTW threads=1, iterations=20
Creating ParaFaFT...
Creating ParaFaFT...
Creating ParaFaFT...
Creating ParaFaFT...
Creating ParaFaFT...
Creating ParaFaFT...
Creating ParaFaFT...
Creating ParaFaFT...
Creating ParaFaFT...
Creating ParaFaFT...
Creating ParaFaFT...
Creating ParaFaFT...
Creating ParaFaFT...
Creating ParaFaFT...
Creating ParaFaFT...
Creating ParaFaFT...
Creating ParaFaFT...
Creating ParaFaFT...
Creating ParaFaFT...
Creating ParaFaFT...
Creating ParaFaFT...
Creating ParaFaFT...
Creating ParaFaFT...
Creating ParaFaFT...
Creating ParaFaFT...
Creating ParaFaFT...
Creating ParaFaFT...
Creating ParaFaFT...
Creating ParaFaFT...
Creating ParaFaFT...
Creating ParaFaFT...
Creating ParaFaFT...
Creating ParaFaFT...
Creating ParaFaFT...
Creating ParaFaFT...
Creating ParaFaFT...
Creating ParaFaFT...
Creating ParaFaFT...
Creating ParaFaFT...
Creating ParaFaFT...
Creating ParaFaFT...
Creating ParaFaFT...
Creating ParaFaFT...
Creating ParaFaFT...
Creating ParaFaFT...
Creating ParaFaFT...
Creating ParaFaFT...
Creating ParaFaFT...
Creating ParaFaFT...
Creating ParaFaFT...
Creating ParaFaFT...
Creating ParaFaFT...
Creating ParaFaFT...
Creating ParaFaFT...
Creating ParaFaFT...
Creating ParaFaFT...
Creating ParaFaFT...
Creating ParaFaFT...
Creating ParaFaFT...
Creating ParaFaFT...
Creating ParaFaFT...
Creating ParaFaFT...
Creating ParaFaFT...
Creating ParaFaFT...
Creating ParaFaFT...
Creating ParaFaFT...
Creating ParaFaFT...
Creating ParaFaFT...
Creating ParaFaFT...
Creating ParaFaFT...
Creating ParaFaFT...
Creating ParaFaFT...
Creating ParaFaFT...
Creating ParaFaFT...
Creating ParaFaFT...
Creating ParaFaFT...
Creating ParaFaFT...
Creating ParaFaFT...
Creating ParaFaFT...
Creating ParaFaFT...
Creating ParaFaFT...
Creating ParaFaFT...
Creating ParaFaFT...
Creating ParaFaFT...
Creating ParaFaFT...
Creating ParaFaFT...
Creating ParaFaFT...
Creating ParaFaFT...
Creating ParaFaFT...
Creating ParaFaFT...
Creating ParaFaFT...
Creating ParaFaFT...
Creating ParaFaFT...
Creating ParaFaFT...
Creating ParaFaFT...
Creating ParaFaFT...
Creating ParaFaFT...
Creating ParaFaFT...
Creating ParaFaFT...
Creating ParaFaFT...
Creating ParaFaFT...
Creating ParaFaFT...
Creating ParaFaFT...
Creating ParaFaFT...
Creating ParaFaFT...
Creating ParaFaFT...
Creating ParaFaFT...
Creating ParaFaFT...
Creating ParaFaFT...
Creating ParaFaFT...
Creating ParaFaFT...
Creating ParaFaFT...
Creating ParaFaFT...
Creating ParaFaFT...
Creating ParaFaFT...
Creating ParaFaFT...
Creating ParaFaFT...
Creating ParaFaFT...
Creating ParaFaFT...
Creating ParaFaFT...
Creating ParaFaFT...
Creating ParaFaFT...
Creating ParaFaFT...
Creating ParaFaFT...
Creating ParaFaFT...
Creating ParaFaFT...
Creating ParaFaFT...
Creating ParaFaFT...
Creating ParaFaFT...
Creating ParaFaFT...
Creating ParaFaFT...
Creating ParaFaFT...
Creating ParaFaFT...
Creating ParaFaFT...
Creating ParaFaFT...
Creating ParaFaFT...
Creating ParaFaFT...
Creating ParaFaFT...
Creating ParaFaFT...
Creating ParaFaFT...
Creating ParaFaFT...
Creating ParaFaFT...
Creating ParaFaFT...
Creating ParaFaFT...
Creating ParaFaFT...
Creating ParaFaFT...
Creating ParaFaFT...
Creating ParaFaFT...
Creating ParaFaFT...
Creating ParaFaFT...
Creating ParaFaFT...
Creating ParaFaFT...
Creating ParaFaFT...
Creating ParaFaFT...
Creating ParaFaFT...
Creating ParaFaFT...
Creating ParaFaFT...
Creating ParaFaFT...
Creating ParaFaFT...
Creating ParaFaFT...
Creating ParaFaFT...
Creating ParaFaFT...
Creating ParaFaFT...
Creating ParaFaFT...
Creating ParaFaFT...
Creating ParaFaFT...
Creating ParaFaFT...
Creating ParaFaFT...
Creating ParaFaFT...
Creating ParaFaFT...
Creating ParaFaFT...
Creating ParaFaFT...
Creating ParaFaFT...
Creating ParaFaFT...
Creating ParaFaFT...
Creating ParaFaFT...
Creating ParaFaFT...
Creating ParaFaFT...
Creating ParaFaFT...
Creating ParaFaFT...
Creating ParaFaFT...
Creating ParaFaFT...
Creating ParaFaFT...
Creating ParaFaFT...
Creating ParaFaFT...
Creating ParaFaFT...
Creating ParaFaFT...
Creating ParaFaFT...
Creating ParaFaFT...
Creating ParaFaFT...
Creating ParaFaFT...
Creating ParaFaFT...
Creating ParaFaFT...
Creating ParaFaFT...
Creating ParaFaFT...
Creating ParaFaFT...
Creating ParaFaFT...
Creating ParaFaFT...
Creating ParaFaFT...
Creating ParaFaFT...
Creating ParaFaFT...
Creating ParaFaFT...
Creating ParaFaFT...
Creating ParaFaFT...
Creating ParaFaFT...
Creating ParaFaFT...
Creating ParaFaFT...
Creating ParaFaFT...
Creating ParaFaFT...
Creating ParaFaFT...
Creating ParaFaFT...
Creating ParaFaFT...
Creating ParaFaFT...
Creating ParaFaFT...
Creating ParaFaFT...
Creating ParaFaFT...
Creating ParaFaFT...
Creating ParaFaFT...
Creating ParaFaFT...
Creating ParaFaFT...
Creating ParaFaFT...
Creating ParaFaFT...
Creating ParaFaFT...
Creating ParaFaFT...
Creating ParaFaFT...
Creating ParaFaFT...
Creating ParaFaFT...
Creating ParaFaFT...
Creating ParaFaFT...
Creating ParaFaFT...
Creating ParaFaFT...
Creating ParaFaFT...
Creating ParaFaFT...
Creating ParaFaFT...
Creating ParaFaFT...
Creating ParaFaFT...
Creating ParaFaFT...
Creating ParaFaFT...
Creating ParaFaFT...
Creating ParaFaFT...
Creating ParaFaFT...
Creating ParaFaFT...
Creating ParaFaFT...
Creating ParaFaFT...
Creating ParaFaFT...
Creating ParaFaFT...
Creating ParaFaFT...
Creating ParaFaFT...
Creating ParaFaFT...
Creating ParaFaFT...
Creating ParaFaFT...
Creating ParaFaFT...
Creating ParaFaFT...
Creating ParaFaFT...
Creating ParaFaFT...
Creating ParaFaFT...
Creating ParaFaFT...
Creating ParaFaFT...
Creating ParaFaFT...
Creating ParaFaFT...
Creating ParaFaFT...
Creating ParaFaFT...
Creating ParaFaFT...
Creating ParaFaFT...
Creating ParaFaFT...
Creating ParaFaFT...
Creating ParaFaFT...
Creating ParaFaFT...
Creating ParaFaFT...
Creating ParaFaFT...
Creating ParaFaFT...
Creating ParaFaFT...
Creating ParaFaFT...
Creating ParaFaFT...
Creating ParaFaFT...
Creating ParaFaFT...
Creating ParaFaFT...
Creating ParaFaFT...
Creating ParaFaFT...
Creating ParaFaFT...
Creating ParaFaFT...
Creating ParaFaFT...
Creating ParaFaFT...
Creating ParaFaFT...
Creating ParaFaFT...
Creating ParaFaFT...
Creating ParaFaFT...
Creating ParaFaFT...
Creating ParaFaFT...
Creating ParaFaFT...
Creating ParaFaFT...
Creating ParaFaFT...
Creating ParaFaFT...
Creating ParaFaFT...
Creating ParaFaFT...
Creating ParaFaFT...
Creating ParaFaFT...
Creating ParaFaFT...
Creating ParaFaFT...
Creating ParaFaFT...
Creating ParaFaFT...
Creating ParaFaFT...
Creating ParaFaFT...
Creating ParaFaFT...
Creating ParaFaFT...
Creating ParaFaFT...
Creating ParaFaFT...
Creating ParaFaFT...
Creating ParaFaFT...
Creating ParaFaFT...
Creating ParaFaFT...
Creating ParaFaFT...
Creating ParaFaFT...
Creating ParaFaFT...
Creating ParaFaFT...
Creating ParaFaFT...
Creating ParaFaFT...
Creating ParaFaFT...
Creating ParaFaFT...
Creating ParaFaFT...
Creating ParaFaFT...
Creating ParaFaFT...
Creating ParaFaFT...
Creating ParaFaFT...
Creating ParaFaFT...
Creating ParaFaFT...
Creating ParaFaFT...
Creating ParaFaFT...
Creating ParaFaFT...
Creating ParaFaFT...
Creating ParaFaFT...
Creating ParaFaFT...
Creating ParaFaFT...
Creating ParaFaFT...
Creating ParaFaFT...
Creating ParaFaFT...
Creating ParaFaFT...
Creating ParaFaFT...
Creating ParaFaFT...
Creating ParaFaFT...
Creating ParaFaFT...
Creating ParaFaFT...
Creating ParaFaFT...
Creating ParaFaFT...
Creating ParaFaFT...
Creating ParaFaFT...
Creating ParaFaFT...
Creating ParaFaFT...
Creating ParaFaFT...
Creating ParaFaFT...
Creating ParaFaFT...
Creating ParaFaFT...
Creating ParaFaFT...
Creating ParaFaFT...
Creating ParaFaFT...
Creating ParaFaFT...
Creating ParaFaFT...
Creating ParaFaFT...
Creating ParaFaFT...
Creating ParaFaFT...
Creating ParaFaFT...
Creating ParaFaFT...
Creating ParaFaFT...
Creating ParaFaFT...
Creating ParaFaFT...
Creating ParaFaFT...
Creating ParaFaFT...
Creating ParaFaFT...
Creating ParaFaFT...
Creating ParaFaFT...
Creating ParaFaFT...
Creating ParaFaFT...
Creating ParaFaFT...
Creating ParaFaFT...
Creating ParaFaFT...
Creating ParaFaFT...
Creating ParaFaFT...
Creating ParaFaFT...
Creating ParaFaFT...
Creating ParaFaFT...
Creating ParaFaFT...
Creating ParaFaFT...
Creating ParaFaFT...
Creating ParaFaFT...
Creating ParaFaFT...
Creating ParaFaFT...
Creating ParaFaFT...
Creating ParaFaFT...
Creating ParaFaFT...
Creating ParaFaFT...
Creating ParaFaFT...
Creating ParaFaFT...
Creating ParaFaFT...
Creating ParaFaFT...
Creating ParaFaFT...
Creating ParaFaFT...
Creating ParaFaFT...
Creating ParaFaFT...
Creating ParaFaFT...
Creating ParaFaFT...
Creating ParaFaFT...
Creating ParaFaFT...
Creating ParaFaFT...
Creating ParaFaFT...
Creating ParaFaFT...
Creating ParaFaFT...
Creating ParaFaFT...
Creating ParaFaFT...
Creating ParaFaFT...
Creating ParaFaFT...
Creating ParaFaFT...
Creating ParaFaFT...
Creating ParaFaFT...
Creating ParaFaFT...
Creating ParaFaFT...
Creating ParaFaFT...
Creating ParaFaFT...
Creating ParaFaFT...
Creating ParaFaFT...
Creating ParaFaFT...
Creating ParaFaFT...
Creating ParaFaFT...
Creating ParaFaFT...
Creating ParaFaFT...
Creating ParaFaFT...
Creating ParaFaFT...
Creating ParaFaFT...
Creating ParaFaFT...
Creating ParaFaFT...
Creating ParaFaFT...
Creating ParaFaFT...
Creating ParaFaFT...
Creating ParaFaFT...
Creating ParaFaFT...
Creating ParaFaFT...
Creating ParaFaFT...
Creating ParaFaFT...
Creating ParaFaFT...
Creating ParaFaFT...
Creating ParaFaFT...
Creating ParaFaFT...
Creating ParaFaFT...
Creating ParaFaFT...
Creating ParaFaFT...
Creating ParaFaFT...
Creating ParaFaFT...
Creating ParaFaFT...
Creating ParaFaFT...
Creating ParaFaFT...
Creating ParaFaFT...
Creating ParaFaFT...
Creating ParaFaFT...
Creating ParaFaFT...
Creating ParaFaFT...
Creating ParaFaFT...
Creating ParaFaFT...
Creating ParaFaFT...
Creating ParaFaFT...
Creating ParaFaFT...
Creating ParaFaFT...
Creating ParaFaFT...
Creating ParaFaFT...
Creating ParaFaFT...
Creating ParaFaFT...
Creating ParaFaFT...
Creating ParaFaFT...
Creating ParaFaFT...
Creating ParaFaFT...
Creating ParaFaFT...
Creating ParaFaFT...
Creating ParaFaFT...
Creating ParaFaFT...
Creating ParaFaFT...
Creating ParaFaFT...
Creating ParaFaFT...
Creating ParaFaFT...
Creating ParaFaFT...
Creating ParaFaFT...
Creating ParaFaFT...
Creating ParaFaFT...
Creating ParaFaFT...
Creating ParaFaFT...
Creating ParaFaFT...
Creating ParaFaFT...
Creating ParaFaFT...
Creating ParaFaFT...
Creating ParaFaFT...
Creating ParaFaFT...
Creating ParaFaFT...
Creating ParaFaFT...
Creating ParaFaFT...
Creating ParaFaFT...
Creating ParaFaFT...
Creating ParaFaFT...
Creating ParaFaFT...
Creating ParaFaFT...
Creating ParaFaFT...
Creating ParaFaFT...
Creating ParaFaFT...
Creating ParaFaFT...
Creating ParaFaFT...
Creating ParaFaFT...
Creating ParaFaFT...
Creating ParaFaFT...
Creating ParaFaFT...
Creating ParaFaFT...
Creating ParaFaFT...
Creating ParaFaFT...
Creating ParaFaFT...
Creating ParaFaFT...
Creating ParaFaFT...
Creating ParaFaFT...
Creating ParaFaFT...
Creating ParaFaFT...
Creating ParaFaFT...
Creating ParaFaFT...
Creating ParaFaFT...
Creating ParaFaFT...
Creating ParaFaFT...
Creating ParaFaFT...
Creating ParaFaFT...
Creating ParaFaFT...
Creating ParaFaFT...
Creating ParaFaFT...
Creating ParaFaFT...
Creating ParaFaFT...
Creating ParaFaFT...
Creating ParaFaFT...
Creating ParaFaFT...
Creating ParaFaFT...
Creating ParaFaFT...
Creating ParaFaFT...
Creating ParaFaFT...
Creating ParaFaFT...
Creating ParaFaFT...
Creating ParaFaFT...
Creating ParaFaFT...
Creating ParaFaFT...
Creating ParaFaFT...
Creating ParaFaFT...
Creating ParaFaFT...
Creating ParaFaFT...
Creating ParaFaFT...
Creating ParaFaFT...
Creating ParaFaFT...
Creating ParaFaFT...
Creating ParaFaFT...
Creating ParaFaFT...
Creating ParaFaFT...
Creating ParaFaFT...
Creating ParaFaFT...
Creating ParaFaFT...
Creating ParaFaFT...
Creating ParaFaFT...
Creating ParaFaFT...
Creating ParaFaFT...
Creating ParaFaFT...
Creating ParaFaFT...
Creating ParaFaFT...
Creating ParaFaFT...
Creating ParaFaFT...
Creating ParaFaFT...
Creating ParaFaFT...
Creating ParaFaFT...
Creating ParaFaFT...
Creating ParaFaFT...
Creating ParaFaFT...
Creating ParaFaFT...
Creating ParaFaFT...
Creating ParaFaFT...
Creating ParaFaFT...
Creating ParaFaFT...
Creating ParaFaFT...
Creating ParaFaFT...
Creating ParaFaFT...
Creating ParaFaFT...
Creating ParaFaFT...
Creating ParaFaFT...
Creating ParaFaFT...
Creating ParaFaFT...
Creating ParaFaFT...
Creating ParaFaFT...
Creating ParaFaFT...
Creating ParaFaFT...
Creating ParaFaFT...
Creating ParaFaFT...
Creating ParaFaFT...
Creating ParaFaFT...
Creating ParaFaFT...
Creating ParaFaFT...
Creating ParaFaFT...
Creating ParaFaFT...
Creating ParaFaFT...
Creating ParaFaFT...
Creating ParaFaFT...
Creating ParaFaFT...
Creating ParaFaFT...
Creating ParaFaFT...
Creating ParaFaFT...
Creating ParaFaFT...
Creating ParaFaFT...
Creating ParaFaFT...
Creating ParaFaFT...
Creating ParaFaFT...
Creating ParaFaFT...
Creating ParaFaFT...
Creating ParaFaFT...
Creating ParaFaFT...
Creating ParaFaFT...
Creating ParaFaFT...
Creating ParaFaFT...
Creating ParaFaFT...
Creating ParaFaFT...
Creating ParaFaFT...
Creating ParaFaFT...
Creating ParaFaFT...
Creating ParaFaFT...
Creating ParaFaFT...
Creating ParaFaFT...
Creating ParaFaFT...
Creating ParaFaFT...
Creating ParaFaFT...
Creating ParaFaFT...
Creating ParaFaFT...
Creating ParaFaFT...
Creating ParaFaFT...
Creating ParaFaFT...
Creating ParaFaFT...
Creating ParaFaFT...
Creating ParaFaFT...
Creating ParaFaFT...
Creating ParaFaFT...
Creating ParaFaFT...
Creating ParaFaFT...
Creating ParaFaFT...
Creating ParaFaFT...
Creating ParaFaFT...
Creating ParaFaFT...
Creating ParaFaFT...
Creating ParaFaFT...
Creating ParaFaFT...
Creating ParaFaFT...
Creating ParaFaFT...
Creating ParaFaFT...
Creating ParaFaFT...
Creating ParaFaFT...
Creating ParaFaFT...
Creating ParaFaFT...
Creating ParaFaFT...
Creating ParaFaFT...
Creating ParaFaFT...
Creating ParaFaFT...
Creating ParaFaFT...
Creating ParaFaFT...
Creating ParaFaFT...
Creating ParaFaFT...
Creating ParaFaFT...
Creating ParaFaFT...
Creating ParaFaFT...
Creating ParaFaFT...
Creating ParaFaFT...
Creating ParaFaFT...
Creating ParaFaFT...
Creating ParaFaFT...
Creating ParaFaFT...
Creating ParaFaFT...
Creating ParaFaFT...
Creating ParaFaFT...
Creating ParaFaFT...
Creating ParaFaFT...
Creating ParaFaFT...
Creating ParaFaFT...
Creating ParaFaFT...
Creating ParaFaFT...
Creating ParaFaFT...
Creating ParaFaFT...
Creating ParaFaFT...
Creating ParaFaFT...
Creating ParaFaFT...
Creating ParaFaFT...
Creating ParaFaFT...
Creating ParaFaFT...
Creating ParaFaFT...
Creating ParaFaFT...
Creating ParaFaFT...
Creating ParaFaFT...
Creating ParaFaFT...
Creating ParaFaFT...
Creating ParaFaFT...
Creating ParaFaFT...
Creating ParaFaFT...
Creating ParaFaFT...
Creating ParaFaFT...
Creating ParaFaFT...
Creating ParaFaFT...
Creating ParaFaFT...
Creating ParaFaFT...
Creating ParaFaFT...
Creating ParaFaFT...
Filling data...
Filling data...
Filling data...
Filling data...
Filling data...
Filling data...
Filling data...
Filling data...
Filling data...
Filling data...
Filling data...
Filling data...
Filling data...
Filling data...
Filling data...
Filling data...
Filling data...
Filling data...
Filling data...
Filling data...
Filling data...
Filling data...
Filling data...
Filling data...
Filling data...
Filling data...
Filling data...
Filling data...
Filling data...
Filling data...
Filling data...
Filling data...
Filling data...
Filling data...
Filling data...
Filling data...
Filling data...
Filling data...
Filling data...
Filling data...
Filling data...
Filling data...
Filling data...
Filling data...
Filling data...
Filling data...
Filling data...
Filling data...
Filling data...
Filling data...
Filling data...
Filling data...
Filling data...
Filling data...
Filling data...
Filling data...
Filling data...
Filling data...
Filling data...
Filling data...
Filling data...
Filling data...
Filling data...
Filling data...
Filling data...
Filling data...
Filling data...
Filling data...
Filling data...
Filling data...
Filling data...
Filling data...
Filling data...
Filling data...
Filling data...
Filling data...
Filling data...
Filling data...
Filling data...
Filling data...
Filling data...
Filling data...
Filling data...
Filling data...
Filling data...
Filling data...
Filling data...
Filling data...
Filling data...
Filling data...
Filling data...
Filling data...
Filling data...
Filling data...
Filling data...
Filling data...
Filling data...
Filling data...
Filling data...
Filling data...
Filling data...
Filling data...
Filling data...
Filling data...
Filling data...
Filling data...
Filling data...
Filling data...
Filling data...
Filling data...
Filling data...
Filling data...
Filling data...
Filling data...
Filling data...
Filling data...
Filling data...
Filling data...
Filling data...
Filling data...
Filling data...
Filling data...
Filling data...
Filling data...
Filling data...
Filling data...
Filling data...
Filling data...
Filling data...
Filling data...
Filling data...
Filling data...
Filling data...
Filling data...
Filling data...
Filling data...
Filling data...
Filling data...
Filling data...
Filling data...
Filling data...
Filling data...
Filling data...
Filling data...
Filling data...
Filling data...
Filling data...
Filling data...
Filling data...
Filling data...
Filling data...
Filling data...
Filling data...
Filling data...
Filling data...
Filling data...
Filling data...
Filling data...
Filling data...
Filling data...
Filling data...
Filling data...
Filling data...
Filling data...
Filling data...
Filling data...
Filling data...
Filling data...
Filling data...
Filling data...
Filling data...
Filling data...
Filling data...
Filling data...
Filling data...
Filling data...
Filling data...
Filling data...
Filling data...
Filling data...
Filling data...
Filling data...
Filling data...
Filling data...
Filling data...
Filling data...
Filling data...
Filling data...
Filling data...
Filling data...
Filling data...
Filling data...
Filling data...
Filling data...
Filling data...
Filling data...
Filling data...
Filling data...
Filling data...
Filling data...
Filling data...
Filling data...
Filling data...
Filling data...
Filling data...
Filling data...
Filling data...
Filling data...
Filling data...
Filling data...
Filling data...
Filling data...
Filling data...
Filling data...
Filling data...
Filling data...
Filling data...
Filling data...
Filling data...
Filling data...
Filling data...
Filling data...
Filling data...
Filling data...
Filling data...
Filling data...
Filling data...
Filling data...
Filling data...
Filling data...
Filling data...
Filling data...
Filling data...
Filling data...
Filling data...
Filling data...
Filling data...
Filling data...
Filling data...
Filling data...
Filling data...
Filling data...
Filling data...
Filling data...
Filling data...
Filling data...
Filling data...
Filling data...
Filling data...
Filling data...
Filling data...
Filling data...
Filling data...
Filling data...
Filling data...
Filling data...
Filling data...
Filling data...
Filling data...
Filling data...
Filling data...
Filling data...
Filling data...
Filling data...
Filling data...
Filling data...
Filling data...
Filling data...
Filling data...
Filling data...
Filling data...
Filling data...
Filling data...
Filling data...
Filling data...
Filling data...
Filling data...
Filling data...
Filling data...
Filling data...
Filling data...
Filling data...
Filling data...
Filling data...
Filling data...
Filling data...
Filling data...
Filling data...
Filling data...
Filling data...
Filling data...
Filling data...
Filling data...
Filling data...
Filling data...
Filling data...
Filling data...
Filling data...
Filling data...
Filling data...
Filling data...
Filling data...
Filling data...
Filling data...
Filling data...
Filling data...
Filling data...
Filling data...
Filling data...
Filling data...
Filling data...
Filling data...
Filling data...
Filling data...
Filling data...
Filling data...
Filling data...
Filling data...
Filling data...
Filling data...
Filling data...
Filling data...
Filling data...
Filling data...
Filling data...
Filling data...
Filling data...
Filling data...
Filling data...
Filling data...
Filling data...
Filling data...
Filling data...
Filling data...
Filling data...
Filling data...
Filling data...
Filling data...
Filling data...
Filling data...
Filling data...
Filling data...
Filling data...
Filling data...
Filling data...
Filling data...
Filling data...
Filling data...
Filling data...
Filling data...
Filling data...
Filling data...
Filling data...
Filling data...
Filling data...
Filling data...
Filling data...
Filling data...
Filling data...
Filling data...
Filling data...
Filling data...
Filling data...
Filling data...
Filling data...
Filling data...
Filling data...
Filling data...
Filling data...
Filling data...
Filling data...
Filling data...
Filling data...
Filling data...
Filling data...
Filling data...
Filling data...
Filling data...
Filling data...
Filling data...
Filling data...
Filling data...
Filling data...
Filling data...
Filling data...
Filling data...
Filling data...
Filling data...
Filling data...
Filling data...
Filling data...
Filling data...
Filling data...
Filling data...
Filling data...
Filling data...
Filling data...
Filling data...
Filling data...
Filling data...
Filling data...
Filling data...
Filling data...
Filling data...
Filling data...
Filling data...
Filling data...
Filling data...
Filling data...
Filling data...
Filling data...
Filling data...
Filling data...
Filling data...
Filling data...
Filling data...
Filling data...
Filling data...
Filling data...
Filling data...
Filling data...
Filling data...
Filling data...
Filling data...
Filling data...
Filling data...
Filling data...
Filling data...
Filling data...
Filling data...
Filling data...
Filling data...
Filling data...
Filling data...
Filling data...
Filling data...
Filling data...
Filling data...
Filling data...
Filling data...
Filling data...
Filling data...
Filling data...
Filling data...
Filling data...
Filling data...
Filling data...
Filling data...
Filling data...
Filling data...
Filling data...
Filling data...
Filling data...
Filling data...
Filling data...
Filling data...
Filling data...
Filling data...
Filling data...
Filling data...
Filling data...
Filling data...
Filling data...
Filling data...
Filling data...
Filling data...
Filling data...
Filling data...
Filling data...
Filling data...
Filling data...
Filling data...
Filling data...
Filling data...
Filling data...
Filling data...
Filling data...
Filling data...
Filling data...
Filling data...
Filling data...
Filling data...
Filling data...
Filling data...
Filling data...
Filling data...
Filling data...
Filling data...
Filling data...
Filling data...
Filling data...
Filling data...
Filling data...
Filling data...
Filling data...
Filling data...
Filling data...
Filling data...
Filling data...
Filling data...
Filling data...
Filling data...
Filling data...
Filling data...
Filling data...
Filling data...
Filling data...
Filling data...
Filling data...
Filling data...
Filling data...
Filling data...
Filling data...
Filling data...
Filling data...
Filling data...
Filling data...
Filling data...
Filling data...
Filling data...
Filling data...
Filling data...
Filling data...
Filling data...
Filling data...
Filling data...
Filling data...
Filling data...
Filling data...
Filling data...
Filling data...
Filling data...
Filling data...
Filling data...
Filling data...
Filling data...
Filling data...
Filling data...
Filling data...
Filling data...
Filling data...
Filling data...
Filling data...
Filling data...
Filling data...
Filling data...
Filling data...
Filling data...
Filling data...
Filling data...
Filling data...
Filling data...
Filling data...
Filling data...
Filling data...
Filling data...
Filling data...
Filling data...
Filling data...
Filling data...
Filling data...
Filling data...
Filling data...
Filling data...
Filling data...
Filling data...
Filling data...
Filling data...
Filling data...
Filling data...
Filling data...
Filling data...
Filling data...
Filling data...
Filling data...
Filling data...
Filling data...
Filling data...
Filling data...
Filling data...
Filling data...
Filling data...
Filling data...
Filling data...
Filling data...
Filling data...
Filling data...
Filling data...
Filling data...
Filling data...
Filling data...
Filling data...
Filling data...
Filling data...
Filling data...
Filling data...
Filling data...
Filling data...
Filling data...
Filling data...
Filling data...
Filling data...
Filling data...
Filling data...
Filling data...
Filling data...
Filling data...
Filling data...
Filling data...
Filling data...
Filling data...
Filling data...
Filling data...
Filling data...
Filling data...
Filling data...
Filling data...
Filling data...
Filling data...
Filling data...
Filling data...
Filling data...
Filling data...
Filling data...
Filling data...
Filling data...
Filling data...
Filling data...
Filling data...
Filling data...
Filling data...
Filling data...
Filling data...
Filling data...
Filling data...
Filling data...
Filling data...
Filling data...
Filling data...
Filling data...
Filling data...
Filling data...
Filling data...
Filling data...
Filling data...
Filling data...
Filling data...
Filling data...
Filling data...
Filling data...
Filling data...
Filling data...
Filling data...
Filling data...
Filling data...
Filling data...
Filling data...
Filling data...
Filling data...
Filling data...
Filling data...
Filling data...
Filling data...
Filling data...
Filling data...
Filling data...
Filling data...
Filling data...
Filling data...
Filling data...
Filling data...
Filling data...
Filling data...
Filling data...
Filling data...
Filling data...
Filling data...
Filling data...
Filling data...
Filling data...
Filling data...
Filling data...
Filling data...
Filling data...
Filling data...
Filling data...
Filling data...
Filling data...
Filling data...
Filling data...
Filling data...
Filling data...
Filling data...
Filling data...
Filling data...
Filling data...
Filling data...
Filling data...
Filling data...
Filling data...
Filling data...
Filling data...
Filling data...
Filling data...
Filling data...
Filling data...
Filling data...
Filling data...
Filling data...
Filling data...
Filling data...
Filling data...
Filling data...
Filling data...
Filling data...
Filling data...
Filling data...
Filling data...
Filling data...
Filling data...
Filling data...
Filling data...
Filling data...
Filling data...
Filling data...
Filling data...
Filling data...
Filling data...
Filling data...
Filling data...
Filling data...
Filling data...
Filling data...
Filling data...
Filling data...
Filling data...
Filling data...
Filling data...
Filling data...
Filling data...
Filling data...
Filling data...
Filling data...
Filling data...
Filling data...
Filling data...
Filling data...
Filling data...
Filling data...
Filling data...
Filling data...
Filling data...
Filling data...
Filling data...
Filling data...
Filling data...
Filling data...
Filling data...
Filling data...
Filling data...
Filling data...
Filling data...
Filling data...
Filling data...
Filling data...
Filling data...
Filling data...
Filling data...
Filling data...
Filling data...
Filling data...
Filling data...
Filling data...
Filling data...
Filling data...
Filling data...
Filling data...
Filling data...
Filling data...
Filling data...
Filling data...
Filling data...
Filling data...
Filling data...
Filling data...
Filling data...
Filling data...
Filling data...
Filling data...
Filling data...
Filling data...
Filling data...
Filling data...
Filling data...
Filling data...
Filling data...
Filling data...
Filling data...
Filling data...
Filling data...
Filling data...
Filling data...
Filling data...
Filling data...
Filling data...
Filling data...
Filling data...
Filling data...
Filling data...
Filling data...
Filling data...
Filling data...
Filling data...
Filling data...
Filling data...
Filling data...
Filling data...
Filling data...
Filling data...
Filling data...
Filling data...
Filling data...
Filling data...
Filling data...
Filling data...
Filling data...
Filling data...
Filling data...
Filling data...
Filling data...
Filling data...
Filling data...
Filling data...
Filling data...
Filling data...
Filling data...
Filling data...
Filling data...
Filling data...
Filling data...
Filling data...
Filling data...
Filling data...
Filling data...
Filling data...
Filling data...
Filling data...
Filling data...
Filling data...
Filling data...
Filling data...
Filling data...
Filling data...
Filling data...
Filling data...
Filling data...
Filling data...
Filling data...
Filling data...
Filling data...
Filling data...
Filling data...
Filling data...
Filling data...
Filling data...
Filling data...
Filling data...
Filling data...
Filling data...
Filling data...
Filling data...
Filling data...
Filling data...
Filling data...
Filling data...
Filling data...
Filling data...
Filling data...
Filling data...
Filling data...
Filling data...
Filling data...
Filling data...
Filling data...
Filling data...
Filling data...
Filling data...
Filling data...
Filling data...
Filling data...
Filling data...
Filling data...
Filling data...
Filling data...
Filling data...
Filling data...
Filling data...
Filling data...
Filling data...
Filling data...
Filling data...
Filling data...
Filling data...
Filling data...
Filling data...
Filling data...
Filling data...
Filling data...
Filling data...
Filling data...
Filling data...
Filling data...
Filling data...
Filling data...
Filling data...
Filling data...
Filling data...
Filling data...
Filling data...
Filling data...
Filling data...
Filling data...
Filling data...
Filling data...
Filling data...
Filling data...
Filling data...
Filling data...
Filling data...
Filling data...
Filling data...
Filling data...
Filling data...
Filling data...
Filling data...
Filling data...
Filling data...
Filling data...
Filling data...
Filling data...
Filling data...
Filling data...
Filling data...
Filling data...
Filling data...
Filling data...
Filling data...
Filling data...
Filling data...
Filling data...
Filling data...
Filling data...
Filling data...
Filling data...
Filling data...
Filling data...
Filling data...
Filling data...
Filling data...
Filling data...
Filling data...
Filling data...
Filling data...
Filling data...
Filling data...
Filling data...
Filling data...
Filling data...
Filling data...
Filling data...
Filling data...
Filling data...
Filling data...
Filling data...
Filling data...
Filling data...
Filling data...
Filling data...
Filling data...
Filling data...
Filling data...
Filling data...
Filling data...
Filling data...
Filling data...
Filling data...
Filling data...
Filling data...
Filling data...
Filling data...
Filling data...
Filling data...
Filling data...
Filling data...
Filling data...
Filling data...
Filling data...
Filling data...
Filling data...
Filling data...
Filling data...
Filling data...
Filling data...
Filling data...
Filling data...
Filling data...
Filling data...
Filling data...
Filling data...
Filling data...
Filling data...
Filling data...
Filling data...
Filling data...
Filling data...
Filling data...
Filling data...
Filling data...
Filling data...
Filling data...
Filling data...
Filling data...
Filling data...
Filling data...
Doing warmup FFTs ...
Doing warmup FFTs ...
Doing warmup FFTs ...
Doing warmup FFTs ...
Doing warmup FFTs ...
Doing warmup FFTs ...
Doing warmup FFTs ...
Doing warmup FFTs ...
Doing warmup FFTs ...
Doing warmup FFTs ...
Doing warmup FFTs ...
Doing warmup FFTs ...
Doing warmup FFTs ...
Doing warmup FFTs ...
Doing warmup FFTs ...
Doing warmup FFTs ...
Doing warmup FFTs ...
Doing warmup FFTs ...
Doing warmup FFTs ...
Doing warmup FFTs ...
Doing warmup FFTs ...
Doing warmup FFTs ...
Doing warmup FFTs ...
Doing warmup FFTs ...
Doing warmup FFTs ...
Doing warmup FFTs ...
Doing warmup FFTs ...
Doing warmup FFTs ...
Doing warmup FFTs ...
Doing warmup FFTs ...
Doing warmup FFTs ...
Doing warmup FFTs ...
Doing warmup FFTs ...
Doing warmup FFTs ...
Doing warmup FFTs ...
Doing warmup FFTs ...
Doing warmup FFTs ...
Doing warmup FFTs ...
Doing warmup FFTs ...
Doing warmup FFTs ...
Doing warmup FFTs ...
Doing warmup FFTs ...
Doing warmup FFTs ...
Doing warmup FFTs ...
Doing warmup FFTs ...
Doing warmup FFTs ...
Doing warmup FFTs ...
Doing warmup FFTs ...
Doing warmup FFTs ...
Doing warmup FFTs ...
Doing warmup FFTs ...
Doing warmup FFTs ...
Doing warmup FFTs ...
Doing warmup FFTs ...
Doing warmup FFTs ...
Doing warmup FFTs ...
Doing warmup FFTs ...
Doing warmup FFTs ...
Doing warmup FFTs ...
Doing warmup FFTs ...
Doing warmup FFTs ...
Doing warmup FFTs ...
Doing warmup FFTs ...
Doing warmup FFTs ...
Doing warmup FFTs ...
Doing warmup FFTs ...
Doing warmup FFTs ...
Doing warmup FFTs ...
Doing warmup FFTs ...
Doing warmup FFTs ...
Doing warmup FFTs ...
Doing warmup FFTs ...
Doing warmup FFTs ...
Doing warmup FFTs ...
Doing warmup FFTs ...
Doing warmup FFTs ...
Doing warmup FFTs ...
Doing warmup FFTs ...
Doing warmup FFTs ...
Doing warmup FFTs ...
Doing warmup FFTs ...
Doing warmup FFTs ...
Doing warmup FFTs ...
Doing warmup FFTs ...
Doing warmup FFTs ...
Doing warmup FFTs ...
Doing warmup FFTs ...
Doing warmup FFTs ...
Doing warmup FFTs ...
Doing warmup FFTs ...
Doing warmup FFTs ...
Doing warmup FFTs ...
Doing warmup FFTs ...
Doing warmup FFTs ...
Doing warmup FFTs ...
Doing warmup FFTs ...
Doing warmup FFTs ...
Doing warmup FFTs ...
Doing warmup FFTs ...
Doing warmup FFTs ...
Doing warmup FFTs ...
Doing warmup FFTs ...
Doing warmup FFTs ...
Doing warmup FFTs ...
Doing warmup FFTs ...
Doing warmup FFTs ...
Doing warmup FFTs ...
Doing warmup FFTs ...
Doing warmup FFTs ...
Doing warmup FFTs ...
Doing warmup FFTs ...
Doing warmup FFTs ...
Doing warmup FFTs ...
Doing warmup FFTs ...
Doing warmup FFTs ...
Doing warmup FFTs ...
Doing warmup FFTs ...
Doing warmup FFTs ...
Doing warmup FFTs ...
Doing warmup FFTs ...
Doing warmup FFTs ...
Doing warmup FFTs ...
Doing warmup FFTs ...
Doing warmup FFTs ...
Doing warmup FFTs ...
Doing warmup FFTs ...
Doing warmup FFTs ...
Doing warmup FFTs ...
Doing warmup FFTs ...
Doing warmup FFTs ...
Doing warmup FFTs ...
Doing warmup FFTs ...
Doing warmup FFTs ...
Doing warmup FFTs ...
Doing warmup FFTs ...
Doing warmup FFTs ...
Doing warmup FFTs ...
Doing warmup FFTs ...
Doing warmup FFTs ...
Doing warmup FFTs ...
Doing warmup FFTs ...
Doing warmup FFTs ...
Doing warmup FFTs ...
Doing warmup FFTs ...
Doing warmup FFTs ...
Doing warmup FFTs ...
Doing warmup FFTs ...
Doing warmup FFTs ...
Doing warmup FFTs ...
Doing warmup FFTs ...
Doing warmup FFTs ...
Doing warmup FFTs ...
Doing warmup FFTs ...
Doing warmup FFTs ...
Doing warmup FFTs ...
Doing warmup FFTs ...
Doing warmup FFTs ...
Doing warmup FFTs ...
Doing warmup FFTs ...
Doing warmup FFTs ...
Doing warmup FFTs ...
Doing warmup FFTs ...
Doing warmup FFTs ...
Doing warmup FFTs ...
Doing warmup FFTs ...
Doing warmup FFTs ...
Doing warmup FFTs ...
Doing warmup FFTs ...
Doing warmup FFTs ...
Doing warmup FFTs ...
Doing warmup FFTs ...
Doing warmup FFTs ...
Doing warmup FFTs ...
Doing warmup FFTs ...
Doing warmup FFTs ...
Doing warmup FFTs ...
Doing warmup FFTs ...
Doing warmup FFTs ...
Doing warmup FFTs ...
Doing warmup FFTs ...
Doing warmup FFTs ...
Doing warmup FFTs ...
Doing warmup FFTs ...
Doing warmup FFTs ...
Doing warmup FFTs ...
Doing warmup FFTs ...
Doing warmup FFTs ...
Doing warmup FFTs ...
Doing warmup FFTs ...
Doing warmup FFTs ...
Doing warmup FFTs ...
Doing warmup FFTs ...
Doing warmup FFTs ...
Doing warmup FFTs ...
Doing warmup FFTs ...
Doing warmup FFTs ...
Doing warmup FFTs ...
Doing warmup FFTs ...
Doing warmup FFTs ...
Doing warmup FFTs ...
Doing warmup FFTs ...
Doing warmup FFTs ...
Doing warmup FFTs ...
Doing warmup FFTs ...
Doing warmup FFTs ...
Doing warmup FFTs ...
Doing warmup FFTs ...
Doing warmup FFTs ...
Doing warmup FFTs ...
Doing warmup FFTs ...
Doing warmup FFTs ...
Doing warmup FFTs ...
Doing warmup FFTs ...
Doing warmup FFTs ...
Doing warmup FFTs ...
Doing warmup FFTs ...
Doing warmup FFTs ...
Doing warmup FFTs ...
Doing warmup FFTs ...
Doing warmup FFTs ...
Doing warmup FFTs ...
Doing warmup FFTs ...
Doing warmup FFTs ...
Doing warmup FFTs ...
Doing warmup FFTs ...
Doing warmup FFTs ...
Doing warmup FFTs ...
Doing warmup FFTs ...
Doing warmup FFTs ...
Doing warmup FFTs ...
Doing warmup FFTs ...
Doing warmup FFTs ...
Doing warmup FFTs ...
Doing warmup FFTs ...
Doing warmup FFTs ...
Doing warmup FFTs ...
Doing warmup FFTs ...
Doing warmup FFTs ...
Doing warmup FFTs ...
Doing warmup FFTs ...
Doing warmup FFTs ...
Doing warmup FFTs ...
Doing warmup FFTs ...
Doing warmup FFTs ...
Doing warmup FFTs ...
Doing warmup FFTs ...
Doing warmup FFTs ...
Doing warmup FFTs ...
Doing warmup FFTs ...
Doing warmup FFTs ...
Doing warmup FFTs ...
Doing warmup FFTs ...
Doing warmup FFTs ...
Doing warmup FFTs ...
Doing warmup FFTs ...
Doing warmup FFTs ...
Doing warmup FFTs ...
Doing warmup FFTs ...
Doing warmup FFTs ...
Doing warmup FFTs ...
Doing warmup FFTs ...
Doing warmup FFTs ...
Doing warmup FFTs ...
Doing warmup FFTs ...
Doing warmup FFTs ...
Doing warmup FFTs ...
Doing warmup FFTs ...
Doing warmup FFTs ...
Doing warmup FFTs ...
Doing warmup FFTs ...
Doing warmup FFTs ...
Doing warmup FFTs ...
Doing warmup FFTs ...
Doing warmup FFTs ...
Doing warmup FFTs ...
Doing warmup FFTs ...
Doing warmup FFTs ...
Doing warmup FFTs ...
Doing warmup FFTs ...
Doing warmup FFTs ...
Doing warmup FFTs ...
Doing warmup FFTs ...
Doing warmup FFTs ...
Doing warmup FFTs ...
Doing warmup FFTs ...
Doing warmup FFTs ...
Doing warmup FFTs ...
Doing warmup FFTs ...
Doing warmup FFTs ...
Doing warmup FFTs ...
Doing warmup FFTs ...
Doing warmup FFTs ...
Doing warmup FFTs ...
Doing warmup FFTs ...
Doing warmup FFTs ...
Doing warmup FFTs ...
Doing warmup FFTs ...
Doing warmup FFTs ...
Doing warmup FFTs ...
Doing warmup FFTs ...
Doing warmup FFTs ...
Doing warmup FFTs ...
Doing warmup FFTs ...
Doing warmup FFTs ...
Doing warmup FFTs ...
Doing warmup FFTs ...
Doing warmup FFTs ...
Doing warmup FFTs ...
Doing warmup FFTs ...
Doing warmup FFTs ...
Doing warmup FFTs ...
Doing warmup FFTs ...
Doing warmup FFTs ...
Doing warmup FFTs ...
Doing warmup FFTs ...
Doing warmup FFTs ...
Doing warmup FFTs ...
Doing warmup FFTs ...
Doing warmup FFTs ...
Doing warmup FFTs ...
Doing warmup FFTs ...
Doing warmup FFTs ...
Doing warmup FFTs ...
Doing warmup FFTs ...
Doing warmup FFTs ...
Doing warmup FFTs ...
Doing warmup FFTs ...
Doing warmup FFTs ...
Doing warmup FFTs ...
Doing warmup FFTs ...
Doing warmup FFTs ...
Doing warmup FFTs ...
Doing warmup FFTs ...
Doing warmup FFTs ...
Doing warmup FFTs ...
Doing warmup FFTs ...
Doing warmup FFTs ...
Doing warmup FFTs ...
Doing warmup FFTs ...
Doing warmup FFTs ...
Doing warmup FFTs ...
Doing warmup FFTs ...
Doing warmup FFTs ...
Doing warmup FFTs ...
Doing warmup FFTs ...
Doing warmup FFTs ...
Doing warmup FFTs ...
Doing warmup FFTs ...
Doing warmup FFTs ...
Doing warmup FFTs ...
Doing warmup FFTs ...
Doing warmup FFTs ...
Doing warmup FFTs ...
Doing warmup FFTs ...
Doing warmup FFTs ...
Doing warmup FFTs ...
Doing warmup FFTs ...
Doing warmup FFTs ...
Doing warmup FFTs ...
Doing warmup FFTs ...
Doing warmup FFTs ...
Doing warmup FFTs ...
Doing warmup FFTs ...
Doing warmup FFTs ...
Doing warmup FFTs ...
Doing warmup FFTs ...
Doing warmup FFTs ...
Doing warmup FFTs ...
Doing warmup FFTs ...
Doing warmup FFTs ...
Doing warmup FFTs ...
Doing warmup FFTs ...
Doing warmup FFTs ...
Doing warmup FFTs ...
Doing warmup FFTs ...
Doing warmup FFTs ...
Doing warmup FFTs ...
Doing warmup FFTs ...
Doing warmup FFTs ...
Doing warmup FFTs ...
Doing warmup FFTs ...
Doing warmup FFTs ...
Doing warmup FFTs ...
Doing warmup FFTs ...
Doing warmup FFTs ...
Doing warmup FFTs ...
Doing warmup FFTs ...
Doing warmup FFTs ...
Doing warmup FFTs ...
Doing warmup FFTs ...
Doing warmup FFTs ...
Doing warmup FFTs ...
Doing warmup FFTs ...
Doing warmup FFTs ...
Doing warmup FFTs ...
Doing warmup FFTs ...
Doing warmup FFTs ...
Doing warmup FFTs ...
Doing warmup FFTs ...
Doing warmup FFTs ...
Doing warmup FFTs ...
Doing warmup FFTs ...
Doing warmup FFTs ...
Doing warmup FFTs ...
Doing warmup FFTs ...
Doing warmup FFTs ...
Doing warmup FFTs ...
Doing warmup FFTs ...
Doing warmup FFTs ...
Doing warmup FFTs ...
Doing warmup FFTs ...
Doing warmup FFTs ...
Doing warmup FFTs ...
Doing warmup FFTs ...
Doing warmup FFTs ...
Doing warmup FFTs ...
Doing warmup FFTs ...
Doing warmup FFTs ...
Doing warmup FFTs ...
Doing warmup FFTs ...
Doing warmup FFTs ...
Doing warmup FFTs ...
Doing warmup FFTs ...
Doing warmup FFTs ...
Doing warmup FFTs ...
Doing warmup FFTs ...
Doing warmup FFTs ...
Doing warmup FFTs ...
Doing warmup FFTs ...
Doing warmup FFTs ...
Doing warmup FFTs ...
Doing warmup FFTs ...
Doing warmup FFTs ...
Doing warmup FFTs ...
Doing warmup FFTs ...
Doing warmup FFTs ...
Doing warmup FFTs ...
Doing warmup FFTs ...
Doing warmup FFTs ...
Doing warmup FFTs ...
Doing warmup FFTs ...
Doing warmup FFTs ...
Doing warmup FFTs ...
Doing warmup FFTs ...
Doing warmup FFTs ...
Doing warmup FFTs ...
Doing warmup FFTs ...
Doing warmup FFTs ...
Doing warmup FFTs ...
Doing warmup FFTs ...
Doing warmup FFTs ...
Doing warmup FFTs ...
Doing warmup FFTs ...
Doing warmup FFTs ...
Doing warmup FFTs ...
Doing warmup FFTs ...
Doing warmup FFTs ...
Doing warmup FFTs ...
Doing warmup FFTs ...
Doing warmup FFTs ...
Doing warmup FFTs ...
Doing warmup FFTs ...
Doing warmup FFTs ...
Doing warmup FFTs ...
Doing warmup FFTs ...
Doing warmup FFTs ...
Doing warmup FFTs ...
Doing warmup FFTs ...
Doing warmup FFTs ...
Doing warmup FFTs ...
Doing warmup FFTs ...
Doing warmup FFTs ...
Doing warmup FFTs ...
Doing warmup FFTs ...
Doing warmup FFTs ...
Doing warmup FFTs ...
Doing warmup FFTs ...
Doing warmup FFTs ...
Doing warmup FFTs ...
Doing warmup FFTs ...
Doing warmup FFTs ...
Doing warmup FFTs ...
Doing warmup FFTs ...
Doing warmup FFTs ...
Doing warmup FFTs ...
Doing warmup FFTs ...
Doing warmup FFTs ...
Doing warmup FFTs ...
Doing warmup FFTs ...
Doing warmup FFTs ...
Doing warmup FFTs ...
Doing warmup FFTs ...
Doing warmup FFTs ...
Doing warmup FFTs ...
Doing warmup FFTs ...
Doing warmup FFTs ...
Doing warmup FFTs ...
Doing warmup FFTs ...
Doing warmup FFTs ...
Doing warmup FFTs ...
Doing warmup FFTs ...
Doing warmup FFTs ...
Doing warmup FFTs ...
Doing warmup FFTs ...
Doing warmup FFTs ...
Doing warmup FFTs ...
Doing warmup FFTs ...
Doing warmup FFTs ...
Doing warmup FFTs ...
Doing warmup FFTs ...
Doing warmup FFTs ...
Doing warmup FFTs ...
Doing warmup FFTs ...
Doing warmup FFTs ...
Doing warmup FFTs ...
Doing warmup FFTs ...
Doing warmup FFTs ...
Doing warmup FFTs ...
Doing warmup FFTs ...
Doing warmup FFTs ...
Doing warmup FFTs ...
Doing warmup FFTs ...
Doing warmup FFTs ...
Doing warmup FFTs ...
Doing warmup FFTs ...
Doing warmup FFTs ...
Doing warmup FFTs ...
Doing warmup FFTs ...
Doing warmup FFTs ...
Doing warmup FFTs ...
Doing warmup FFTs ...
Doing warmup FFTs ...
Doing warmup FFTs ...
Doing warmup FFTs ...
Doing warmup FFTs ...
Doing warmup FFTs ...
Doing warmup FFTs ...
Doing warmup FFTs ...
Doing warmup FFTs ...
Doing warmup FFTs ...
Doing warmup FFTs ...
Doing warmup FFTs ...
Doing warmup FFTs ...
Doing warmup FFTs ...
Doing warmup FFTs ...
Doing warmup FFTs ...
Doing warmup FFTs ...
Doing warmup FFTs ...
Doing warmup FFTs ...
Doing warmup FFTs ...
Doing warmup FFTs ...
Doing warmup FFTs ...
Doing warmup FFTs ...
Doing warmup FFTs ...
Doing warmup FFTs ...
Doing warmup FFTs ...
Doing warmup FFTs ...
Doing warmup FFTs ...
Doing warmup FFTs ...
Doing warmup FFTs ...
Doing warmup FFTs ...
Doing warmup FFTs ...
Doing warmup FFTs ...
Doing warmup FFTs ...
Doing warmup FFTs ...
Doing warmup FFTs ...
Doing warmup FFTs ...
Doing warmup FFTs ...
Doing warmup FFTs ...
Doing warmup FFTs ...
Doing warmup FFTs ...
Doing warmup FFTs ...
Doing warmup FFTs ...
Doing warmup FFTs ...
Doing warmup FFTs ...
Doing warmup FFTs ...
Doing warmup FFTs ...
Doing warmup FFTs ...
Doing warmup FFTs ...
Doing warmup FFTs ...
Doing warmup FFTs ...
Doing warmup FFTs ...
Doing warmup FFTs ...
Doing warmup FFTs ...
Doing warmup FFTs ...
Doing warmup FFTs ...
Doing warmup FFTs ...
Doing warmup FFTs ...
Doing warmup FFTs ...
Doing warmup FFTs ...
Doing warmup FFTs ...
Doing warmup FFTs ...
Doing warmup FFTs ...
Doing warmup FFTs ...
Doing warmup FFTs ...
Doing warmup FFTs ...
Doing warmup FFTs ...
Doing warmup FFTs ...
Doing warmup FFTs ...
Doing warmup FFTs ...
Doing warmup FFTs ...
Doing warmup FFTs ...
Doing warmup FFTs ...
Doing warmup FFTs ...
Doing warmup FFTs ...
Doing warmup FFTs ...
Doing warmup FFTs ...
Doing warmup FFTs ...
Doing warmup FFTs ...
Doing warmup FFTs ...
Doing warmup FFTs ...
Doing warmup FFTs ...
Doing warmup FFTs ...
Doing warmup FFTs ...
Doing warmup FFTs ...
Doing warmup FFTs ...
Doing warmup FFTs ...
Doing warmup FFTs ...
Doing warmup FFTs ...
Doing warmup FFTs ...
Doing warmup FFTs ...
Doing warmup FFTs ...
Doing warmup FFTs ...
Doing warmup FFTs ...
Doing warmup FFTs ...
Doing warmup FFTs ...
Doing warmup FFTs ...
Doing warmup FFTs ...
Doing warmup FFTs ...
Doing warmup FFTs ...
Doing warmup FFTs ...
Doing warmup FFTs ...
Doing warmup FFTs ...
Doing warmup FFTs ...
Doing warmup FFTs ...
Doing warmup FFTs ...
Doing warmup FFTs ...
Doing warmup FFTs ...
Doing warmup FFTs ...
Doing warmup FFTs ...
Doing warmup FFTs ...
Doing warmup FFTs ...
Doing warmup FFTs ...
Doing warmup FFTs ...
Doing warmup FFTs ...
Doing warmup FFTs ...
Doing warmup FFTs ...
Doing warmup FFTs ...
Doing warmup FFTs ...
Doing warmup FFTs ...
Doing warmup FFTs ...
Doing warmup FFTs ...
Doing warmup FFTs ...
Doing warmup FFTs ...
Doing warmup FFTs ...
Doing warmup FFTs ...
Doing warmup FFTs ...
Doing warmup FFTs ...
Doing warmup FFTs ...
Doing warmup FFTs ...
Doing warmup FFTs ...
Doing warmup FFTs ...
Doing warmup FFTs ...
Doing warmup FFTs ...
Doing warmup FFTs ...
Doing warmup FFTs ...
Doing warmup FFTs ...
Doing warmup FFTs ...
Doing warmup FFTs ...
Doing warmup FFTs ...
Doing warmup FFTs ...
Doing warmup FFTs ...
Doing warmup FFTs ...
Doing warmup FFTs ...
Doing warmup FFTs ...
Doing warmup FFTs ...
Doing warmup FFTs ...
Doing warmup FFTs ...
Doing warmup FFTs ...
Doing warmup FFTs ...
Doing warmup FFTs ...
Doing warmup FFTs ...
Doing warmup FFTs ...
Doing warmup FFTs ...
Doing warmup FFTs ...
Doing warmup FFTs ...
Doing warmup FFTs ...
Doing warmup FFTs ...
Doing warmup FFTs ...
Doing warmup FFTs ...
Doing warmup FFTs ...
Doing warmup FFTs ...
Doing warmup FFTs ...
Doing warmup FFTs ...
Doing warmup FFTs ...
Doing warmup FFTs ...
Doing warmup FFTs ...
Doing warmup FFTs ...
Doing warmup FFTs ...
Doing warmup FFTs ...
Doing warmup FFTs ...
Doing warmup FFTs ...
Doing warmup FFTs ...
Doing warmup FFTs ...
Doing warmup FFTs ...
Doing warmup FFTs ...
Doing warmup FFTs ...
Doing warmup FFTs ...
Doing warmup FFTs ...
Doing warmup FFTs ...
Doing warmup FFTs ...
Doing warmup FFTs ...
Doing warmup FFTs ...
Doing warmup FFTs ...
Doing warmup FFTs ...
Doing warmup FFTs ...
Doing warmup FFTs ...
Doing warmup FFTs ...
Doing warmup FFTs ...
Doing warmup FFTs ...
Doing warmup FFTs ...
Doing warmup FFTs ...
Doing warmup FFTs ...
Doing warmup FFTs ...
Doing warmup FFTs ...
Doing warmup FFTs ...
Doing warmup FFTs ...
Doing warmup FFTs ...
Doing warmup FFTs ...
Doing warmup FFTs ...
Doing warmup FFTs ...
Doing warmup FFTs ...
Doing warmup FFTs ...
Doing warmup FFTs ...
Doing warmup FFTs ...
Doing warmup FFTs ...
Doing warmup FFTs ...
Doing warmup FFTs ...
Doing warmup FFTs ...
Doing warmup FFTs ...
Doing warmup FFTs ...
Doing warmup FFTs ...
Doing warmup FFTs ...
Doing warmup FFTs ...
Doing warmup FFTs ...
Doing warmup FFTs ...
Doing warmup FFTs ...
Doing warmup FFTs ...
Doing warmup FFTs ...
Doing warmup FFTs ...
Doing warmup FFTs ...
Doing warmup FFTs ...
Doing warmup FFTs ...
Doing warmup FFTs ...
Doing warmup FFTs ...
Doing warmup FFTs ...
Doing warmup FFTs ...
Doing warmup FFTs ...
Doing warmup FFTs ...
Doing warmup FFTs ...
Doing warmup FFTs ...
Doing warmup FFTs ...
Doing warmup FFTs ...
Doing warmup FFTs ...
Doing warmup FFTs ...
Doing warmup FFTs ...
Doing warmup FFTs ...
Doing warmup FFTs ...
Doing warmup FFTs ...
Doing warmup FFTs ...
Doing warmup FFTs ...
Doing warmup FFTs ...
Doing warmup FFTs ...
Doing warmup FFTs ...
Doing warmup FFTs ...
Doing warmup FFTs ...
Doing warmup FFTs ...
Doing warmup FFTs ...
Doing warmup FFTs ...
Doing warmup FFTs ...
Doing warmup FFTs ...
Doing warmup FFTs ...
Doing warmup FFTs ...
Doing warmup FFTs ...
Doing warmup FFTs ...
Doing warmup FFTs ...
Doing warmup FFTs ...
Doing warmup FFTs ...
Doing warmup FFTs ...
Doing warmup FFTs ...
Doing warmup FFTs ...
Doing warmup FFTs ...
Doing warmup FFTs ...
Doing warmup FFTs ...
Doing warmup FFTs ...
Doing warmup FFTs ...
Doing warmup FFTs ...
Doing warmup FFTs ...
Doing warmup FFTs ...
Doing warmup FFTs ...
Doing warmup FFTs ...
Doing warmup FFTs ...
Doing warmup FFTs ...
Doing warmup FFTs ...
Doing warmup FFTs ...
Doing warmup FFTs ...
Doing warmup FFTs ...
Doing warmup FFTs ...
Doing warmup FFTs ...
Doing warmup FFTs ...
Doing warmup FFTs ...
Doing warmup FFTs ...
Doing warmup FFTs ...
Doing warmup FFTs ...
Doing warmup FFTs ...
Doing warmup FFTs ...
Doing warmup FFTs ...
Doing warmup FFTs ...
Doing warmup FFTs ...
Doing warmup FFTs ...
Doing warmup FFTs ...
Doing warmup FFTs ...
Doing warmup FFTs ...
Doing warmup FFTs ...
Doing warmup FFTs ...
Doing warmup FFTs ...
Doing warmup FFTs ...
Doing warmup FFTs ...
Doing warmup FFTs ...
Doing warmup FFTs ...
Doing warmup FFTs ...
Doing warmup FFTs ...
Doing warmup FFTs ...
Doing warmup FFTs ...
Doing warmup FFTs ...
Doing warmup FFTs ...
Doing warmup FFTs ...
Doing warmup FFTs ...
Doing warmup FFTs ...
Doing warmup FFTs ...
Doing warmup FFTs ...
Doing warmup FFTs ...
Doing warmup FFTs ...
Doing warmup FFTs ...
Doing warmup FFTs ...
Doing warmup FFTs ...
Doing warmup FFTs ...
Doing warmup FFTs ...
Doing warmup FFTs ...
Doing warmup FFTs ...
Doing warmup FFTs ...
Doing warmup FFTs ...
Doing warmup FFTs ...
Doing warmup FFTs ...
Doing warmup FFTs ...
Doing warmup FFTs ...
Doing warmup FFTs ...
Doing warmup FFTs ...
Doing warmup FFTs ...
Doing warmup FFTs ...
Doing warmup FFTs ...
Doing warmup FFTs ...
Doing warmup FFTs ...
Doing warmup FFTs ...
Doing warmup FFTs ...
Doing warmup FFTs ...
Doing warmup FFTs ...
Doing warmup FFTs ...
Doing warmup FFTs ...
Doing warmup FFTs ...
Doing warmup FFTs ...
Doing warmup FFTs ...
Doing warmup FFTs ...
Doing warmup FFTs ...
Doing warmup FFTs ...
Doing warmup FFTs ...
Doing warmup FFTs ...
Doing warmup FFTs ...
Doing warmup FFTs ...
Doing warmup FFTs ...
Doing warmup FFTs ...
Doing warmup FFTs ...
Doing warmup FFTs ...
Doing warmup FFTs ...
Doing warmup FFTs ...
Doing warmup FFTs ...
Doing warmup FFTs ...
Doing warmup FFTs ...
Doing warmup FFTs ...
Doing warmup FFTs ...
Doing warmup FFTs ...
Doing warmup FFTs ...
Doing warmup FFTs ...
Doing warmup FFTs ...
Doing warmup FFTs ...
Doing warmup FFTs ...
Doing warmup FFTs ...
Doing warmup FFTs ...
Doing warmup FFTs ...
Doing warmup FFTs ...
Doing warmup FFTs ...
Doing warmup FFTs ...
Doing warmup FFTs ...
Doing warmup FFTs ...
Doing warmup FFTs ...
Doing warmup FFTs ...
Doing warmup FFTs ...
Doing warmup FFTs ...
Doing warmup FFTs ...
Doing warmup FFTs ...
Doing warmup FFTs ...
Doing warmup FFTs ...
Doing warmup FFTs ...
Doing warmup FFTs ...
Doing warmup FFTs ...
Doing warmup FFTs ...
Doing warmup FFTs ...
Doing warmup FFTs ...
Doing warmup FFTs ...
Doing warmup FFTs ...
Doing warmup FFTs ...
Doing warmup FFTs ...
Doing warmup FFTs ...
Doing warmup FFTs ...
Doing warmup FFTs ...
Doing warmup FFTs ...
Doing warmup FFTs ...
Doing warmup FFTs ...
Doing warmup FFTs ...
Doing warmup FFTs ...
Doing warmup FFTs ...
Doing warmup FFTs ...
Doing warmup FFTs ...
Doing warmup FFTs ...
Doing warmup FFTs ...
Doing warmup FFTs ...
Doing warmup FFTs ...
Doing warmup FFTs ...
Doing warmup FFTs ...
Doing warmup FFTs ...
Doing warmup FFTs ...
Doing warmup FFTs ...
Doing warmup FFTs ...
Doing warmup FFTs ...
Doing warmup FFTs ...
Doing warmup FFTs ...
Doing warmup FFTs ...
Doing warmup FFTs ...
Doing warmup FFTs ...
Doing warmup FFTs ...
Doing warmup FFTs ...
Doing warmup FFTs ...
Doing warmup FFTs ...
Doing warmup FFTs ...
Doing warmup FFTs ...
Doing warmup FFTs ...
Doing warmup FFTs ...
Doing warmup FFTs ...
Doing warmup FFTs ...
Doing warmup FFTs ...
Doing warmup FFTs ...
Doing warmup FFTs ...
Doing warmup FFTs ...
Doing warmup FFTs ...
Doing warmup FFTs ...
Doing warmup FFTs ...
Doing warmup FFTs ...
Doing warmup FFTs ...
Doing warmup FFTs ...
Doing warmup FFTs ...
Doing warmup FFTs ...
Doing warmup FFTs ...
Doing warmup FFTs ...
Doing warmup FFTs ...
Doing warmup FFTs ...
Doing warmup FFTs ...
Doing warmup FFTs ...
Doing warmup FFTs ...
Doing warmup FFTs ...
Doing warmup FFTs ...
Doing warmup FFTs ...
Doing warmup FFTs ...
Doing warmup FFTs ...
Doing warmup FFTs ...
Doing warmup FFTs ...
Doing warmup FFTs ...
Doing warmup FFTs ...
Doing warmup FFTs ...
Doing warmup FFTs ...
Doing warmup FFTs ...
Doing warmup FFTs ...
Doing warmup FFTs ...
Doing warmup FFTs ...
Doing warmup FFTs ...
Doing warmup FFTs ...
Doing warmup FFTs ...
Doing warmup FFTs ...
Doing warmup FFTs ...
Doing warmup FFTs ...
Doing warmup FFTs ...
Doing warmup FFTs ...
Doing warmup FFTs ...
Doing warmup FFTs ...
Doing warmup FFTs ...
Doing warmup FFTs ...
Doing warmup FFTs ...
Doing warmup FFTs ...
Doing warmup FFTs ...
Doing warmup FFTs ...
Doing warmup FFTs ...
Doing warmup FFTs ...
Doing warmup FFTs ...
Doing warmup FFTs ...
Doing warmup FFTs ...
Doing warmup FFTs ...
Doing warmup FFTs ...
Doing warmup FFTs ...
Doing warmup FFTs ...
Doing warmup FFTs ...
Doing warmup FFTs ...
Doing warmup FFTs ...
Doing warmup FFTs ...
Doing warmup FFTs ...
Doing warmup FFTs ...
Doing FFTs ...
Doing FFTs ...
Doing FFTs ...
Doing FFTs ...
Doing FFTs ...
Doing FFTs ...
Doing FFTs ...
Doing FFTs ...
Doing FFTs ...
Doing FFTs ...
Doing FFTs ...
Doing FFTs ...
Doing FFTs ...
Doing FFTs ...
Doing FFTs ...
Doing FFTs ...
Doing FFTs ...
Doing FFTs ...
Doing FFTs ...
Doing FFTs ...
Doing FFTs ...
Doing FFTs ...
Doing FFTs ...
Doing FFTs ...
Doing FFTs ...
Doing FFTs ...
Doing FFTs ...
Doing FFTs ...
Doing FFTs ...
Doing FFTs ...
Doing FFTs ...
Doing FFTs ...
Doing FFTs ...
Doing FFTs ...
Doing FFTs ...
Doing FFTs ...
Doing FFTs ...
Doing FFTs ...
Doing FFTs ...
Doing FFTs ...
Doing FFTs ...
Doing FFTs ...
Doing FFTs ...
Doing FFTs ...
Doing FFTs ...
Doing FFTs ...
Doing FFTs ...
Doing FFTs ...
Doing FFTs ...
Doing FFTs ...
Doing FFTs ...
Doing FFTs ...
Doing FFTs ...
Doing FFTs ...
Doing FFTs ...
Doing FFTs ...
Doing FFTs ...
Doing FFTs ...
Doing FFTs ...
Doing FFTs ...
Doing FFTs ...
Doing FFTs ...
Doing FFTs ...
Doing FFTs ...
Doing FFTs ...
Doing FFTs ...
Doing FFTs ...
Doing FFTs ...
Doing FFTs ...
Doing FFTs ...
Doing FFTs ...
Doing FFTs ...
Doing FFTs ...
Doing FFTs ...
Doing FFTs ...
Doing FFTs ...
Doing FFTs ...
Doing FFTs ...
Doing FFTs ...
Doing FFTs ...
Doing FFTs ...
Doing FFTs ...
Doing FFTs ...
Doing FFTs ...
Doing FFTs ...
Doing FFTs ...
Doing FFTs ...
Doing FFTs ...
Doing FFTs ...
Doing FFTs ...
Doing FFTs ...
Doing FFTs ...
Doing FFTs ...
Doing FFTs ...
Doing FFTs ...
Doing FFTs ...
Doing FFTs ...
Doing FFTs ...
Doing FFTs ...
Doing FFTs ...
Doing FFTs ...
Doing FFTs ...
Doing FFTs ...
Doing FFTs ...
Doing FFTs ...
Doing FFTs ...
Doing FFTs ...
Doing FFTs ...
Doing FFTs ...
Doing FFTs ...
Doing FFTs ...
Doing FFTs ...
Doing FFTs ...
Doing FFTs ...
Doing FFTs ...
Doing FFTs ...
Doing FFTs ...
Doing FFTs ...
Doing FFTs ...
Doing FFTs ...
Doing FFTs ...
Doing FFTs ...
Doing FFTs ...
Doing FFTs ...
Doing FFTs ...
Doing FFTs ...
Doing FFTs ...
Doing FFTs ...
Doing FFTs ...
Doing FFTs ...
Doing FFTs ...
Doing FFTs ...
Doing FFTs ...
Doing FFTs ...
Doing FFTs ...
Doing FFTs ...
Doing FFTs ...
Doing FFTs ...
Doing FFTs ...
Doing FFTs ...
Doing FFTs ...
Doing FFTs ...
Doing FFTs ...
Doing FFTs ...
Doing FFTs ...
Doing FFTs ...
Doing FFTs ...
Doing FFTs ...
Doing FFTs ...
Doing FFTs ...
Doing FFTs ...
Doing FFTs ...
Doing FFTs ...
Doing FFTs ...
Doing FFTs ...
Doing FFTs ...
Doing FFTs ...
Doing FFTs ...
Doing FFTs ...
Doing FFTs ...
Doing FFTs ...
Doing FFTs ...
Doing FFTs ...
Doing FFTs ...
Doing FFTs ...
Doing FFTs ...
Doing FFTs ...
Doing FFTs ...
Doing FFTs ...
Doing FFTs ...
Doing FFTs ...
Doing FFTs ...
Doing FFTs ...
Doing FFTs ...
Doing FFTs ...
Doing FFTs ...
Doing FFTs ...
Doing FFTs ...
Doing FFTs ...
Doing FFTs ...
Doing FFTs ...
Doing FFTs ...
Doing FFTs ...
Doing FFTs ...
Doing FFTs ...
Doing FFTs ...
Doing FFTs ...
Doing FFTs ...
Doing FFTs ...
Doing FFTs ...
Doing FFTs ...
Doing FFTs ...
Doing FFTs ...
Doing FFTs ...
Doing FFTs ...
Doing FFTs ...
Doing FFTs ...
Doing FFTs ...
Doing FFTs ...
Doing FFTs ...
Doing FFTs ...
Doing FFTs ...
Doing FFTs ...
Doing FFTs ...
Doing FFTs ...
Doing FFTs ...
Doing FFTs ...
Doing FFTs ...
Doing FFTs ...
Doing FFTs ...
Doing FFTs ...
Doing FFTs ...
Doing FFTs ...
Doing FFTs ...
Doing FFTs ...
Doing FFTs ...
Doing FFTs ...
Doing FFTs ...
Doing FFTs ...
Doing FFTs ...
Doing FFTs ...
Doing FFTs ...
Doing FFTs ...
Doing FFTs ...
Doing FFTs ...
Doing FFTs ...
Doing FFTs ...
Doing FFTs ...
Doing FFTs ...
Doing FFTs ...
Doing FFTs ...
Doing FFTs ...
Doing FFTs ...
Doing FFTs ...
Doing FFTs ...
Doing FFTs ...
Doing FFTs ...
Doing FFTs ...
Doing FFTs ...
Doing FFTs ...
Doing FFTs ...
Doing FFTs ...
Doing FFTs ...
Doing FFTs ...
Doing FFTs ...
Doing FFTs ...
Doing FFTs ...
Doing FFTs ...
Doing FFTs ...
Doing FFTs ...
Doing FFTs ...
Doing FFTs ...
Doing FFTs ...
Doing FFTs ...
Doing FFTs ...
Doing FFTs ...
Doing FFTs ...
Doing FFTs ...
Doing FFTs ...
Doing FFTs ...
Doing FFTs ...
Doing FFTs ...
Doing FFTs ...
Doing FFTs ...
Doing FFTs ...
Doing FFTs ...
Doing FFTs ...
Doing FFTs ...
Doing FFTs ...
Doing FFTs ...
Doing FFTs ...
Doing FFTs ...
Doing FFTs ...
Doing FFTs ...
Doing FFTs ...
Doing FFTs ...
Doing FFTs ...
Doing FFTs ...
Doing FFTs ...
Doing FFTs ...
Doing FFTs ...
Doing FFTs ...
Doing FFTs ...
Doing FFTs ...
Doing FFTs ...
Doing FFTs ...
Doing FFTs ...
Doing FFTs ...
Doing FFTs ...
Doing FFTs ...
Doing FFTs ...
Doing FFTs ...
Doing FFTs ...
Doing FFTs ...
Doing FFTs ...
Doing FFTs ...
Doing FFTs ...
Doing FFTs ...
Doing FFTs ...
Doing FFTs ...
Doing FFTs ...
Doing FFTs ...
Doing FFTs ...
Doing FFTs ...
Doing FFTs ...
Doing FFTs ...
Doing FFTs ...
Doing FFTs ...
Doing FFTs ...
Doing FFTs ...
Doing FFTs ...
Doing FFTs ...
Doing FFTs ...
Doing FFTs ...
Doing FFTs ...
Doing FFTs ...
Doing FFTs ...
Doing FFTs ...
Doing FFTs ...
Doing FFTs ...
Doing FFTs ...
Doing FFTs ...
Doing FFTs ...
Doing FFTs ...
Doing FFTs ...
Doing FFTs ...
Doing FFTs ...
Doing FFTs ...
Doing FFTs ...
Doing FFTs ...
Doing FFTs ...
Doing FFTs ...
Doing FFTs ...
Doing FFTs ...
Doing FFTs ...
Doing FFTs ...
Doing FFTs ...
Doing FFTs ...
Doing FFTs ...
Doing FFTs ...
Doing FFTs ...
Doing FFTs ...
Doing FFTs ...
Doing FFTs ...
Doing FFTs ...
Doing FFTs ...
Doing FFTs ...
Doing FFTs ...
Doing FFTs ...
Doing FFTs ...
Doing FFTs ...
Doing FFTs ...
Doing FFTs ...
Doing FFTs ...
Doing FFTs ...
Doing FFTs ...
Doing FFTs ...
Doing FFTs ...
Doing FFTs ...
Doing FFTs ...
Doing FFTs ...
Doing FFTs ...
Doing FFTs ...
Doing FFTs ...
Doing FFTs ...
Doing FFTs ...
Doing FFTs ...
Doing FFTs ...
Doing FFTs ...
Doing FFTs ...
Doing FFTs ...
Doing FFTs ...
Doing FFTs ...
Doing FFTs ...
Doing FFTs ...
Doing FFTs ...
Doing FFTs ...
Doing FFTs ...
Doing FFTs ...
Doing FFTs ...
Doing FFTs ...
Doing FFTs ...
Doing FFTs ...
Doing FFTs ...
Doing FFTs ...
Doing FFTs ...
Doing FFTs ...
Doing FFTs ...
Doing FFTs ...
Doing FFTs ...
Doing FFTs ...
Doing FFTs ...
Doing FFTs ...
Doing FFTs ...
Doing FFTs ...
Doing FFTs ...
Doing FFTs ...
Doing FFTs ...
Doing FFTs ...
Doing FFTs ...
Doing FFTs ...
Doing FFTs ...
Doing FFTs ...
Doing FFTs ...
Doing FFTs ...
Doing FFTs ...
Doing FFTs ...
Doing FFTs ...
Doing FFTs ...
Doing FFTs ...
Doing FFTs ...
Doing FFTs ...
Doing FFTs ...
Doing FFTs ...
Doing FFTs ...
Doing FFTs ...
Doing FFTs ...
Doing FFTs ...
Doing FFTs ...
Doing FFTs ...
Doing FFTs ...
Doing FFTs ...
Doing FFTs ...
Doing FFTs ...
Doing FFTs ...
Doing FFTs ...
Doing FFTs ...
Doing FFTs ...
Doing FFTs ...
Doing FFTs ...
Doing FFTs ...
Doing FFTs ...
Doing FFTs ...
Doing FFTs ...
Doing FFTs ...
Doing FFTs ...
Doing FFTs ...
Doing FFTs ...
Doing FFTs ...
Doing FFTs ...
Doing FFTs ...
Doing FFTs ...
Doing FFTs ...
Doing FFTs ...
Doing FFTs ...
Doing FFTs ...
Doing FFTs ...
Doing FFTs ...
Doing FFTs ...
Doing FFTs ...
Doing FFTs ...
Doing FFTs ...
Doing FFTs ...
Doing FFTs ...
Doing FFTs ...
Doing FFTs ...
Doing FFTs ...
Doing FFTs ...
Doing FFTs ...
Doing FFTs ...
Doing FFTs ...
Doing FFTs ...
Doing FFTs ...
Doing FFTs ...
Doing FFTs ...
Doing FFTs ...
Doing FFTs ...
Doing FFTs ...
Doing FFTs ...
Doing FFTs ...
Doing FFTs ...
Doing FFTs ...
Doing FFTs ...
Doing FFTs ...
Doing FFTs ...
Doing FFTs ...
Doing FFTs ...
Doing FFTs ...
Doing FFTs ...
Doing FFTs ...
Doing FFTs ...
Doing FFTs ...
Doing FFTs ...
Doing FFTs ...
Doing FFTs ...
Doing FFTs ...
Doing FFTs ...
Doing FFTs ...
Doing FFTs ...
Doing FFTs ...
Doing FFTs ...
Doing FFTs ...
Doing FFTs ...
Doing FFTs ...
Doing FFTs ...
Doing FFTs ...
Doing FFTs ...
Doing FFTs ...
Doing FFTs ...
Doing FFTs ...
Doing FFTs ...
Doing FFTs ...
Doing FFTs ...
Doing FFTs ...
Doing FFTs ...
Doing FFTs ...
Doing FFTs ...
Doing FFTs ...
Doing FFTs ...
Doing FFTs ...
Doing FFTs ...
Doing FFTs ...
Doing FFTs ...
Doing FFTs ...
Doing FFTs ...
Doing FFTs ...
Doing FFTs ...
Doing FFTs ...
Doing FFTs ...
Doing FFTs ...
Doing FFTs ...
Doing FFTs ...
Doing FFTs ...
Doing FFTs ...
Doing FFTs ...
Doing FFTs ...
Doing FFTs ...
Doing FFTs ...
Doing FFTs ...
Doing FFTs ...
Doing FFTs ...
Doing FFTs ...
Doing FFTs ...
Doing FFTs ...
Doing FFTs ...
Doing FFTs ...
Doing FFTs ...
Doing FFTs ...
Doing FFTs ...
Doing FFTs ...
Doing FFTs ...
Doing FFTs ...
Doing FFTs ...
Doing FFTs ...
Doing FFTs ...
Doing FFTs ...
Doing FFTs ...
Doing FFTs ...
Doing FFTs ...
Doing FFTs ...
Doing FFTs ...
Doing FFTs ...
Doing FFTs ...
Doing FFTs ...
Doing FFTs ...
Doing FFTs ...
Doing FFTs ...
Doing FFTs ...
Doing FFTs ...
Doing FFTs ...
Doing FFTs ...
Doing FFTs ...
Doing FFTs ...
Doing FFTs ...
Doing FFTs ...
Doing FFTs ...
Doing FFTs ...
Doing FFTs ...
Doing FFTs ...
Doing FFTs ...
Doing FFTs ...
Doing FFTs ...
Doing FFTs ...
Doing FFTs ...
Doing FFTs ...
Doing FFTs ...
Doing FFTs ...
Doing FFTs ...
Doing FFTs ...
Doing FFTs ...
Doing FFTs ...
Doing FFTs ...
Doing FFTs ...
Doing FFTs ...
Doing FFTs ...
Doing FFTs ...
Doing FFTs ...
Doing FFTs ...
Doing FFTs ...
Doing FFTs ...
Doing FFTs ...
Doing FFTs ...
Doing FFTs ...
Doing FFTs ...
Doing FFTs ...
Doing FFTs ...
Doing FFTs ...
Doing FFTs ...
Doing FFTs ...
Doing FFTs ...
Doing FFTs ...
Doing FFTs ...
Doing FFTs ...
Doing FFTs ...
Doing FFTs ...
Doing FFTs ...
Doing FFTs ...
Doing FFTs ...
Doing FFTs ...
Doing FFTs ...
Doing FFTs ...
Doing FFTs ...
Doing FFTs ...
Doing FFTs ...
Doing FFTs ...
Doing FFTs ...
Doing FFTs ...
Doing FFTs ...
Doing FFTs ...
Doing FFTs ...
Doing FFTs ...
Doing FFTs ...
Doing FFTs ...
Doing FFTs ...
Doing FFTs ...
Doing FFTs ...
Doing FFTs ...
Doing FFTs ...
Doing FFTs ...
Doing FFTs ...
Doing FFTs ...
Doing FFTs ...
Doing FFTs ...
Doing FFTs ...
Doing FFTs ...
Doing FFTs ...
Doing FFTs ...
Doing FFTs ...
Doing FFTs ...
Doing FFTs ...
Doing FFTs ...
Doing FFTs ...
Doing FFTs ...
Doing FFTs ...
Doing FFTs ...
Doing FFTs ...
Doing FFTs ...
Doing FFTs ...
Doing FFTs ...
Doing FFTs ...
Doing FFTs ...
Doing FFTs ...
Doing FFTs ...
Doing FFTs ...
Doing FFTs ...
Doing FFTs ...
Doing FFTs ...
Doing FFTs ...
Doing FFTs ...
Doing FFTs ...
Doing FFTs ...
Doing FFTs ...
Doing FFTs ...
Doing FFTs ...
Doing FFTs ...
Doing FFTs ...
Doing FFTs ...
Doing FFTs ...
Doing FFTs ...
Doing FFTs ...
Doing FFTs ...
Doing FFTs ...
Doing FFTs ...
Doing FFTs ...
Doing FFTs ...
Doing FFTs ...
Doing FFTs ...
Doing FFTs ...
Doing FFTs ...
Doing FFTs ...
Doing FFTs ...
Doing FFTs ...
Doing FFTs ...
Doing FFTs ...
Doing FFTs ...
Doing FFTs ...
Doing FFTs ...
Doing FFTs ...
Doing FFTs ...
Doing FFTs ...
Doing FFTs ...
Doing FFTs ...
Doing FFTs ...
Doing FFTs ...
Doing FFTs ...
Doing FFTs ...
Doing FFTs ...
Doing FFTs ...
Doing FFTs ...
Doing FFTs ...
Doing FFTs ...
Doing FFTs ...
Doing FFTs ...
Doing FFTs ...
Doing FFTs ...
Doing FFTs ...
Doing FFTs ...
Doing FFTs ...
Doing FFTs ...
Doing FFTs ...
Doing FFTs ...
Doing FFTs ...
Doing FFTs ...
Doing FFTs ...
Doing FFTs ...
Doing FFTs ...
Doing FFTs ...
Doing FFTs ...
Doing FFTs ...
Doing FFTs ...
Doing FFTs ...
Doing FFTs ...
Doing FFTs ...
Doing FFTs ...
Doing FFTs ...
Doing FFTs ...
Doing FFTs ...
Doing FFTs ...
Doing FFTs ...
Doing FFTs ...
Doing FFTs ...
Doing FFTs ...
Doing FFTs ...
Doing FFTs ...
Doing FFTs ...
Doing FFTs ...
Doing FFTs ...
Doing FFTs ...
Doing FFTs ...
Doing FFTs ...
Doing FFTs ...
Doing FFTs ...
Doing FFTs ...
Doing FFTs ...
Doing FFTs ...
Doing FFTs ...
Doing FFTs ...
Doing FFTs ...
Doing FFTs ...
Doing FFTs ...
Doing FFTs ...
Doing FFTs ...
Doing FFTs ...
Doing FFTs ...
Doing FFTs ...
Doing FFTs ...
Doing FFTs ...
Doing FFTs ...
Doing FFTs ...
Doing FFTs ...
Doing FFTs ...
Doing FFTs ...
Doing FFTs ...
Doing FFTs ...
Doing FFTs ...
Doing FFTs ...
Doing FFTs ...
Doing FFTs ...
Doing FFTs ...
Doing FFTs ...
Doing FFTs ...
Doing FFTs ...
Doing FFTs ...
Doing FFTs ...
Doing FFTs ...
Doing FFTs ...
Doing FFTs ...
Doing FFTs ...
Doing FFTs ...
Doing FFTs ...
Doing FFTs ...
Doing FFTs ...
Doing FFTs ...
Doing FFTs ...
Doing FFTs ...
Doing FFTs ...
Doing FFTs ...
Doing FFTs ...
Doing FFTs ...
Doing FFTs ...
Doing FFTs ...
Doing FFTs ...
Doing FFTs ...
Doing FFTs ...
Doing FFTs ...
Doing FFTs ...
Doing FFTs ...
Doing FFTs ...
Doing FFTs ...
Doing FFTs ...
Doing FFTs ...
Doing FFTs ...
Doing FFTs ...
Doing FFTs ...
Doing FFTs ...
Doing FFTs ...
Doing FFTs ...
Doing FFTs ...
Doing FFTs ...
Doing FFTs ...
Doing FFTs ...
Doing FFTs ...
Doing FFTs ...
Doing FFTs ...
Doing FFTs ...
Doing FFTs ...
Doing FFTs ...
Doing FFTs ...
Doing FFTs ...
Doing FFTs ...
Doing FFTs ...
Doing FFTs ...
Doing FFTs ...
Doing FFTs ...
Doing FFTs ...
Doing FFTs ...
Doing FFTs ...
Doing FFTs ...
Doing FFTs ...
Doing FFTs ...
Doing FFTs ...
Doing FFTs ...
Doing FFTs ...
Doing FFTs ...
Doing FFTs ...
Doing FFTs ...
Doing FFTs ...
Doing FFTs ...
Doing FFTs ...
Doing FFTs ...
Doing FFTs ...
Doing FFTs ...
Doing FFTs ...
Doing FFTs ...
Doing FFTs ...
Doing FFTs ...
Doing FFTs ...
Doing FFTs ...
Doing FFTs ...
Doing FFTs ...
Doing FFTs ...
Doing FFTs ...
Doing FFTs ...
Doing FFTs ...
Doing FFTs ...
Doing FFTs ...
Doing FFTs ...
Doing FFTs ...
Doing FFTs ...
Doing FFTs ...
Doing FFTs ...
Doing FFTs ...
Doing FFTs ...
Doing FFTs ...
Doing FFTs ...
Doing FFTs ...
Doing FFTs ...
Doing FFTs ...
Doing FFTs ...
Doing FFTs ...
Doing FFTs ...
Doing FFTs ...
Doing FFTs ...
Doing FFTs ...
Doing FFTs ...
Doing FFTs ...
Doing FFTs ...
Doing FFTs ...
Doing FFTs ...
Doing FFTs ...
Doing FFTs ...
Doing FFTs ...
Doing FFTs ...
Doing FFTs ...
Doing FFTs ...
Doing FFTs ...
Doing FFTs ...
Doing FFTs ...
Doing FFTs ...
Doing FFTs ...
Doing FFTs ...
Doing FFTs ...
Doing FFTs ...
Doing FFTs ...
Doing FFTs ...
Doing FFTs ...
Doing FFTs ...
Doing FFTs ...
Doing FFTs ...
Doing FFTs ...
Doing FFTs ...
Doing FFTs ...
Doing FFTs ...
Doing FFTs ...
Doing FFTs ...
Doing FFTs ...
Doing FFTs ...
Doing FFTs ...
Doing FFTs ...
Doing FFTs ...
Doing FFTs ...
Doing FFTs ...
Doing FFTs ...
Doing FFTs ...
Doing FFTs ...
Doing FFTs ...
Doing FFTs ...
Doing FFTs ...
Doing FFTs ...
Doing FFTs ...
Doing FFTs ...
Doing FFTs ...
Doing FFTs ...
Doing FFTs ...
Doing FFTs ...
Doing FFTs ...
Doing FFTs ...
Doing FFTs ...
Doing FFTs ...
Doing FFTs ...
Doing FFTs ...
Doing FFTs ...
Doing FFTs ...
Doing FFTs ...
Doing FFTs ...
Doing FFTs ...
Doing FFTs ...
Doing FFTs ...
Doing FFTs ...
Doing FFTs ...
Doing FFTs ...
Doing FFTs ...
Doing FFTs ...
Doing FFTs ...
Doing FFTs ...
Doing FFTs ...
Doing FFTs ...
Doing FFTs ...
Doing FFTs ...
Doing FFTs ...
Doing FFTs ...
Doing FFTs ...
Doing FFTs ...
Doing FFTs ...
Doing FFTs ...
Doing FFTs ...
Doing FFTs ...
Doing FFTs ...
Doing FFTs ...
Doing FFTs ...
Doing FFTs ...
Doing FFTs ...
Doing FFTs ...
Doing FFTs ...
Doing FFTs ...
Doing FFTs ...
Doing FFTs ...
Doing FFTs ...
Doing FFTs ...
Doing FFTs ...
Doing FFTs ...
Doing FFTs ...
Doing FFTs ...
Doing FFTs ...
Doing FFTs ...
Doing FFTs ...
Doing FFTs ...
Doing FFTs ...
Doing FFTs ...
Doing FFTs ...
Doing FFTs ...
Doing FFTs ...
Doing FFTs ...
Doing FFTs ...
Doing FFTs ...
Doing FFTs ...
Doing FFTs ...
Doing FFTs ...
Doing FFTs ...
Doing FFTs ...
Doing FFTs ...
Doing FFTs ...
Doing FFTs ...
Doing FFTs ...
Doing FFTs ...
Doing FFTs ...
Doing FFTs ...
Doing FFTs ...
Doing FFTs ...
Doing FFTs ...
Doing FFTs ...
Doing FFTs ...
Doing FFTs ...
Doing FFTs ...
Doing FFTs ...
Doing FFTs ...
Doing FFTs ...
Doing FFTs ...
Doing FFTs ...
Doing FFTs ...
Doing FFTs ...
Doing FFTs ...
Doing FFTs ...
Doing FFTs ...
Doing FFTs ...
Doing FFTs ...
Doing FFTs ...
Doing FFTs ...
Doing FFTs ...
Doing FFTs ...
Doing FFTs ...
Doing FFTs ...
Doing FFTs ...
Doing FFTs ...
Creating FFTW...
Creating FFTW...
Creating FFTW...
Creating FFTW...
Creating FFTW...
Creating FFTW...
Creating FFTW...
Creating FFTW...
Creating FFTW...
Creating FFTW...
Creating FFTW...
Creating FFTW...
Creating FFTW...
Creating FFTW...
Creating FFTW...
Creating FFTW...
Creating FFTW...
Creating FFTW...
Creating FFTW...
Creating FFTW...
Creating FFTW...
Creating FFTW...
Creating FFTW...
Creating FFTW...
Creating FFTW...
Creating FFTW...
Filling data...
Creating FFTW...
Filling data...
Creating FFTW...
Filling data...
Creating FFTW...
Filling data...
Creating FFTW...
Creating FFTW...
Creating FFTW...
Creating FFTW...
Creating FFTW...
Filling data...
Creating FFTW...
Creating FFTW...
Filling data...
Creating FFTW...
Filling data...
Creating FFTW...
Creating FFTW...
Creating FFTW...
Creating FFTW...
Creating FFTW...
Creating FFTW...
Creating FFTW...
Filling data...
Creating FFTW...
Filling data...
Creating FFTW...
Creating FFTW...
Creating FFTW...
Creating FFTW...
Creating FFTW...
Filling data...
Creating FFTW...
Filling data...
Creating FFTW...
Filling data...
Creating FFTW...
Filling data...
Creating FFTW...
Creating FFTW...
Creating FFTW...
Creating FFTW...
Filling data...
Creating FFTW...
Filling data...
Creating FFTW...
Filling data...
Creating FFTW...
Filling data...
Creating FFTW...
Filling data...
Creating FFTW...
Creating FFTW...
Creating FFTW...
Creating FFTW...
Creating FFTW...
Creating FFTW...
Filling data...
Creating FFTW...
Filling data...
Creating FFTW...
Filling data...
Creating FFTW...
Creating FFTW...
Creating FFTW...
Creating FFTW...
Filling data...
Creating FFTW...
Filling data...
Creating FFTW...
Filling data...
Creating FFTW...
Filling data...
Creating FFTW...
Filling data...
Creating FFTW...
Creating FFTW...
Creating FFTW...
Filling data...
Creating FFTW...
Filling data...
Creating FFTW...
Filling data...
Creating FFTW...
Filling data...
Creating FFTW...
Filling data...
Creating FFTW...
Filling data...
Creating FFTW...
Creating FFTW...
Creating FFTW...
Creating FFTW...
Creating FFTW...
Filling data...
Creating FFTW...
Filling data...
Creating FFTW...
Filling data...
Creating FFTW...
Creating FFTW...
Creating FFTW...
Creating FFTW...
Creating FFTW...
Creating FFTW...
Creating FFTW...
Creating FFTW...
Filling data...
Creating FFTW...
Creating FFTW...
Creating FFTW...
Creating FFTW...
Creating FFTW...
Creating FFTW...
Filling data...
Creating FFTW...
Filling data...
Creating FFTW...
Filling data...
Creating FFTW...
Filling data...
Creating FFTW...
Creating FFTW...
Creating FFTW...
Creating FFTW...
Creating FFTW...
Filling data...
Creating FFTW...
Filling data...
Creating FFTW...
Filling data...
Creating FFTW...
Filling data...
Creating FFTW...
Creating FFTW...
Filling data...
Creating FFTW...
Creating FFTW...
Creating FFTW...
Filling data...
Creating FFTW...
Creating FFTW...
Creating FFTW...
Filling data...
Creating FFTW...
Creating FFTW...
Filling data...
Creating FFTW...
Filling data...
Creating FFTW...
Creating FFTW...
Filling data...
Creating FFTW...
Filling data...
Creating FFTW...
Filling data...
Creating FFTW...
Creating FFTW...
Creating FFTW...
Filling data...
Creating FFTW...
Creating FFTW...
Creating FFTW...
Filling data...
Creating FFTW...
Filling data...
Creating FFTW...
Filling data...
Creating FFTW...
Creating FFTW...
Creating FFTW...
Creating FFTW...
Creating FFTW...
Creating FFTW...
Filling data...
Creating FFTW...
Creating FFTW...
Filling data...
Creating FFTW...
Creating FFTW...
Creating FFTW...
Creating FFTW...
Creating FFTW...
Creating FFTW...
Filling data...
Creating FFTW...
Creating FFTW...
Filling data...
Creating FFTW...
Creating FFTW...
Creating FFTW...
Creating FFTW...
Creating FFTW...
Creating FFTW...
Filling data...
Creating FFTW...
Filling data...
Creating FFTW...
Filling data...
Creating FFTW...
Filling data...
Creating FFTW...
Creating FFTW...
Creating FFTW...
Filling data...
Creating FFTW...
Creating FFTW...
Filling data...
Creating FFTW...
Filling data...
Creating FFTW...
Filling data...
Creating FFTW...
Creating FFTW...
Creating FFTW...
Creating FFTW...
Filling data...
Creating FFTW...
Creating FFTW...
Filling data...
Creating FFTW...
Filling data...
Creating FFTW...
Creating FFTW...
Filling data...
Creating FFTW...
Creating FFTW...
Creating FFTW...
Filling data...
Filling data...
Creating FFTW...
Filling data...
Creating FFTW...
Filling data...
Creating FFTW...
Filling data...
Creating FFTW...
Filling data...
Creating FFTW...
Creating FFTW...
Creating FFTW...
Creating FFTW...
Creating FFTW...
Filling data...
Creating FFTW...
Filling data...
Creating FFTW...
Filling data...
Creating FFTW...
Filling data...
Creating FFTW...
Creating FFTW...
Creating FFTW...
Creating FFTW...
Creating FFTW...
Filling data...
Creating FFTW...
Filling data...
Creating FFTW...
Filling data...
Creating FFTW...
Filling data...
Creating FFTW...
Creating FFTW...
Creating FFTW...
Creating FFTW...
Creating FFTW...
Filling data...
Creating FFTW...
Filling data...
Creating FFTW...
Filling data...
Creating FFTW...
Filling data...
Filling data...
Creating FFTW...
Filling data...
Creating FFTW...
Creating FFTW...
Filling data...
Creating FFTW...
Filling data...
Creating FFTW...
Filling data...
Creating FFTW...
Filling data...
Filling data...
Creating FFTW...
Creating FFTW...
Creating FFTW...
Creating FFTW...
Filling data...
Creating FFTW...
Filling data...
Creating FFTW...
Filling data...
Creating FFTW...
Filling data...
Filling data...
Creating FFTW...
Creating FFTW...
Creating FFTW...
Creating FFTW...
Filling data...
Creating FFTW...
Filling data...
Creating FFTW...
Filling data...
Creating FFTW...
Filling data...
Creating FFTW...
Creating FFTW...
Creating FFTW...
Creating FFTW...
Creating FFTW...
Filling data...
Creating FFTW...
Filling data...
Creating FFTW...
Filling data...
Creating FFTW...
Filling data...
Creating FFTW...
Creating FFTW...
Creating FFTW...
Creating FFTW...
Creating FFTW...
Filling data...
Creating FFTW...
Filling data...
Creating FFTW...
Creating FFTW...
Filling data...
Creating FFTW...
Creating FFTW...
Creating FFTW...
Creating FFTW...
Creating FFTW...
Filling data...
Creating FFTW...
Creating FFTW...
Filling data...
Creating FFTW...
Filling data...
Creating FFTW...
Creating FFTW...
Filling data...
Creating FFTW...
Creating FFTW...
Filling data...
Creating FFTW...
Creating FFTW...
Filling data...
Creating FFTW...
Filling data...
Creating FFTW...
Creating FFTW...
Creating FFTW...
Creating FFTW...
Creating FFTW...
Filling data...
Creating FFTW...
Creating FFTW...
Filling data...
Creating FFTW...
Filling data...
Creating FFTW...
Creating FFTW...
Creating FFTW...
Creating FFTW...
Creating FFTW...
Filling data...
Creating FFTW...
Creating FFTW...
Filling data...
Creating FFTW...
Creating FFTW...
Creating FFTW...
Filling data...
Filling data...
Creating FFTW...
Filling data...
Creating FFTW...
Creating FFTW...
Filling data...
Creating FFTW...
Filling data...
Creating FFTW...
Filling data...
Creating FFTW...
Filling data...
Creating FFTW...
Filling data...
Filling data...
Creating FFTW...
Filling data...
Creating FFTW...
Filling data...
Creating FFTW...
Filling data...
Filling data...
Creating FFTW...
Creating FFTW...
Filling data...
Creating FFTW...
Filling data...
Creating FFTW...
Filling data...
Creating FFTW...
Filling data...
Creating FFTW...
Filling data...
Filling data...
Filling data...
Creating FFTW...
Filling data...
Creating FFTW...
Creating FFTW...
Filling data...
Creating FFTW...
Filling data...
Creating FFTW...
Filling data...
Creating FFTW...
Creating FFTW...
Creating FFTW...
Filling data...
Filling data...
Creating FFTW...
Filling data...
Creating FFTW...
Filling data...
Creating FFTW...
Creating FFTW...
Filling data...
Creating FFTW...
Filling data...
Creating FFTW...
Filling data...
Creating FFTW...
Creating FFTW...
Filling data...
Filling data...
Creating FFTW...
Creating FFTW...
Filling data...
Creating FFTW...
Filling data...
Creating FFTW...
Filling data...
Creating FFTW...
Creating FFTW...
Filling data...
Creating FFTW...
Filling data...
Creating FFTW...
Filling data...
Creating FFTW...
Filling data...
Creating FFTW...
Creating FFTW...
Filling data...
Creating FFTW...
Creating FFTW...
Filling data...
Creating FFTW...
Filling data...
Filling data...
Creating FFTW...
Filling data...
Creating FFTW...
Creating FFTW...
Creating FFTW...
Filling data...
Creating FFTW...
Filling data...
Creating FFTW...
Filling data...
Creating FFTW...
Filling data...
Creating FFTW...
Creating FFTW...
Creating FFTW...
Creating FFTW...
Creating FFTW...
Filling data...
Creating FFTW...
Creating FFTW...
Filling data...
Creating FFTW...
Filling data...
Creating FFTW...
Creating FFTW...
Creating FFTW...
Creating FFTW...
Creating FFTW...
Filling data...
Creating FFTW...
Filling data...
Filling data...
Creating FFTW...
Filling data...
Creating FFTW...
Creating FFTW...
Filling data...
Creating FFTW...
Creating FFTW...
Filling data...
Creating FFTW...
Filling data...
Creating FFTW...
Filling data...
Creating FFTW...
Filling data...
Creating FFTW...
Creating FFTW...
Filling data...
Creating FFTW...
Filling data...
Creating FFTW...
Filling data...
Creating FFTW...
Creating FFTW...
Filling data...
Creating FFTW...
Filling data...
Creating FFTW...
Creating FFTW...
Creating FFTW...
Filling data...
Creating FFTW...
Filling data...
Creating FFTW...
Filling data...
Creating FFTW...
Creating FFTW...
Filling data...
Creating FFTW...
Filling data...
Creating FFTW...
Creating FFTW...
Creating FFTW...
Filling data...
Creating FFTW...
Creating FFTW...
Filling data...
Creating FFTW...
Filling data...
Creating FFTW...
Filling data...
Creating FFTW...
Filling data...
Creating FFTW...
Creating FFTW...
Creating FFTW...
Filling data...
Creating FFTW...
Filling data...
Creating FFTW...
Filling data...
Creating FFTW...
Filling data...
Creating FFTW...
Filling data...
Creating FFTW...
Creating FFTW...
Creating FFTW...
Filling data...
Creating FFTW...
Creating FFTW...
Filling data...
Creating FFTW...
Filling data...
Creating FFTW...
Filling data...
Creating FFTW...
Filling data...
Filling data...
Creating FFTW...
Filling data...
Creating FFTW...
Filling data...
Creating FFTW...
Filling data...
Filling data...
Creating FFTW...
Filling data...
Creating FFTW...
Filling data...
Creating FFTW...
Creating FFTW...
Creating FFTW...
Filling data...
Creating FFTW...
Filling data...
Creating FFTW...
Filling data...
Creating FFTW...
Filling data...
Creating FFTW...
Filling data...
Creating FFTW...
Creating FFTW...
Creating FFTW...
Creating FFTW...
Creating FFTW...
Filling data...
Creating FFTW...
Filling data...
Creating FFTW...
Filling data...
Creating FFTW...
Filling data...
Creating FFTW...
Creating FFTW...
Creating FFTW...
Filling data...
Creating FFTW...
Filling data...
Creating FFTW...
Filling data...
Creating FFTW...
Filling data...
Creating FFTW...
Filling data...
Creating FFTW...
Filling data...
Creating FFTW...
Creating FFTW...
Creating FFTW...
Filling data...
Filling data...
Creating FFTW...
Filling data...
Creating FFTW...
Filling data...
Creating FFTW...
Filling data...
Creating FFTW...
Filling data...
Creating FFTW...
Creating FFTW...
Creating FFTW...
Filling data...
Creating FFTW...
Creating FFTW...
Filling data...
Creating FFTW...
Filling data...
Creating FFTW...
Filling data...
Filling data...
Filling data...
Creating FFTW...
Creating FFTW...
Filling data...
Creating FFTW...
Filling data...
Creating FFTW...
Filling data...
Creating FFTW...
Creating FFTW...
Filling data...
Creating FFTW...
Filling data...
Creating FFTW...
Creating FFTW...
Creating FFTW...
Filling data...
Creating FFTW...
Creating FFTW...
Filling data...
Creating FFTW...
Filling data...
Creating FFTW...
Filling data...
Creating FFTW...
Filling data...
Filling data...
Creating FFTW...
Creating FFTW...
Filling data...
Creating FFTW...
Creating FFTW...
Filling data...
Creating FFTW...
Filling data...
Creating FFTW...
Filling data...
Creating FFTW...
Filling data...
Creating FFTW...
Creating FFTW...
Creating FFTW...
Filling data...
Creating FFTW...
Filling data...
Creating FFTW...
Filling data...
Creating FFTW...
Creating FFTW...
Filling data...
Creating FFTW...
Filling data...
Creating FFTW...
Creating FFTW...
Creating FFTW...
Filling data...
Creating FFTW...
Creating FFTW...
Filling data...
Creating FFTW...
Filling data...
Creating FFTW...
Filling data...
Creating FFTW...
Filling data...
Creating FFTW...
Creating FFTW...
Creating FFTW...
Filling data...
Filling data...
Creating FFTW...
Filling data...
Creating FFTW...
Filling data...
Creating FFTW...
Filling data...
Creating FFTW...
Filling data...
Filling data...
Creating FFTW...
Filling data...
Creating FFTW...
Filling data...
Creating FFTW...
Creating FFTW...
Filling data...
Creating FFTW...
Filling data...
Creating FFTW...
Filling data...
Creating FFTW...
Filling data...
Filling data...
Creating FFTW...
Creating FFTW...
Filling data...
Creating FFTW...
Creating FFTW...
Filling data...
Creating FFTW...
Filling data...
Creating FFTW...
Filling data...
Creating FFTW...
Filling data...
Creating FFTW...
Filling data...
Creating FFTW...
Creating FFTW...
Filling data...
Creating FFTW...
Filling data...
Creating FFTW...
Filling data...
Creating FFTW...
Filling data...
Filling data...
Creating FFTW...
Filling data...
Creating FFTW...
Filling data...
Filling data...
Creating FFTW...
Filling data...
Creating FFTW...
Filling data...
Creating FFTW...
Filling data...
Creating FFTW...
Filling data...
Filling data...
Creating FFTW...
Filling data...
Creating FFTW...
Filling data...
Creating FFTW...
Creating FFTW...
Filling data...
Creating FFTW...
Filling data...
Filling data...
Creating FFTW...
Filling data...
Creating FFTW...
Creating FFTW...
Filling data...
Creating FFTW...
Filling data...
Creating FFTW...
Filling data...
Creating FFTW...
Filling data...
Creating FFTW...
Filling data...
Creating FFTW...
Filling data...
Creating FFTW...
Filling data...
Filling data...
Creating FFTW...
Filling data...
Creating FFTW...
Filling data...
Creating FFTW...
Filling data...
Creating FFTW...
Filling data...
Creating FFTW...
Filling data...
Creating FFTW...
Filling data...
Filling data...
Creating FFTW...
Filling data...
Filling data...
Creating FFTW...
Creating FFTW...
Filling data...
Creating FFTW...
Filling data...
Creating FFTW...
Filling data...
Creating FFTW...
Filling data...
Creating FFTW...
Creating FFTW...
Filling data...
Creating FFTW...
Filling data...
Filling data...
Creating FFTW...
Filling data...
Creating FFTW...
Filling data...
Creating FFTW...
Filling data...
Creating FFTW...
Filling data...
Creating FFTW...
Creating FFTW...
Filling data...
Creating FFTW...
Filling data...
Filling data...
Creating FFTW...
Filling data...
Creating FFTW...
Filling data...
Creating FFTW...
Filling data...
Creating FFTW...
Filling data...
Filling data...
Creating FFTW...
Filling data...
Creating FFTW...
Filling data...
Creating FFTW...
Creating FFTW...
Filling data...
Creating FFTW...
Filling data...
Creating FFTW...
Filling data...
Creating FFTW...
Filling data...
Filling data...
Creating FFTW...
Filling data...
Creating FFTW...
Filling data...
Filling data...
Creating FFTW...
Filling data...
Creating FFTW...
Filling data...
Creating FFTW...
Filling data...
Creating FFTW...
Filling data...
Filling data...
Creating FFTW...
Filling data...
Creating FFTW...
Filling data...
Filling data...
Creating FFTW...
Filling data...
Creating FFTW...
Filling data...
Creating FFTW...
Filling data...
Creating FFTW...
Filling data...
Filling data...
Creating FFTW...
Filling data...
Creating FFTW...
Filling data...
Creating FFTW...
Creating FFTW...
Filling data...
Creating FFTW...
Filling data...
Creating FFTW...
Filling data...
Creating FFTW...
Filling data...
Creating FFTW...
Creating FFTW...
Filling data...
Creating FFTW...
Creating FFTW...
Creating FFTW...
Filling data...
Creating FFTW...
Filling data...
Creating FFTW...
Filling data...
Creating FFTW...
Filling data...
Creating FFTW...
Creating FFTW...
Filling data...
Creating FFTW...
Filling data...
Creating FFTW...
Creating FFTW...
Filling data...
Creating FFTW...
Filling data...
Creating FFTW...
Filling data...
Creating FFTW...
Filling data...
Filling data...
Creating FFTW...
Creating FFTW...
Filling data...
Creating FFTW...
Filling data...
Creating FFTW...
Filling data...
Creating FFTW...
Filling data...
Creating FFTW...
Filling data...
Filling data...
Creating FFTW...
Filling data...
Creating FFTW...
Filling data...
Creating FFTW...
Creating FFTW...
Filling data...
Creating FFTW...
Filling data...
Creating FFTW...
Filling data...
Creating FFTW...
Filling data...
Creating FFTW...
Creating FFTW...
Filling data...
Creating FFTW...
Filling data...
Creating FFTW...
Filling data...
Creating FFTW...
Filling data...
Creating FFTW...
Filling data...
Creating FFTW...
Filling data...
Creating FFTW...
Creating FFTW...
Filling data...
Creating FFTW...
Filling data...
Creating FFTW...
Filling data...
Creating FFTW...
Filling data...
Creating FFTW...
Filling data...
Creating FFTW...
Filling data...
Creating FFTW...
Creating FFTW...
Filling data...
Filling data...
Creating FFTW...
Creating FFTW...
Filling data...
Creating FFTW...
Filling data...
Creating FFTW...
Filling data...
Creating FFTW...
Filling data...
Creating FFTW...
Creating FFTW...
Creating FFTW...
Filling data...
Creating FFTW...
Filling data...
Creating FFTW...
Filling data...
Creating FFTW...
Filling data...
Creating FFTW...
Filling data...
Creating FFTW...
Filling data...
Creating FFTW...
Filling data...
Creating FFTW...
Creating FFTW...
Filling data...
Creating FFTW...
Filling data...
Creating FFTW...
Filling data...
Creating FFTW...
Filling data...
Creating FFTW...
Filling data...
Filling data...
Creating FFTW...
Filling data...
Creating FFTW...
Filling data...
Filling data...
Creating FFTW...
Filling data...
Creating FFTW...
Filling data...
Creating FFTW...
Filling data...
Creating FFTW...
Filling data...
Creating FFTW...
Filling data...
Filling data...
Creating FFTW...
Filling data...
Creating FFTW...
Filling data...
Filling data...
Creating FFTW...
Filling data...
Filling data...
Creating FFTW...
Filling data...
Creating FFTW...
Filling data...
Filling data...
Creating FFTW...
Filling data...
Creating FFTW...
Filling data...
Creating FFTW...
Filling data...
Creating FFTW...
Filling data...
Creating FFTW...
Filling data...
Creating FFTW...
Filling data...
Creating FFTW...
Filling data...
Creating FFTW...
Filling data...
Creating FFTW...
Filling data...
Creating FFTW...
Filling data...
Creating FFTW...
Filling data...
Creating FFTW...
Filling data...
Creating FFTW...
Filling data...
Creating FFTW...
Filling data...
Filling data...
Creating FFTW...
Filling data...
Creating FFTW...
Filling data...
Creating FFTW...
Filling data...
Creating FFTW...
Filling data...
Creating FFTW...
Filling data...
Creating FFTW...
Filling data...
Creating FFTW...
Filling data...
Creating FFTW...
Filling data...
Filling data...
Creating FFTW...
Filling data...
Creating FFTW...
Filling data...
Creating FFTW...
Filling data...
Creating FFTW...
Filling data...
Creating FFTW...
Filling data...
Creating FFTW...
Filling data...
Filling data...
Filling data...
Creating FFTW...
Filling data...
Creating FFTW...
Filling data...
Creating FFTW...
Filling data...
Creating FFTW...
Filling data...
Filling data...
Creating FFTW...
Filling data...
Filling data...
Creating FFTW...
Filling data...
Filling data...
Creating FFTW...
Filling data...
Creating FFTW...
Filling data...
Creating FFTW...
Filling data...
Creating FFTW...
Filling data...
Creating FFTW...
Filling data...
Creating FFTW...
Filling data...
Creating FFTW...
Filling data...
Filling data...
Creating FFTW...
Filling data...
Creating FFTW...
Filling data...
Creating FFTW...
Filling data...
Creating FFTW...
Filling data...
Creating FFTW...
Filling data...
Creating FFTW...
Filling data...
Creating FFTW...
Creating FFTW...
Filling data...
Creating FFTW...
Filling data...
Creating FFTW...
Filling data...
Creating FFTW...
Filling data...
Filling data...
Filling data...
Creating FFTW...
Filling data...
Creating FFTW...
Filling data...
Creating FFTW...
Filling data...
Creating FFTW...
Filling data...
Creating FFTW...
Filling data...
Creating FFTW...
Filling data...
Creating FFTW...
Filling data...
Creating FFTW...
Filling data...
Creating FFTW...
Filling data...
Creating FFTW...
Filling data...
Creating FFTW...
Filling data...
Creating FFTW...
Filling data...
Creating FFTW...
Filling data...
Creating FFTW...
Filling data...
Creating FFTW...
Filling data...
Creating FFTW...
Filling data...
Creating FFTW...
Filling data...
Filling data...
Creating FFTW...
Filling data...
Creating FFTW...
Filling data...
Creating FFTW...
Filling data...
Creating FFTW...
Filling data...
Creating FFTW...
Filling data...
Creating FFTW...
Filling data...
Filling data...
Filling data...
Creating FFTW...
Filling data...
Creating FFTW...
Filling data...
Creating FFTW...
Filling data...
Creating FFTW...
Filling data...
Creating FFTW...
Filling data...
Creating FFTW...
Filling data...
Creating FFTW...
Filling data...
Creating FFTW...
Filling data...
Creating FFTW...
Filling data...
Creating FFTW...
Filling data...
Filling data...
Creating FFTW...
Filling data...
Creating FFTW...
Filling data...
Creating FFTW...
Filling data...
Creating FFTW...
Filling data...
Creating FFTW...
Filling data...
Creating FFTW...
Filling data...
Creating FFTW...
Filling data...
Creating FFTW...
Filling data...
Creating FFTW...
Filling data...
Creating FFTW...
Filling data...
Creating FFTW...
Filling data...
Creating FFTW...
Filling data...
Creating FFTW...
Filling data...
Creating FFTW...
Filling data...
Creating FFTW...
Filling data...
Creating FFTW...
Filling data...
Creating FFTW...
Filling data...
Creating FFTW...
Filling data...
Creating FFTW...
Filling data...
Creating FFTW...
Filling data...
Creating FFTW...
Filling data...
Creating FFTW...
Filling data...
Creating FFTW...
Filling data...
Creating FFTW...
Filling data...
Creating FFTW...
Filling data...
Creating FFTW...
Filling data...
Creating FFTW...
Filling data...
Creating FFTW...
Filling data...
Filling data...
Creating FFTW...
Filling data...
Creating FFTW...
Filling data...
Creating FFTW...
Filling data...
Creating FFTW...
Filling data...
Creating FFTW...
Filling data...
Creating FFTW...
Filling data...
Creating FFTW...
Filling data...
Creating FFTW...
Filling data...
Creating FFTW...
Filling data...
Creating FFTW...
Filling data...
Creating FFTW...
Filling data...
Creating FFTW...
Filling data...
Creating FFTW...
Filling data...
Creating FFTW...
Filling data...
Creating FFTW...
Filling data...
Filling data...
Creating FFTW...
Filling data...
Creating FFTW...
Filling data...
Creating FFTW...
Filling data...
Creating FFTW...
Filling data...
Creating FFTW...
Filling data...
Creating FFTW...
Filling data...
Creating FFTW...
Filling data...
Creating FFTW...
Filling data...
Filling data...
Creating FFTW...
Filling data...
Creating FFTW...
Filling data...
Creating FFTW...
Filling data...
Creating FFTW...
Filling data...
Creating FFTW...
Filling data...
Creating FFTW...
Filling data...
Filling data...
Creating FFTW...
Filling data...
Creating FFTW...
Filling data...
Creating FFTW...
Filling data...
Creating FFTW...
Filling data...
Creating FFTW...
Filling data...
Creating FFTW...
Filling data...
Creating FFTW...
Filling data...
Creating FFTW...
Filling data...
Filling data...
Filling data...
Creating FFTW...
Filling data...
Creating FFTW...
Filling data...
Creating FFTW...
Filling data...
Creating FFTW...
Filling data...
Creating FFTW...
Filling data...
Creating FFTW...
Filling data...
Creating FFTW...
Filling data...
Creating FFTW...
Filling data...
Creating FFTW...
Filling data...
Creating FFTW...
Filling data...
Creating FFTW...
Filling data...
Creating FFTW...
Filling data...
Creating FFTW...
Filling data...
Creating FFTW...
Filling data...
Creating FFTW...
Filling data...
Creating FFTW...
Filling data...
Filling data...
Creating FFTW...
Filling data...
Creating FFTW...
Filling data...
Creating FFTW...
Filling data...
Creating FFTW...
Filling data...
Creating FFTW...
Filling data...
Filling data...
Creating FFTW...
Filling data...
Filling data...
Creating FFTW...
Filling data...
Creating FFTW...
Filling data...
Creating FFTW...
Filling data...
Creating FFTW...
Filling data...
Creating FFTW...
Filling data...
Filling data...
Creating FFTW...
Filling data...
Filling data...
Creating FFTW...
Filling data...
Creating FFTW...
Filling data...
Creating FFTW...
Filling data...
Creating FFTW...
Filling data...
Creating FFTW...
Filling data...
Filling data...
Creating FFTW...
Filling data...
Creating FFTW...
Filling data...
Creating FFTW...
Filling data...
Creating FFTW...
Filling data...
Creating FFTW...
Filling data...
Creating FFTW...
Filling data...
Creating FFTW...
Filling data...
Filling data...
Creating FFTW...
Filling data...
Filling data...
Creating FFTW...
Filling data...
Creating FFTW...
Filling data...
Creating FFTW...
Filling data...
Creating FFTW...
Filling data...
Creating FFTW...
Filling data...
Creating FFTW...
Filling data...
Creating FFTW...
Filling data...
Creating FFTW...
Filling data...
Creating FFTW...
Filling data...
Creating FFTW...
Filling data...
Creating FFTW...
Filling data...
Creating FFTW...
Filling data...
Creating FFTW...
Filling data...
Filling data...
Creating FFTW...
Filling data...
Filling data...
Creating FFTW...
Filling data...
Creating FFTW...
Filling data...
Creating FFTW...
Filling data...
Creating FFTW...
Filling data...
Creating FFTW...
Filling data...
Creating FFTW...
Filling data...
Creating FFTW...
Filling data...
Creating FFTW...
Filling data...
Creating FFTW...
Filling data...
Creating FFTW...
Filling data...
Creating FFTW...
Filling data...
Creating FFTW...
Filling data...
Creating FFTW...
Filling data...
Creating FFTW...
Filling data...
Creating FFTW...
Filling data...
Filling data...
Creating FFTW...
Filling data...
Creating FFTW...
Filling data...
Creating FFTW...
Filling data...
Creating FFTW...
Filling data...
Filling data...
Creating FFTW...
Filling data...
Creating FFTW...
Filling data...
Creating FFTW...
Filling data...
Creating FFTW...
Filling data...
Creating FFTW...
Filling data...
Creating FFTW...
Filling data...
Creating FFTW...
Filling data...
Creating FFTW...
Filling data...
Filling data...
Creating FFTW...
Filling data...
Filling data...
Creating FFTW...
Filling data...
Creating FFTW...
Filling data...
Creating FFTW...
Filling data...
Creating FFTW...
Filling data...
Creating FFTW...
Filling data...
Filling data...
Creating FFTW...
Filling data...
Creating FFTW...
Filling data...
Creating FFTW...
Filling data...
Creating FFTW...
Filling data...
Creating FFTW...
Filling data...
Creating FFTW...
Filling data...
Filling data...
Filling data...
Creating FFTW...
Filling data...
Creating FFTW...
Filling data...
Creating FFTW...
Filling data...
Creating FFTW...
Filling data...
Creating FFTW...
Filling data...
Creating FFTW...
Filling data...
Filling data...
Creating FFTW...
Filling data...
Creating FFTW...
Filling data...
Creating FFTW...
Filling data...
Creating FFTW...
Filling data...
Creating FFTW...
Filling data...
Creating FFTW...
Filling data...
Creating FFTW...
Filling data...
Creating FFTW...
Filling data...
Creating FFTW...
Filling data...
Creating FFTW...
Filling data...
Filling data...
Creating FFTW...
Filling data...
Creating FFTW...
Filling data...
Creating FFTW...
Filling data...
Creating FFTW...
Filling data...
Creating FFTW...
Filling data...
Filling data...
Filling data...
Filling data...
Creating FFTW...
Filling data...
Creating FFTW...
Filling data...
Creating FFTW...
Filling data...
Creating FFTW...
Filling data...
Filling data...
Creating FFTW...
Filling data...
Filling data...
Filling data...
Creating FFTW...
Filling data...
Creating FFTW...
Filling data...
Creating FFTW...
Filling data...
Creating FFTW...
Filling data...
Filling data...
Filling data...
Filling data...
Creating FFTW...
Filling data...
Creating FFTW...
Filling data...
Creating FFTW...
Filling data...
Creating FFTW...
Filling data...
Creating FFTW...
Filling data...
Filling data...
Filling data...
Filling data...
Filling data...
Creating FFTW...
Filling data...
Creating FFTW...
Filling data...
Creating FFTW...
Filling data...
Creating FFTW...
Filling data...
Filling data...
Filling data...
Filling data...
Filling data...
Creating FFTW...
Filling data...
Creating FFTW...
Filling data...
Creating FFTW...
Filling data...
Creating FFTW...
Filling data...
Filling data...
Filling data...
Creating FFTW...
Filling data...
Filling data...
Creating FFTW...
Filling data...
Creating FFTW...
Filling data...
Creating FFTW...
Filling data...
Filling data...
Filling data...
Creating FFTW...
Filling data...
Creating FFTW...
Filling data...
Creating FFTW...
Filling data...
Creating FFTW...
Filling data...
Filling data...
Filling data...
Filling data...
Creating FFTW...
Filling data...
Creating FFTW...
Filling data...
Creating FFTW...
Filling data...
Creating FFTW...
Filling data...
Filling data...
Filling data...
Filling data...
Filling data...
Creating FFTW...
Filling data...
Creating FFTW...
Filling data...
Filling data...
Creating FFTW...
Filling data...
Creating FFTW...
Filling data...
Filling data...
Filling data...
Filling data...
Filling data...
Creating FFTW...
Filling data...
Creating FFTW...
Filling data...
Filling data...
Filling data...
Creating FFTW...
Filling data...
Filling data...
Creating FFTW...
Filling data...
Filling data...
Filling data...
Creating FFTW...
Filling data...
Filling data...
Creating FFTW...
Filling data...
Creating FFTW...
Filling data...
Filling data...
Creating FFTW...
Filling data...
Filling data...
Filling data...
Filling data...
Filling data...
Creating FFTW...
Filling data...
Filling data...
Filling data...
Creating FFTW...
Filling data...
Filling data...
Creating FFTW...
Filling data...
Filling data...
Filling data...
Creating FFTW...
Filling data...
Filling data...
Creating FFTW...
Filling data...
Filling data...
Filling data...
Filling data...
Filling data...
Creating FFTW...
Filling data...
Filling data...
Filling data...
Creating FFTW...
Filling data...
Filling data...
Creating FFTW...
Filling data...
Filling data...
Filling data...
Filling data...
Filling data...
Creating FFTW...
Filling data...
Filling data...
Filling data...
Filling data...
Filling data...
Creating FFTW...
Filling data...
Filling data...
Filling data...
Filling data...
Filling data...
Creating FFTW...
Filling data...
Creating FFTW...
Filling data...
Filling data...
Creating FFTW...
Filling data...
Filling data...
Creating FFTW...
Filling data...
Creating FFTW...
Filling data...
Creating FFTW...
Filling data...
Filling data...
Creating FFTW...
Filling data...
Creating FFTW...
Filling data...
Filling data...
Creating FFTW...
Filling data...
Filling data...
Creating FFTW...
Filling data...
Filling data...
Creating FFTW...
Filling data...
Creating FFTW...
Filling data...
Creating FFTW...
Filling data...
Filling data...
Filling data...
Creating FFTW...
Filling data...
Filling data...
Filling data...
Filling data...
Creating FFTW...
Filling data...
Filling data...
Filling data...
Creating FFTW...
Filling data...
Creating FFTW...
Filling data...
Creating FFTW...
Filling data...
Filling data...
Creating FFTW...
Filling data...
Creating FFTW...
Filling data...
Filling data...
Filling data...
Creating FFTW...
Filling data...
Creating FFTW...
Filling data...
Filling data...
Filling data...
Creating FFTW...
Filling data...
Creating FFTW...
Filling data...
Creating FFTW...
Filling data...
Creating FFTW...
Filling data...
Creating FFTW...
Filling data...
Creating FFTW...
Filling data...
Creating FFTW...
Filling data...
Creating FFTW...
Filling data...
Creating FFTW...
Filling data...
Filling data...
Creating FFTW...
Filling data...
Creating FFTW...
Filling data...
Creating FFTW...
Filling data...
Filling data...
Filling data...
Creating FFTW...
Filling data...
Creating FFTW...
Filling data...
Filling data...
Creating FFTW...
Filling data...
Creating FFTW...
Filling data...
Filling data...
Filling data...
Filling data...
Creating FFTW...
Filling data...
Creating FFTW...
Filling data...
Filling data...
Filling data...
Creating FFTW...
Filling data...
Creating FFTW...
Filling data...
Filling data...
Filling data...
Creating FFTW...
Filling data...
Creating FFTW...
Filling data...
Filling data...
Filling data...
Creating FFTW...
Filling data...
Filling data...
Filling data...
Filling data...
Filling data...
Filling data...
Filling data...
Filling data...
Filling data...
Filling data...
Filling data...
Filling data...
Filling data...
Filling data...
Creating FFTW...
Filling data...
Filling data...
Filling data...
Filling data...
Filling data...
Filling data...
Creating FFTW...
Filling data...
Filling data...
Filling data...
Filling data...
Filling data...
Filling data...
Creating FFTW...
Filling data...
Filling data...
Filling data...
Creating FFTW...
Filling data...
Filling data...
Filling data...
Creating FFTW...
Filling data...
Filling data...
Filling data...
Filling data...
Filling data...
Filling data...
Creating FFTW...
Filling data...
Filling data...
Filling data...
Filling data...
Filling data...
Filling data...
Creating FFTW...
Filling data...
Filling data...
Filling data...
Filling data...
Filling data...
Filling data...
Filling data...
Filling data...
Filling data...
Filling data...
Filling data...
Filling data...
Filling data...
Filling data...
Filling data...
Filling data...
Filling data...
Filling data...
Filling data...
Filling data...
Filling data...
Filling data...
Filling data...
Filling data...
Filling data...
Filling data...
Filling data...
Creating FFTW...
Filling data...
Filling data...
Doing warmup FFTs ...
Doing warmup FFTs ...
Doing warmup FFTs ...
Doing warmup FFTs ...
Doing warmup FFTs ...
Doing warmup FFTs ...
Doing warmup FFTs ...
Doing warmup FFTs ...
Doing warmup FFTs ...
Doing warmup FFTs ...
Doing warmup FFTs ...
Doing warmup FFTs ...
Doing warmup FFTs ...
Doing warmup FFTs ...
Doing warmup FFTs ...
Doing warmup FFTs ...
Doing warmup FFTs ...
Doing warmup FFTs ...
Doing warmup FFTs ...
Doing warmup FFTs ...
Doing warmup FFTs ...
Doing warmup FFTs ...
Doing warmup FFTs ...
Doing warmup FFTs ...
Doing warmup FFTs ...
Doing warmup FFTs ...
Doing warmup FFTs ...
Doing warmup FFTs ...
Doing warmup FFTs ...
Doing warmup FFTs ...
Doing warmup FFTs ...
Doing warmup FFTs ...
Doing warmup FFTs ...
Doing warmup FFTs ...
Doing warmup FFTs ...
Doing warmup FFTs ...
Doing warmup FFTs ...
Doing warmup FFTs ...
Doing warmup FFTs ...
Doing warmup FFTs ...
Doing warmup FFTs ...
Doing warmup FFTs ...
Doing warmup FFTs ...
Doing warmup FFTs ...
Doing warmup FFTs ...
Doing warmup FFTs ...
Doing warmup FFTs ...
Doing warmup FFTs ...
Doing warmup FFTs ...
Doing warmup FFTs ...
Doing warmup FFTs ...
Doing warmup FFTs ...
Doing warmup FFTs ...
Doing warmup FFTs ...
Doing warmup FFTs ...
Doing warmup FFTs ...
Doing warmup FFTs ...
Doing warmup FFTs ...
Doing warmup FFTs ...
Doing warmup FFTs ...
Doing warmup FFTs ...
Doing warmup FFTs ...
Doing warmup FFTs ...
Doing warmup FFTs ...
Doing warmup FFTs ...
Doing warmup FFTs ...
Doing warmup FFTs ...
Doing warmup FFTs ...
Doing warmup FFTs ...
Doing warmup FFTs ...
Doing warmup FFTs ...
Doing warmup FFTs ...
Doing warmup FFTs ...
Doing warmup FFTs ...
Doing warmup FFTs ...
Doing warmup FFTs ...
Doing warmup FFTs ...
Doing warmup FFTs ...
Doing warmup FFTs ...
Doing warmup FFTs ...
Doing warmup FFTs ...
Doing warmup FFTs ...
Doing warmup FFTs ...
Doing warmup FFTs ...
Doing warmup FFTs ...
Doing warmup FFTs ...
Doing warmup FFTs ...
Doing warmup FFTs ...
Doing warmup FFTs ...
Doing warmup FFTs ...
Doing warmup FFTs ...
Doing warmup FFTs ...
Doing warmup FFTs ...
Doing warmup FFTs ...
Doing warmup FFTs ...
Doing warmup FFTs ...
Doing warmup FFTs ...
Doing warmup FFTs ...
Doing warmup FFTs ...
Doing warmup FFTs ...
Doing warmup FFTs ...
Doing warmup FFTs ...
Doing warmup FFTs ...
Doing warmup FFTs ...
Doing warmup FFTs ...
Doing warmup FFTs ...
Doing warmup FFTs ...
Doing warmup FFTs ...
Doing warmup FFTs ...
Doing warmup FFTs ...
Doing warmup FFTs ...
Doing warmup FFTs ...
Doing warmup FFTs ...
Doing warmup FFTs ...
Doing warmup FFTs ...
Doing warmup FFTs ...
Doing warmup FFTs ...
Doing warmup FFTs ...
Doing warmup FFTs ...
Doing warmup FFTs ...
Doing warmup FFTs ...
Doing warmup FFTs ...
Doing warmup FFTs ...
Doing warmup FFTs ...
Doing warmup FFTs ...
Doing warmup FFTs ...
Doing warmup FFTs ...
Doing warmup FFTs ...
Doing warmup FFTs ...
Doing warmup FFTs ...
Doing warmup FFTs ...
Doing warmup FFTs ...
Doing warmup FFTs ...
Doing warmup FFTs ...
Doing warmup FFTs ...
Doing warmup FFTs ...
Doing warmup FFTs ...
Doing warmup FFTs ...
Doing warmup FFTs ...
Doing warmup FFTs ...
Doing warmup FFTs ...
Doing warmup FFTs ...
Doing warmup FFTs ...
Doing warmup FFTs ...
Doing warmup FFTs ...
Doing warmup FFTs ...
Doing warmup FFTs ...
Doing warmup FFTs ...
Doing warmup FFTs ...
Doing warmup FFTs ...
Doing warmup FFTs ...
Doing warmup FFTs ...
Doing warmup FFTs ...
Doing warmup FFTs ...
Doing warmup FFTs ...
Doing warmup FFTs ...
Doing warmup FFTs ...
Doing warmup FFTs ...
Doing warmup FFTs ...
Doing warmup FFTs ...
Doing warmup FFTs ...
Doing warmup FFTs ...
Doing warmup FFTs ...
Doing warmup FFTs ...
Doing warmup FFTs ...
Doing warmup FFTs ...
Doing warmup FFTs ...
Doing warmup FFTs ...
Doing warmup FFTs ...
Doing warmup FFTs ...
Doing warmup FFTs ...
Doing warmup FFTs ...
Doing warmup FFTs ...
Doing warmup FFTs ...
Doing warmup FFTs ...
Doing warmup FFTs ...
Doing warmup FFTs ...
Doing warmup FFTs ...
Doing warmup FFTs ...
Doing warmup FFTs ...
Doing warmup FFTs ...
Doing warmup FFTs ...
Doing warmup FFTs ...
Doing warmup FFTs ...
Doing warmup FFTs ...
Doing warmup FFTs ...
Doing warmup FFTs ...
Doing warmup FFTs ...
Doing warmup FFTs ...
Doing warmup FFTs ...
Doing warmup FFTs ...
Doing warmup FFTs ...
Doing warmup FFTs ...
Doing warmup FFTs ...
Doing warmup FFTs ...
Doing warmup FFTs ...
Doing warmup FFTs ...
Doing warmup FFTs ...
Doing warmup FFTs ...
Doing warmup FFTs ...
Doing warmup FFTs ...
Doing warmup FFTs ...
Doing warmup FFTs ...
Doing warmup FFTs ...
Doing warmup FFTs ...
Doing warmup FFTs ...
Doing warmup FFTs ...
Doing warmup FFTs ...
Doing warmup FFTs ...
Doing warmup FFTs ...
Doing warmup FFTs ...
Doing warmup FFTs ...
Doing warmup FFTs ...
Doing warmup FFTs ...
Doing warmup FFTs ...
Doing warmup FFTs ...
Doing warmup FFTs ...
Doing warmup FFTs ...
Doing warmup FFTs ...
Doing warmup FFTs ...
Doing warmup FFTs ...
Doing warmup FFTs ...
Doing warmup FFTs ...
Doing warmup FFTs ...
Doing warmup FFTs ...
Doing warmup FFTs ...
Doing warmup FFTs ...
Doing warmup FFTs ...
Doing warmup FFTs ...
Doing warmup FFTs ...
Doing warmup FFTs ...
Doing warmup FFTs ...
Doing warmup FFTs ...
Doing warmup FFTs ...
Doing warmup FFTs ...
Doing warmup FFTs ...
Doing warmup FFTs ...
Doing warmup FFTs ...
Doing warmup FFTs ...
Doing warmup FFTs ...
Doing warmup FFTs ...
Doing warmup FFTs ...
Doing warmup FFTs ...
Doing warmup FFTs ...
Doing warmup FFTs ...
Doing warmup FFTs ...
Doing warmup FFTs ...
Doing warmup FFTs ...
Doing warmup FFTs ...
Doing warmup FFTs ...
Doing warmup FFTs ...
Doing warmup FFTs ...
Doing warmup FFTs ...
Doing warmup FFTs ...
Doing warmup FFTs ...
Doing warmup FFTs ...
Doing warmup FFTs ...
Doing warmup FFTs ...
Doing warmup FFTs ...
Doing warmup FFTs ...
Doing warmup FFTs ...
Doing warmup FFTs ...
Doing warmup FFTs ...
Doing warmup FFTs ...
Doing warmup FFTs ...
Doing warmup FFTs ...
Doing warmup FFTs ...
Doing warmup FFTs ...
Doing warmup FFTs ...
Doing warmup FFTs ...
Doing warmup FFTs ...
Doing warmup FFTs ...
Doing warmup FFTs ...
Doing warmup FFTs ...
Doing warmup FFTs ...
Doing warmup FFTs ...
Doing warmup FFTs ...
Doing warmup FFTs ...
Doing warmup FFTs ...
Doing warmup FFTs ...
Doing warmup FFTs ...
Doing warmup FFTs ...
Doing warmup FFTs ...
Doing warmup FFTs ...
Doing warmup FFTs ...
Doing warmup FFTs ...
Doing warmup FFTs ...
Doing warmup FFTs ...
Doing warmup FFTs ...
Doing warmup FFTs ...
Doing warmup FFTs ...
Doing warmup FFTs ...
Doing warmup FFTs ...
Doing warmup FFTs ...
Doing warmup FFTs ...
Doing warmup FFTs ...
Doing warmup FFTs ...
Doing warmup FFTs ...
Doing warmup FFTs ...
Doing warmup FFTs ...
Doing warmup FFTs ...
Doing warmup FFTs ...
Doing warmup FFTs ...
Doing warmup FFTs ...
Doing warmup FFTs ...
Doing warmup FFTs ...
Doing warmup FFTs ...
Doing warmup FFTs ...
Doing warmup FFTs ...
Doing warmup FFTs ...
Doing warmup FFTs ...
Doing warmup FFTs ...
Doing warmup FFTs ...
Doing warmup FFTs ...
Doing warmup FFTs ...
Doing warmup FFTs ...
Doing warmup FFTs ...
Doing warmup FFTs ...
Doing warmup FFTs ...
Doing warmup FFTs ...
Doing warmup FFTs ...
Doing warmup FFTs ...
Doing warmup FFTs ...
Doing warmup FFTs ...
Doing warmup FFTs ...
Doing warmup FFTs ...
Doing warmup FFTs ...
Doing warmup FFTs ...
Doing warmup FFTs ...
Doing warmup FFTs ...
Doing warmup FFTs ...
Doing warmup FFTs ...
Doing warmup FFTs ...
Doing warmup FFTs ...
Doing warmup FFTs ...
Doing warmup FFTs ...
Doing warmup FFTs ...
Doing warmup FFTs ...
Doing warmup FFTs ...
Doing warmup FFTs ...
Doing warmup FFTs ...
Doing warmup FFTs ...
Doing warmup FFTs ...
Doing warmup FFTs ...
Doing warmup FFTs ...
Doing warmup FFTs ...
Doing warmup FFTs ...
Doing warmup FFTs ...
Doing warmup FFTs ...
Doing warmup FFTs ...
Doing warmup FFTs ...
Doing warmup FFTs ...
Doing warmup FFTs ...
Doing warmup FFTs ...
Doing warmup FFTs ...
Doing warmup FFTs ...
Doing warmup FFTs ...
Doing warmup FFTs ...
Doing warmup FFTs ...
Doing warmup FFTs ...
Doing warmup FFTs ...
Doing warmup FFTs ...
Doing warmup FFTs ...
Doing warmup FFTs ...
Doing warmup FFTs ...
Doing warmup FFTs ...
Doing warmup FFTs ...
Doing warmup FFTs ...
Doing warmup FFTs ...
Doing warmup FFTs ...
Doing warmup FFTs ...
Doing warmup FFTs ...
Doing warmup FFTs ...
Doing warmup FFTs ...
Doing warmup FFTs ...
Doing warmup FFTs ...
Doing warmup FFTs ...
Doing warmup FFTs ...
Doing warmup FFTs ...
Doing warmup FFTs ...
Doing warmup FFTs ...
Doing warmup FFTs ...
Doing warmup FFTs ...
Doing warmup FFTs ...
Doing warmup FFTs ...
Doing warmup FFTs ...
Doing warmup FFTs ...
Doing warmup FFTs ...
Doing warmup FFTs ...
Doing warmup FFTs ...
Doing warmup FFTs ...
Doing warmup FFTs ...
Doing warmup FFTs ...
Doing warmup FFTs ...
Doing warmup FFTs ...
Doing warmup FFTs ...
Doing warmup FFTs ...
Doing warmup FFTs ...
Doing warmup FFTs ...
Doing warmup FFTs ...
Doing warmup FFTs ...
Doing warmup FFTs ...
Doing warmup FFTs ...
Doing warmup FFTs ...
Doing warmup FFTs ...
Doing warmup FFTs ...
Doing warmup FFTs ...
Doing warmup FFTs ...
Doing warmup FFTs ...
Doing warmup FFTs ...
Doing warmup FFTs ...
Doing warmup FFTs ...
Doing warmup FFTs ...
Doing warmup FFTs ...
Doing warmup FFTs ...
Doing warmup FFTs ...
Doing warmup FFTs ...
Doing warmup FFTs ...
Doing warmup FFTs ...
Doing warmup FFTs ...
Doing warmup FFTs ...
Doing warmup FFTs ...
Doing warmup FFTs ...
Doing warmup FFTs ...
Doing warmup FFTs ...
Doing warmup FFTs ...
Doing warmup FFTs ...
Doing warmup FFTs ...
Doing warmup FFTs ...
Doing warmup FFTs ...
Doing warmup FFTs ...
Doing warmup FFTs ...
Doing warmup FFTs ...
Doing warmup FFTs ...
Doing warmup FFTs ...
Doing warmup FFTs ...
Doing warmup FFTs ...
Doing warmup FFTs ...
Doing warmup FFTs ...
Doing warmup FFTs ...
Doing warmup FFTs ...
Doing warmup FFTs ...
Doing warmup FFTs ...
Doing warmup FFTs ...
Doing warmup FFTs ...
Doing warmup FFTs ...
Doing warmup FFTs ...
Doing warmup FFTs ...
Doing warmup FFTs ...
Doing warmup FFTs ...
Doing warmup FFTs ...
Doing warmup FFTs ...
Doing warmup FFTs ...
Doing warmup FFTs ...
Doing warmup FFTs ...
Doing warmup FFTs ...
Doing warmup FFTs ...
Doing warmup FFTs ...
Doing warmup FFTs ...
Doing warmup FFTs ...
Doing warmup FFTs ...
Doing warmup FFTs ...
Doing warmup FFTs ...
Doing warmup FFTs ...
Doing warmup FFTs ...
Doing warmup FFTs ...
Doing warmup FFTs ...
Doing warmup FFTs ...
Doing warmup FFTs ...
Doing warmup FFTs ...
Doing warmup FFTs ...
Doing warmup FFTs ...
Doing warmup FFTs ...
Doing warmup FFTs ...
Doing warmup FFTs ...
Doing warmup FFTs ...
Doing warmup FFTs ...
Doing warmup FFTs ...
Doing warmup FFTs ...
Doing warmup FFTs ...
Doing warmup FFTs ...
Doing warmup FFTs ...
Doing warmup FFTs ...
Doing warmup FFTs ...
Doing warmup FFTs ...
Doing warmup FFTs ...
Doing warmup FFTs ...
Doing warmup FFTs ...
Doing warmup FFTs ...
Doing warmup FFTs ...
Doing warmup FFTs ...
Doing warmup FFTs ...
Doing warmup FFTs ...
Doing warmup FFTs ...
Doing warmup FFTs ...
Doing warmup FFTs ...
Doing warmup FFTs ...
Doing warmup FFTs ...
Doing warmup FFTs ...
Doing warmup FFTs ...
Doing warmup FFTs ...
Doing warmup FFTs ...
Doing warmup FFTs ...
Doing warmup FFTs ...
Doing warmup FFTs ...
Doing warmup FFTs ...
Doing warmup FFTs ...
Doing warmup FFTs ...
Doing warmup FFTs ...
Doing warmup FFTs ...
Doing warmup FFTs ...
Doing warmup FFTs ...
Doing warmup FFTs ...
Doing warmup FFTs ...
Doing warmup FFTs ...
Doing warmup FFTs ...
Doing warmup FFTs ...
Doing warmup FFTs ...
Doing warmup FFTs ...
Doing warmup FFTs ...
Doing warmup FFTs ...
Doing warmup FFTs ...
Doing warmup FFTs ...
Doing warmup FFTs ...
Doing warmup FFTs ...
Doing warmup FFTs ...
Doing warmup FFTs ...
Doing warmup FFTs ...
Doing warmup FFTs ...
Doing warmup FFTs ...
Doing warmup FFTs ...
Doing warmup FFTs ...
Doing warmup FFTs ...
Doing warmup FFTs ...
Doing warmup FFTs ...
Doing warmup FFTs ...
Doing warmup FFTs ...
Doing warmup FFTs ...
Doing warmup FFTs ...
Doing warmup FFTs ...
Doing warmup FFTs ...
Doing warmup FFTs ...
Doing warmup FFTs ...
Doing warmup FFTs ...
Doing warmup FFTs ...
Doing warmup FFTs ...
Doing warmup FFTs ...
Doing warmup FFTs ...
Doing warmup FFTs ...
Doing warmup FFTs ...
Doing warmup FFTs ...
Doing warmup FFTs ...
Doing warmup FFTs ...
Doing warmup FFTs ...
Doing warmup FFTs ...
Doing warmup FFTs ...
Doing warmup FFTs ...
Doing warmup FFTs ...
Doing warmup FFTs ...
Doing warmup FFTs ...
Doing warmup FFTs ...
Doing warmup FFTs ...
Doing warmup FFTs ...
Doing warmup FFTs ...
Doing warmup FFTs ...
Doing warmup FFTs ...
Doing warmup FFTs ...
Doing warmup FFTs ...
Doing warmup FFTs ...
Doing warmup FFTs ...
Doing warmup FFTs ...
Doing warmup FFTs ...
Doing warmup FFTs ...
Doing warmup FFTs ...
Doing warmup FFTs ...
Doing warmup FFTs ...
Doing warmup FFTs ...
Doing warmup FFTs ...
Doing warmup FFTs ...
Doing warmup FFTs ...
Doing warmup FFTs ...
Doing warmup FFTs ...
Doing warmup FFTs ...
Doing warmup FFTs ...
Doing warmup FFTs ...
Doing warmup FFTs ...
Doing warmup FFTs ...
Doing warmup FFTs ...
Doing warmup FFTs ...
Doing warmup FFTs ...
Doing warmup FFTs ...
Doing warmup FFTs ...
Doing warmup FFTs ...
Doing warmup FFTs ...
Doing warmup FFTs ...
Doing warmup FFTs ...
Doing warmup FFTs ...
Doing warmup FFTs ...
Doing warmup FFTs ...
Doing warmup FFTs ...
Doing warmup FFTs ...
Doing warmup FFTs ...
Doing warmup FFTs ...
Doing warmup FFTs ...
Doing warmup FFTs ...
Doing warmup FFTs ...
Doing warmup FFTs ...
Doing warmup FFTs ...
Doing warmup FFTs ...
Doing warmup FFTs ...
Doing warmup FFTs ...
Doing warmup FFTs ...
Doing warmup FFTs ...
Doing warmup FFTs ...
Doing warmup FFTs ...
Doing warmup FFTs ...
Doing warmup FFTs ...
Doing warmup FFTs ...
Doing warmup FFTs ...
Doing warmup FFTs ...
Doing warmup FFTs ...
Doing warmup FFTs ...
Doing warmup FFTs ...
Doing warmup FFTs ...
Doing warmup FFTs ...
Doing warmup FFTs ...
Doing warmup FFTs ...
Doing warmup FFTs ...
Doing warmup FFTs ...
Doing warmup FFTs ...
Doing warmup FFTs ...
Doing warmup FFTs ...
Doing warmup FFTs ...
Doing warmup FFTs ...
Doing warmup FFTs ...
Doing warmup FFTs ...
Doing warmup FFTs ...
Doing warmup FFTs ...
Doing warmup FFTs ...
Doing warmup FFTs ...
Doing warmup FFTs ...
Doing warmup FFTs ...
Doing warmup FFTs ...
Doing warmup FFTs ...
Doing warmup FFTs ...
Doing warmup FFTs ...
Doing warmup FFTs ...
Doing warmup FFTs ...
Doing warmup FFTs ...
Doing warmup FFTs ...
Doing warmup FFTs ...
Doing warmup FFTs ...
Doing warmup FFTs ...
Doing warmup FFTs ...
Doing warmup FFTs ...
Doing warmup FFTs ...
Doing warmup FFTs ...
Doing warmup FFTs ...
Doing warmup FFTs ...
Doing warmup FFTs ...
Doing warmup FFTs ...
Doing warmup FFTs ...
Doing warmup FFTs ...
Doing warmup FFTs ...
Doing warmup FFTs ...
Doing warmup FFTs ...
Doing warmup FFTs ...
Doing warmup FFTs ...
Doing warmup FFTs ...
Doing warmup FFTs ...
Doing warmup FFTs ...
Doing warmup FFTs ...
Doing warmup FFTs ...
Doing warmup FFTs ...
Doing warmup FFTs ...
Doing warmup FFTs ...
Doing warmup FFTs ...
Doing warmup FFTs ...
Doing warmup FFTs ...
Doing warmup FFTs ...
Doing warmup FFTs ...
Doing warmup FFTs ...
Doing warmup FFTs ...
Doing warmup FFTs ...
Doing warmup FFTs ...
Doing warmup FFTs ...
Doing warmup FFTs ...
Doing warmup FFTs ...
Doing warmup FFTs ...
Doing warmup FFTs ...
Doing warmup FFTs ...
Doing warmup FFTs ...
Doing warmup FFTs ...
Doing warmup FFTs ...
Doing warmup FFTs ...
Doing warmup FFTs ...
Doing warmup FFTs ...
Doing warmup FFTs ...
Doing warmup FFTs ...
Doing warmup FFTs ...
Doing warmup FFTs ...
Doing warmup FFTs ...
Doing warmup FFTs ...
Doing warmup FFTs ...
Doing warmup FFTs ...
Doing warmup FFTs ...
Doing warmup FFTs ...
Doing warmup FFTs ...
Doing warmup FFTs ...
Doing warmup FFTs ...
Doing warmup FFTs ...
Doing warmup FFTs ...
Doing warmup FFTs ...
Doing warmup FFTs ...
Doing warmup FFTs ...
Doing warmup FFTs ...
Doing warmup FFTs ...
Doing warmup FFTs ...
Doing warmup FFTs ...
Doing warmup FFTs ...
Doing warmup FFTs ...
Doing warmup FFTs ...
Doing warmup FFTs ...
Doing warmup FFTs ...
Doing warmup FFTs ...
Doing warmup FFTs ...
Doing warmup FFTs ...
Doing warmup FFTs ...
Doing warmup FFTs ...
Doing warmup FFTs ...
Doing warmup FFTs ...
Doing warmup FFTs ...
Doing warmup FFTs ...
Doing warmup FFTs ...
Doing warmup FFTs ...
Doing warmup FFTs ...
Doing warmup FFTs ...
Doing warmup FFTs ...
Doing warmup FFTs ...
Doing warmup FFTs ...
Doing warmup FFTs ...
Doing warmup FFTs ...
Doing warmup FFTs ...
Doing warmup FFTs ...
Doing warmup FFTs ...
Doing warmup FFTs ...
Doing warmup FFTs ...
Doing warmup FFTs ...
Doing warmup FFTs ...
Doing warmup FFTs ...
Doing warmup FFTs ...
Doing warmup FFTs ...
Doing warmup FFTs ...
Doing warmup FFTs ...
Doing warmup FFTs ...
Doing warmup FFTs ...
Doing warmup FFTs ...
Doing warmup FFTs ...
Doing warmup FFTs ...
Doing warmup FFTs ...
Doing warmup FFTs ...
Doing warmup FFTs ...
Doing warmup FFTs ...
Doing warmup FFTs ...
Doing warmup FFTs ...
Doing warmup FFTs ...
Doing warmup FFTs ...
Doing warmup FFTs ...
Doing warmup FFTs ...
Doing warmup FFTs ...
Doing warmup FFTs ...
Doing warmup FFTs ...
Doing warmup FFTs ...
Doing warmup FFTs ...
Doing warmup FFTs ...
Doing warmup FFTs ...
Doing warmup FFTs ...
Doing warmup FFTs ...
Doing warmup FFTs ...
Doing warmup FFTs ...
Doing warmup FFTs ...
Doing warmup FFTs ...
Doing warmup FFTs ...
Doing warmup FFTs ...
Doing warmup FFTs ...
Doing warmup FFTs ...
Doing warmup FFTs ...
Doing warmup FFTs ...
Doing warmup FFTs ...
Doing warmup FFTs ...
Doing warmup FFTs ...
Doing warmup FFTs ...
Doing warmup FFTs ...
Doing warmup FFTs ...
Doing warmup FFTs ...
Doing warmup FFTs ...
Doing warmup FFTs ...
Doing warmup FFTs ...
Doing warmup FFTs ...
Doing warmup FFTs ...
Doing warmup FFTs ...
Doing warmup FFTs ...
Doing warmup FFTs ...
Doing warmup FFTs ...
Doing warmup FFTs ...
Doing warmup FFTs ...
Doing warmup FFTs ...
Doing warmup FFTs ...
Doing warmup FFTs ...
Doing warmup FFTs ...
Doing warmup FFTs ...
Doing warmup FFTs ...
Doing warmup FFTs ...
Doing warmup FFTs ...
Doing warmup FFTs ...
Doing warmup FFTs ...
Doing warmup FFTs ...
Doing warmup FFTs ...
Doing warmup FFTs ...
Doing warmup FFTs ...
Doing warmup FFTs ...
Doing warmup FFTs ...
Doing warmup FFTs ...
Doing warmup FFTs ...
Doing warmup FFTs ...
Doing warmup FFTs ...
Doing warmup FFTs ...
Doing warmup FFTs ...
Doing warmup FFTs ...
Doing warmup FFTs ...
Doing warmup FFTs ...
Doing warmup FFTs ...
Doing warmup FFTs ...
Doing warmup FFTs ...
Doing warmup FFTs ...
Doing warmup FFTs ...
Doing warmup FFTs ...
Doing warmup FFTs ...
Doing warmup FFTs ...
Doing warmup FFTs ...
Doing warmup FFTs ...
Doing warmup FFTs ...
Doing warmup FFTs ...
Doing warmup FFTs ...
Doing warmup FFTs ...
Doing warmup FFTs ...
Doing warmup FFTs ...
Doing warmup FFTs ...
Doing warmup FFTs ...
Doing warmup FFTs ...
Doing warmup FFTs ...
Doing warmup FFTs ...
Doing warmup FFTs ...
Doing warmup FFTs ...
Doing warmup FFTs ...
Doing warmup FFTs ...
Doing warmup FFTs ...
Doing warmup FFTs ...
Doing warmup FFTs ...
Doing warmup FFTs ...
Doing warmup FFTs ...
Doing warmup FFTs ...
Doing warmup FFTs ...
Doing warmup FFTs ...
Doing warmup FFTs ...
Doing warmup FFTs ...
Doing warmup FFTs ...
Doing warmup FFTs ...
Doing warmup FFTs ...
Doing warmup FFTs ...
Doing warmup FFTs ...
Doing warmup FFTs ...
Doing warmup FFTs ...
Doing warmup FFTs ...
Doing warmup FFTs ...
Doing warmup FFTs ...
Doing warmup FFTs ...
Doing warmup FFTs ...
Doing warmup FFTs ...
Doing warmup FFTs ...
Doing warmup FFTs ...
Doing warmup FFTs ...
Doing warmup FFTs ...
Doing warmup FFTs ...
Doing warmup FFTs ...
Doing warmup FFTs ...
Doing warmup FFTs ...
Doing warmup FFTs ...
Doing warmup FFTs ...
Doing warmup FFTs ...
Doing warmup FFTs ...
Doing warmup FFTs ...
Doing warmup FFTs ...
Doing warmup FFTs ...
Doing warmup FFTs ...
Doing warmup FFTs ...
Doing warmup FFTs ...
Doing warmup FFTs ...
Doing warmup FFTs ...
Doing warmup FFTs ...
Doing warmup FFTs ...
Doing warmup FFTs ...
Doing warmup FFTs ...
Doing warmup FFTs ...
Doing warmup FFTs ...
Doing warmup FFTs ...
Doing warmup FFTs ...
Doing warmup FFTs ...
Doing warmup FFTs ...
Doing warmup FFTs ...
Doing warmup FFTs ...
Doing warmup FFTs ...
Doing warmup FFTs ...
Doing warmup FFTs ...
Doing warmup FFTs ...
Doing warmup FFTs ...
Doing warmup FFTs ...
Doing warmup FFTs ...
Doing warmup FFTs ...
Doing warmup FFTs ...
Doing warmup FFTs ...
Doing warmup FFTs ...
Doing warmup FFTs ...
Doing warmup FFTs ...
Doing warmup FFTs ...
Doing warmup FFTs ...
Doing warmup FFTs ...
Doing warmup FFTs ...
Doing warmup FFTs ...
Doing warmup FFTs ...
Doing warmup FFTs ...
Doing warmup FFTs ...
Doing warmup FFTs ...
Doing warmup FFTs ...
Doing warmup FFTs ...
Doing warmup FFTs ...
Doing warmup FFTs ...
Doing warmup FFTs ...
Doing warmup FFTs ...
Doing warmup FFTs ...
Doing warmup FFTs ...
Doing warmup FFTs ...
Doing warmup FFTs ...
Doing warmup FFTs ...
Doing warmup FFTs ...
Doing warmup FFTs ...
Doing warmup FFTs ...
Doing warmup FFTs ...
Doing warmup FFTs ...
Doing warmup FFTs ...
Doing warmup FFTs ...
Doing warmup FFTs ...
Doing warmup FFTs ...
Doing warmup FFTs ...
Doing warmup FFTs ...
Doing warmup FFTs ...
Doing warmup FFTs ...
Doing warmup FFTs ...
Doing warmup FFTs ...
Doing warmup FFTs ...
Doing warmup FFTs ...
Doing warmup FFTs ...
Doing warmup FFTs ...
Doing warmup FFTs ...
Doing warmup FFTs ...
Doing warmup FFTs ...
Doing warmup FFTs ...
Doing warmup FFTs ...
Doing warmup FFTs ...
Doing warmup FFTs ...
Doing warmup FFTs ...
Doing warmup FFTs ...
Doing warmup FFTs ...
Doing warmup FFTs ...
Doing warmup FFTs ...
Doing warmup FFTs ...
Doing warmup FFTs ...
Doing warmup FFTs ...
Doing warmup FFTs ...
Doing warmup FFTs ...
Doing warmup FFTs ...
Doing warmup FFTs ...
Doing warmup FFTs ...
Doing warmup FFTs ...
Doing warmup FFTs ...
Doing warmup FFTs ...
Doing warmup FFTs ...
Doing warmup FFTs ...
Doing warmup FFTs ...
Doing warmup FFTs ...
Doing warmup FFTs ...
Doing warmup FFTs ...
Doing warmup FFTs ...
Doing warmup FFTs ...
Doing warmup FFTs ...
Doing warmup FFTs ...
Doing warmup FFTs ...
Doing warmup FFTs ...
Doing warmup FFTs ...
Doing warmup FFTs ...
Doing warmup FFTs ...
Doing warmup FFTs ...
Doing warmup FFTs ...
Doing warmup FFTs ...
Doing warmup FFTs ...
Doing warmup FFTs ...
Doing warmup FFTs ...
Doing warmup FFTs ...
Doing warmup FFTs ...
Doing warmup FFTs ...
Doing warmup FFTs ...
Doing warmup FFTs ...
Doing warmup FFTs ...
Doing warmup FFTs ...
Doing warmup FFTs ...
Doing warmup FFTs ...
Doing warmup FFTs ...
Doing warmup FFTs ...
Doing warmup FFTs ...
Doing warmup FFTs ...
Doing warmup FFTs ...
Doing warmup FFTs ...
Doing warmup FFTs ...
Doing warmup FFTs ...
Doing FFTs ...
Doing FFTs ...
Doing FFTs ...
Doing FFTs ...
Doing FFTs ...
Doing FFTs ...
Doing FFTs ...
Doing FFTs ...
Doing FFTs ...
Doing FFTs ...
Doing FFTs ...
Doing FFTs ...
Doing FFTs ...
Doing FFTs ...
Doing FFTs ...
Doing FFTs ...
Doing FFTs ...
Doing FFTs ...
Doing FFTs ...
Doing FFTs ...
Doing FFTs ...
Doing FFTs ...
Doing FFTs ...
Doing FFTs ...
Doing FFTs ...
Doing FFTs ...
Doing FFTs ...
Doing FFTs ...
Doing FFTs ...
Doing FFTs ...
Doing FFTs ...
Doing FFTs ...
Doing FFTs ...
Doing FFTs ...
Doing FFTs ...
Doing FFTs ...
Doing FFTs ...
Doing FFTs ...
Doing FFTs ...
Doing FFTs ...
Doing FFTs ...
Doing FFTs ...
Doing FFTs ...
Doing FFTs ...
Doing FFTs ...
Doing FFTs ...
Doing FFTs ...
Doing FFTs ...
Doing FFTs ...
Doing FFTs ...
Doing FFTs ...
Doing FFTs ...
Doing FFTs ...
Doing FFTs ...
Doing FFTs ...
Doing FFTs ...
Doing FFTs ...
Doing FFTs ...
Doing FFTs ...
Doing FFTs ...
Doing FFTs ...
Doing FFTs ...
Doing FFTs ...
Doing FFTs ...
Doing FFTs ...
Doing FFTs ...
Doing FFTs ...
Doing FFTs ...
Doing FFTs ...
Doing FFTs ...
Doing FFTs ...
Doing FFTs ...
Doing FFTs ...
Doing FFTs ...
Doing FFTs ...
Doing FFTs ...
Doing FFTs ...
Doing FFTs ...
Doing FFTs ...
Doing FFTs ...
Doing FFTs ...
Doing FFTs ...
Doing FFTs ...
Doing FFTs ...
Doing FFTs ...
Doing FFTs ...
Doing FFTs ...
Doing FFTs ...
Doing FFTs ...
Doing FFTs ...
Doing FFTs ...
Doing FFTs ...
Doing FFTs ...
Doing FFTs ...
Doing FFTs ...
Doing FFTs ...
Doing FFTs ...
Doing FFTs ...
Doing FFTs ...
Doing FFTs ...
Doing FFTs ...
Doing FFTs ...
Doing FFTs ...
Doing FFTs ...
Doing FFTs ...
Doing FFTs ...
Doing FFTs ...
Doing FFTs ...
Doing FFTs ...
Doing FFTs ...
Doing FFTs ...
Doing FFTs ...
Doing FFTs ...
Doing FFTs ...
Doing FFTs ...
Doing FFTs ...
Doing FFTs ...
Doing FFTs ...
Doing FFTs ...
Doing FFTs ...
Doing FFTs ...
Doing FFTs ...
Doing FFTs ...
Doing FFTs ...
Doing FFTs ...
Doing FFTs ...
Doing FFTs ...
Doing FFTs ...
Doing FFTs ...
Doing FFTs ...
Doing FFTs ...
Doing FFTs ...
Doing FFTs ...
Doing FFTs ...
Doing FFTs ...
Doing FFTs ...
Doing FFTs ...
Doing FFTs ...
Doing FFTs ...
Doing FFTs ...
Doing FFTs ...
Doing FFTs ...
Doing FFTs ...
Doing FFTs ...
Doing FFTs ...
Doing FFTs ...
Doing FFTs ...
Doing FFTs ...
Doing FFTs ...
Doing FFTs ...
Doing FFTs ...
Doing FFTs ...
Doing FFTs ...
Doing FFTs ...
Doing FFTs ...
Doing FFTs ...
Doing FFTs ...
Doing FFTs ...
Doing FFTs ...
Doing FFTs ...
Doing FFTs ...
Doing FFTs ...
Doing FFTs ...
Doing FFTs ...
Doing FFTs ...
Doing FFTs ...
Doing FFTs ...
Doing FFTs ...
Doing FFTs ...
Doing FFTs ...
Doing FFTs ...
Doing FFTs ...
Doing FFTs ...
Doing FFTs ...
Doing FFTs ...
Doing FFTs ...
Doing FFTs ...
Doing FFTs ...
Doing FFTs ...
Doing FFTs ...
Doing FFTs ...
Doing FFTs ...
Doing FFTs ...
Doing FFTs ...
Doing FFTs ...
Doing FFTs ...
Doing FFTs ...
Doing FFTs ...
Doing FFTs ...
Doing FFTs ...
Doing FFTs ...
Doing FFTs ...
Doing FFTs ...
Doing FFTs ...
Doing FFTs ...
Doing FFTs ...
Doing FFTs ...
Doing FFTs ...
Doing FFTs ...
Doing FFTs ...
Doing FFTs ...
Doing FFTs ...
Doing FFTs ...
Doing FFTs ...
Doing FFTs ...
Doing FFTs ...
Doing FFTs ...
Doing FFTs ...
Doing FFTs ...
Doing FFTs ...
Doing FFTs ...
Doing FFTs ...
Doing FFTs ...
Doing FFTs ...
Doing FFTs ...
Doing FFTs ...
Doing FFTs ...
Doing FFTs ...
Doing FFTs ...
Doing FFTs ...
Doing FFTs ...
Doing FFTs ...
Doing FFTs ...
Doing FFTs ...
Doing FFTs ...
Doing FFTs ...
Doing FFTs ...
Doing FFTs ...
Doing FFTs ...
Doing FFTs ...
Doing FFTs ...
Doing FFTs ...
Doing FFTs ...
Doing FFTs ...
Doing FFTs ...
Doing FFTs ...
Doing FFTs ...
Doing FFTs ...
Doing FFTs ...
Doing FFTs ...
Doing FFTs ...
Doing FFTs ...
Doing FFTs ...
Doing FFTs ...
Doing FFTs ...
Doing FFTs ...
Doing FFTs ...
Doing FFTs ...
Doing FFTs ...
Doing FFTs ...
Doing FFTs ...
Doing FFTs ...
Doing FFTs ...
Doing FFTs ...
Doing FFTs ...
Doing FFTs ...
Doing FFTs ...
Doing FFTs ...
Doing FFTs ...
Doing FFTs ...
Doing FFTs ...
Doing FFTs ...
Doing FFTs ...
Doing FFTs ...
Doing FFTs ...
Doing FFTs ...
Doing FFTs ...
Doing FFTs ...
Doing FFTs ...
Doing FFTs ...
Doing FFTs ...
Doing FFTs ...
Doing FFTs ...
Doing FFTs ...
Doing FFTs ...
Doing FFTs ...
Doing FFTs ...
Doing FFTs ...
Doing FFTs ...
Doing FFTs ...
Doing FFTs ...
Doing FFTs ...
Doing FFTs ...
Doing FFTs ...
Doing FFTs ...
Doing FFTs ...
Doing FFTs ...
Doing FFTs ...
Doing FFTs ...
Doing FFTs ...
Doing FFTs ...
Doing FFTs ...
Doing FFTs ...
Doing FFTs ...
Doing FFTs ...
Doing FFTs ...
Doing FFTs ...
Doing FFTs ...
Doing FFTs ...
Doing FFTs ...
Doing FFTs ...
Doing FFTs ...
Doing FFTs ...
Doing FFTs ...
Doing FFTs ...
Doing FFTs ...
Doing FFTs ...
Doing FFTs ...
Doing FFTs ...
Doing FFTs ...
Doing FFTs ...
Doing FFTs ...
Doing FFTs ...
Doing FFTs ...
Doing FFTs ...
Doing FFTs ...
Doing FFTs ...
Doing FFTs ...
Doing FFTs ...
Doing FFTs ...
Doing FFTs ...
Doing FFTs ...
Doing FFTs ...
Doing FFTs ...
Doing FFTs ...
Doing FFTs ...
Doing FFTs ...
Doing FFTs ...
Doing FFTs ...
Doing FFTs ...
Doing FFTs ...
Doing FFTs ...
Doing FFTs ...
Doing FFTs ...
Doing FFTs ...
Doing FFTs ...
Doing FFTs ...
Doing FFTs ...
Doing FFTs ...
Doing FFTs ...
Doing FFTs ...
Doing FFTs ...
Doing FFTs ...
Doing FFTs ...
Doing FFTs ...
Doing FFTs ...
Doing FFTs ...
Doing FFTs ...
Doing FFTs ...
Doing FFTs ...
Doing FFTs ...
Doing FFTs ...
Doing FFTs ...
Doing FFTs ...
Doing FFTs ...
Doing FFTs ...
Doing FFTs ...
Doing FFTs ...
Doing FFTs ...
Doing FFTs ...
Doing FFTs ...
Doing FFTs ...
Doing FFTs ...
Doing FFTs ...
Doing FFTs ...
Doing FFTs ...
Doing FFTs ...
Doing FFTs ...
Doing FFTs ...
Doing FFTs ...
Doing FFTs ...
Doing FFTs ...
Doing FFTs ...
Doing FFTs ...
Doing FFTs ...
Doing FFTs ...
Doing FFTs ...
Doing FFTs ...
Doing FFTs ...
Doing FFTs ...
Doing FFTs ...
Doing FFTs ...
Doing FFTs ...
Doing FFTs ...
Doing FFTs ...
Doing FFTs ...
Doing FFTs ...
Doing FFTs ...
Doing FFTs ...
Doing FFTs ...
Doing FFTs ...
Doing FFTs ...
Doing FFTs ...
Doing FFTs ...
Doing FFTs ...
Doing FFTs ...
Doing FFTs ...
Doing FFTs ...
Doing FFTs ...
Doing FFTs ...
Doing FFTs ...
Doing FFTs ...
Doing FFTs ...
Doing FFTs ...
Doing FFTs ...
Doing FFTs ...
Doing FFTs ...
Doing FFTs ...
Doing FFTs ...
Doing FFTs ...
Doing FFTs ...
Doing FFTs ...
Doing FFTs ...
Doing FFTs ...
Doing FFTs ...
Doing FFTs ...
Doing FFTs ...
Doing FFTs ...
Doing FFTs ...
Doing FFTs ...
Doing FFTs ...
Doing FFTs ...
Doing FFTs ...
Doing FFTs ...
Doing FFTs ...
Doing FFTs ...
Doing FFTs ...
Doing FFTs ...
Doing FFTs ...
Doing FFTs ...
Doing FFTs ...
Doing FFTs ...
Doing FFTs ...
Doing FFTs ...
Doing FFTs ...
Doing FFTs ...
Doing FFTs ...
Doing FFTs ...
Doing FFTs ...
Doing FFTs ...
Doing FFTs ...
Doing FFTs ...
Doing FFTs ...
Doing FFTs ...
Doing FFTs ...
Doing FFTs ...
Doing FFTs ...
Doing FFTs ...
Doing FFTs ...
Doing FFTs ...
Doing FFTs ...
Doing FFTs ...
Doing FFTs ...
Doing FFTs ...
Doing FFTs ...
Doing FFTs ...
Doing FFTs ...
Doing FFTs ...
Doing FFTs ...
Doing FFTs ...
Doing FFTs ...
Doing FFTs ...
Doing FFTs ...
Doing FFTs ...
Doing FFTs ...
Doing FFTs ...
Doing FFTs ...
Doing FFTs ...
Doing FFTs ...
Doing FFTs ...
Doing FFTs ...
Doing FFTs ...
Doing FFTs ...
Doing FFTs ...
Doing FFTs ...
Doing FFTs ...
Doing FFTs ...
Doing FFTs ...
Doing FFTs ...
Doing FFTs ...
Doing FFTs ...
Doing FFTs ...
Doing FFTs ...
Doing FFTs ...
Doing FFTs ...
Doing FFTs ...
Doing FFTs ...
Doing FFTs ...
Doing FFTs ...
Doing FFTs ...
Doing FFTs ...
Doing FFTs ...
Doing FFTs ...
Doing FFTs ...
Doing FFTs ...
Doing FFTs ...
Doing FFTs ...
Doing FFTs ...
Doing FFTs ...
Doing FFTs ...
Doing FFTs ...
Doing FFTs ...
Doing FFTs ...
Doing FFTs ...
Doing FFTs ...
Doing FFTs ...
Doing FFTs ...
Doing FFTs ...
Doing FFTs ...
Doing FFTs ...
Doing FFTs ...
Doing FFTs ...
Doing FFTs ...
Doing FFTs ...
Doing FFTs ...
Doing FFTs ...
Doing FFTs ...
Doing FFTs ...
Doing FFTs ...
Doing FFTs ...
Doing FFTs ...
Doing FFTs ...
Doing FFTs ...
Doing FFTs ...
Doing FFTs ...
Doing FFTs ...
Doing FFTs ...
Doing FFTs ...
Doing FFTs ...
Doing FFTs ...
Doing FFTs ...
Doing FFTs ...
Doing FFTs ...
Doing FFTs ...
Doing FFTs ...
Doing FFTs ...
Doing FFTs ...
Doing FFTs ...
Doing FFTs ...
Doing FFTs ...
Doing FFTs ...
Doing FFTs ...
Doing FFTs ...
Doing FFTs ...
Doing FFTs ...
Doing FFTs ...
Doing FFTs ...
Doing FFTs ...
Doing FFTs ...
Doing FFTs ...
Doing FFTs ...
Doing FFTs ...
Doing FFTs ...
Doing FFTs ...
Doing FFTs ...
Doing FFTs ...
Doing FFTs ...
Doing FFTs ...
Doing FFTs ...
Doing FFTs ...
Doing FFTs ...
Doing FFTs ...
Doing FFTs ...
Doing FFTs ...
Doing FFTs ...
Doing FFTs ...
Doing FFTs ...
Doing FFTs ...
Doing FFTs ...
Doing FFTs ...
Doing FFTs ...
Doing FFTs ...
Doing FFTs ...
Doing FFTs ...
Doing FFTs ...
Doing FFTs ...
Doing FFTs ...
Doing FFTs ...
Doing FFTs ...
Doing FFTs ...
Doing FFTs ...
Doing FFTs ...
Doing FFTs ...
Doing FFTs ...
Doing FFTs ...
Doing FFTs ...
Doing FFTs ...
Doing FFTs ...
Doing FFTs ...
Doing FFTs ...
Doing FFTs ...
Doing FFTs ...
Doing FFTs ...
Doing FFTs ...
Doing FFTs ...
Doing FFTs ...
Doing FFTs ...
Doing FFTs ...
Doing FFTs ...
Doing FFTs ...
Doing FFTs ...
Doing FFTs ...
Doing FFTs ...
Doing FFTs ...
Doing FFTs ...
Doing FFTs ...
Doing FFTs ...
Doing FFTs ...
Doing FFTs ...
Doing FFTs ...
Doing FFTs ...
Doing FFTs ...
Doing FFTs ...
Doing FFTs ...
Doing FFTs ...
Doing FFTs ...
Doing FFTs ...
Doing FFTs ...
Doing FFTs ...
Doing FFTs ...
Doing FFTs ...
Doing FFTs ...
Doing FFTs ...
Doing FFTs ...
Doing FFTs ...
Doing FFTs ...
Doing FFTs ...
Doing FFTs ...
Doing FFTs ...
Doing FFTs ...
Doing FFTs ...
Doing FFTs ...
Doing FFTs ...
Doing FFTs ...
Doing FFTs ...
Doing FFTs ...
Doing FFTs ...
Doing FFTs ...
Doing FFTs ...
Doing FFTs ...
Doing FFTs ...
Doing FFTs ...
Doing FFTs ...
Doing FFTs ...
Doing FFTs ...
Doing FFTs ...
Doing FFTs ...
Doing FFTs ...
Doing FFTs ...
Doing FFTs ...
Doing FFTs ...
Doing FFTs ...
Doing FFTs ...
Doing FFTs ...
Doing FFTs ...
Doing FFTs ...
Doing FFTs ...
Doing FFTs ...
Doing FFTs ...
Doing FFTs ...
Doing FFTs ...
Doing FFTs ...
Doing FFTs ...
Doing FFTs ...
Doing FFTs ...
Doing FFTs ...
Doing FFTs ...
Doing FFTs ...
Doing FFTs ...
Doing FFTs ...
Doing FFTs ...
Doing FFTs ...
Doing FFTs ...
Doing FFTs ...
Doing FFTs ...
Doing FFTs ...
Doing FFTs ...
Doing FFTs ...
Doing FFTs ...
Doing FFTs ...
Doing FFTs ...
Doing FFTs ...
Doing FFTs ...
Doing FFTs ...
Doing FFTs ...
Doing FFTs ...
Doing FFTs ...
Doing FFTs ...
Doing FFTs ...
Doing FFTs ...
Doing FFTs ...
Doing FFTs ...
Doing FFTs ...
Doing FFTs ...
Doing FFTs ...
Doing FFTs ...
Doing FFTs ...
Doing FFTs ...
Doing FFTs ...
Doing FFTs ...
Doing FFTs ...
Doing FFTs ...
Doing FFTs ...
Doing FFTs ...
Doing FFTs ...
Doing FFTs ...
Doing FFTs ...
Doing FFTs ...
Doing FFTs ...
Doing FFTs ...
Doing FFTs ...
Doing FFTs ...
Doing FFTs ...
Doing FFTs ...
Doing FFTs ...
Doing FFTs ...
Doing FFTs ...
Doing FFTs ...
Doing FFTs ...
Doing FFTs ...
Doing FFTs ...
Doing FFTs ...
Doing FFTs ...
Doing FFTs ...
Doing FFTs ...
Doing FFTs ...
Doing FFTs ...
Doing FFTs ...
Doing FFTs ...
Doing FFTs ...
Doing FFTs ...
Doing FFTs ...
Doing FFTs ...
Doing FFTs ...
Doing FFTs ...
Doing FFTs ...
Doing FFTs ...
Doing FFTs ...
Doing FFTs ...
Doing FFTs ...
Doing FFTs ...
Doing FFTs ...
Doing FFTs ...
Doing FFTs ...
Doing FFTs ...
Doing FFTs ...
Doing FFTs ...
Doing FFTs ...
Doing FFTs ...
Doing FFTs ...
Doing FFTs ...
Doing FFTs ...
Doing FFTs ...
Doing FFTs ...
Doing FFTs ...
Doing FFTs ...
Doing FFTs ...
Doing FFTs ...
Doing FFTs ...
Doing FFTs ...
Doing FFTs ...
Doing FFTs ...
Doing FFTs ...
Doing FFTs ...
Doing FFTs ...
Doing FFTs ...
Doing FFTs ...
Doing FFTs ...
Doing FFTs ...
Doing FFTs ...
Doing FFTs ...
Doing FFTs ...
Doing FFTs ...
Doing FFTs ...
Doing FFTs ...
Doing FFTs ...
Doing FFTs ...
Doing FFTs ...
Doing FFTs ...
Doing FFTs ...
Doing FFTs ...
Doing FFTs ...
Doing FFTs ...
Doing FFTs ...
Doing FFTs ...
Doing FFTs ...
Doing FFTs ...
Doing FFTs ...
Doing FFTs ...
Doing FFTs ...
Doing FFTs ...
Doing FFTs ...
Doing FFTs ...
Doing FFTs ...
Doing FFTs ...
Doing FFTs ...
Doing FFTs ...
Doing FFTs ...
Doing FFTs ...
Doing FFTs ...
Doing FFTs ...
Doing FFTs ...
Doing FFTs ...
Doing FFTs ...
Doing FFTs ...
Doing FFTs ...
Doing FFTs ...
Doing FFTs ...
Doing FFTs ...
Doing FFTs ...
Doing FFTs ...
Doing FFTs ...
Doing FFTs ...
Doing FFTs ...
Doing FFTs ...
Doing FFTs ...
Doing FFTs ...
Doing FFTs ...
Doing FFTs ...
Doing FFTs ...
Doing FFTs ...
Doing FFTs ...
Doing FFTs ...
Doing FFTs ...
Doing FFTs ...
Doing FFTs ...
Doing FFTs ...
Doing FFTs ...
Doing FFTs ...
Doing FFTs ...
Doing FFTs ...
Doing FFTs ...
Doing FFTs ...
Doing FFTs ...
Doing FFTs ...
Doing FFTs ...
Doing FFTs ...
Doing FFTs ...
Doing FFTs ...
Doing FFTs ...
Doing FFTs ...
Doing FFTs ...
Doing FFTs ...
Doing FFTs ...
Doing FFTs ...
Doing FFTs ...
Doing FFTs ...
Doing FFTs ...
Doing FFTs ...
Doing FFTs ...
Doing FFTs ...
Doing FFTs ...
Doing FFTs ...
Doing FFTs ...
Doing FFTs ...
Doing FFTs ...
Doing FFTs ...
Doing FFTs ...
Doing FFTs ...
Doing FFTs ...
Doing FFTs ...
Doing FFTs ...
Doing FFTs ...
Doing FFTs ...
Doing FFTs ...
Doing FFTs ...
Doing FFTs ...
Doing FFTs ...
Doing FFTs ...
Doing FFTs ...
Doing FFTs ...
Doing FFTs ...
Doing FFTs ...
Doing FFTs ...
Doing FFTs ...
Doing FFTs ...
Doing FFTs ...
Doing FFTs ...
Doing FFTs ...
Doing FFTs ...
Doing FFTs ...
Doing FFTs ...
Doing FFTs ...
Doing FFTs ...
Doing FFTs ...
Doing FFTs ...
Doing FFTs ...
Doing FFTs ...
Doing FFTs ...
Doing FFTs ...
Doing FFTs ...
Doing FFTs ...
Doing FFTs ...
Doing FFTs ...
Doing FFTs ...
Doing FFTs ...
Doing FFTs ...
Doing FFTs ...
Doing FFTs ...
Doing FFTs ...
Doing FFTs ...
Doing FFTs ...
Doing FFTs ...
Doing FFTs ...
Doing FFTs ...
Doing FFTs ...
Doing FFTs ...
Doing FFTs ...
Doing FFTs ...
Doing FFTs ...
Doing FFTs ...
Doing FFTs ...
Doing FFTs ...
Doing FFTs ...
Doing FFTs ...
Doing FFTs ...
Doing FFTs ...
Doing FFTs ...
Doing FFTs ...
Doing FFTs ...
Doing FFTs ...
Doing FFTs ...
Doing FFTs ...
Doing FFTs ...
Doing FFTs ...
Doing FFTs ...
Doing FFTs ...
Doing FFTs ...
Doing FFTs ...
Doing FFTs ...
Doing FFTs ...
Doing FFTs ...
Doing FFTs ...
Doing FFTs ...
Doing FFTs ...
Doing FFTs ...
Doing FFTs ...
Doing FFTs ...
Doing FFTs ...
Doing FFTs ...
Doing FFTs ...
Doing FFTs ...
Doing FFTs ...
Doing FFTs ...
Doing FFTs ...
Doing FFTs ...
Doing FFTs ...
Doing FFTs ...
Doing FFTs ...
Doing FFTs ...
Doing FFTs ...
Doing FFTs ...
Doing FFTs ...
Doing FFTs ...
Doing FFTs ...
Doing FFTs ...
Doing FFTs ...
Doing FFTs ...
Doing FFTs ...
Doing FFTs ...
Doing FFTs ...
Doing FFTs ...
Doing FFTs ...
Doing FFTs ...
Doing FFTs ...
Doing FFTs ...
Doing FFTs ...
Doing FFTs ...
Doing FFTs ...
Doing FFTs ...
Doing FFTs ...
Doing FFTs ...
Doing FFTs ...
Doing FFTs ...
Doing FFTs ...
Doing FFTs ...
Doing FFTs ...
Doing FFTs ...
Doing FFTs ...
Doing FFTs ...
Doing FFTs ...
Doing FFTs ...
Doing FFTs ...
Doing FFTs ...
Doing FFTs ...
Doing FFTs ...
Doing FFTs ...
Doing FFTs ...
Doing FFTs ...
Doing FFTs ...
Doing FFTs ...
Doing FFTs ...
Doing FFTs ...
Doing FFTs ...
Doing FFTs ...
Doing FFTs ...
Doing FFTs ...
Doing FFTs ...
Doing FFTs ...
Doing FFTs ...
Doing FFTs ...
Doing FFTs ...
Doing FFTs ...
Doing FFTs ...
Doing FFTs ...
Doing FFTs ...
Doing FFTs ...
Doing FFTs ...
Doing FFTs ...
Doing FFTs ...
Doing FFTs ...
Doing FFTs ...
Doing FFTs ...
Doing FFTs ...
Doing FFTs ...
Doing FFTs ...
Doing FFTs ...
Doing FFTs ...
Doing FFTs ...
Doing FFTs ...
Doing FFTs ...
Doing FFTs ...
Doing FFTs ...
Doing FFTs ...
ParaFaFT: mean=2.8284s, std=0.0437852s
FFTW:     mean=5.19233s, std=0.689024s
CSV written to bench_r2c.csv
>> wrote /pc2/users/c/csdcan02/scratch/Franz/parafaft/benchmark/cluster/results/strong_cpu/N2048_n8_33701724/bench_r2c.csv
